node_id,node_type,title,mode,order,input_count,output_count,upstream_of_enabled_terminal,cnr_id,cnr_version,wave42_lora_library_node,engine,category,scene_role,status,verification_tier,deploy_tier,disabled_by_default,already_active_in_main_chain
1,Note,,0,0,0,0,no,,,,,,,,,,,
16,EmptyLatentImage,,0,1,0,1,yes,comfy-core,0.26.0,,,,,,,,,
17,KSampler,,0,327,4,1,yes,comfy-core,0.26.0,,,,,,,,,
18,VAEDecode,,0,335,2,1,yes,comfy-core,0.26.0,,,,,,,,,
19,SaveImage,,0,343,1,1,yes,comfy-core,0.26.0,,,,,,,,,
20,PreviewImage,,0,344,1,1,yes,comfy-core,0.26.0,,,,,,,,,
30,UNETLoader,,0,2,0,1,yes,comfy-core,0.26.0,,,,,,,,,
31,ModelSamplingAuraFlow,,0,303,1,1,yes,comfy-core,0.26.0,,,,,,,,,
32,CLIPLoader,,0,3,0,1,yes,comfy-core,0.26.0,,,,,,,,,
34,CLIPTextEncode,,0,305,1,1,yes,comfy-core,0.26.0,,,,,,,,,
35,EmptySD3LatentImage,,0,4,0,1,yes,comfy-core,0.26.0,,,,,,,,,
36,KSampler,,0,313,4,1,yes,comfy-core,0.26.0,,,,,,,,,
37,VAELoader,,0,5,0,1,yes,comfy-core,0.26.0,,,,,,,,,
38,VAEDecode,,0,324,2,1,yes,comfy-core,0.26.0,,,,,,,,,
39,SaveImage,,0,330,1,1,yes,comfy-core,0.26.0,,,,,,,,,
60,UpscaleModelLoader,,0,6,0,1,yes,comfy-core,0.26.0,,,,,,,,,
61,ImageUpscaleWithModel,,0,345,2,1,yes,comfy-core,0.26.0,,,,,,,,,
62,SaveImage,,0,350,1,1,yes,comfy-core,0.26.0,,,,,,,,,
63,PreviewImage,,0,351,1,1,yes,comfy-core,0.26.0,,,,,,,,,
82,VAEEncodeForInpaint,,0,312,3,1,yes,comfy-core,0.26.0,,,,,,,,,
84,CLIPTextEncode,,0,319,1,1,yes,comfy-core,0.26.0,,,,,,,,,
85,KSampler,,0,328,4,1,yes,comfy-core,0.26.0,,,,,,,,,
86,VAEDecode,,0,336,2,1,yes,comfy-core,0.26.0,,,,,,,,,
87,SaveImage,,0,346,1,1,yes,comfy-core,0.26.0,,,,,,,,,
88,PreviewImage,,0,347,1,1,yes,comfy-core,0.26.0,,,,,,,,,
90,VAEEncode,,0,332,2,1,yes,comfy-core,0.26.0,,,,,,,,,
92,CLIPTextEncode,,0,321,1,1,yes,comfy-core,0.26.0,,,,,,,,,
93,KSampler,,0,338,4,1,yes,comfy-core,0.26.0,,,,,,,,,
94,VAEDecode,,0,349,2,1,yes,comfy-core,0.26.0,,,,,,,,,
95,SaveImage,,0,354,1,1,yes,comfy-core,0.26.0,,,,,,,,,
96,PreviewImage,,0,355,1,1,yes,comfy-core,0.26.0,,,,,,,,,
100,CheckpointLoaderSimple,,0,7,0,3,yes,comfy-core,0.26.0,,,,,,,,,
101,ModelSamplingFlux,,0,306,1,1,yes,comfy-core,0.26.0,,,,,,,,,
103,ConditioningZeroOut,,0,314,1,1,yes,comfy-core,0.26.0,,,,,,,,,
104,EmptySD3LatentImage,,0,8,0,1,yes,comfy-core,0.26.0,,,,,,,,,
105,KSampler,,0,325,4,1,yes,comfy-core,0.26.0,,,,,,,,,
106,VAEDecode,,0,333,2,1,yes,comfy-core,0.26.0,,,,,,,,,
107,SaveImage,,0,339,1,1,yes,comfy-core,0.26.0,,,,,,,,,
108,PreviewImage,,0,340,1,1,yes,comfy-core,0.26.0,,,,,,,,,
112,IPAdapter,,0,315,4,1,yes,comfyui_ipadapter_plus,a0f451a5113cf9becb0847b92884cb10cbdec0ef,,,,,,,,,
114,CLIPTextEncode,,0,311,1,1,yes,comfy-core,0.26.0,,,,,,,,,
115,EmptyLatentImage,,0,9,0,1,yes,comfy-core,0.26.0,,,,,,,,,
116,KSampler,,0,326,4,1,yes,comfy-core,0.26.0,,,,,,,,,
117,VAEDecode,,0,334,2,1,yes,comfy-core,0.26.0,,,,,,,,,
119,PreviewImage,,0,342,1,1,yes,comfy-core,0.26.0,,,,,,,,,
120,ControlNetLoader,,0,10,0,1,yes,comfy-core,0.26.0,,,,,,,,,
124,ControlNetApplyAdvanced,,0,329,5,2,yes,comfy-core,0.26.0,,,,,,,,,
125,EmptyLatentImage,,0,11,0,1,yes,comfy-core,0.26.0,,,,,,,,,
126,KSampler,,0,337,4,1,yes,comfy-core,0.26.0,,,,,,,,,
127,VAEDecode,,0,348,2,1,yes,comfy-core,0.26.0,,,,,,,,,
128,SaveImage,,0,352,1,1,yes,comfy-core,0.26.0,,,,,,,,,
129,PreviewImage,,0,353,1,1,yes,comfy-core,0.26.0,,,,,,,,,
70,Note,,0,12,0,0,no,,,,,,,,,,,
71,Note,,0,13,0,0,no,,,,,,,,,,,
72,Note,,0,14,0,0,no,,,,,,,,,,,
73,Note,,0,15,0,0,no,,,,,,,,,,,
74,Note,,0,16,0,0,no,,,,,,,,,,,
130,Note,,0,17,0,0,no,,,,,,,,,,,
131,Note,,0,18,0,0,no,,,,,,,,,,,
132,Note,,0,19,0,0,no,,,,,,,,,,,
133,Note,,0,20,0,0,no,,,,,,,,,,,
134,Note,,0,21,0,0,no,,,,,,,,,,,
135,Note,,0,22,0,0,no,,,,,,,,,,,
136,Note,,0,23,0,0,no,,,,,,,,,,,
137,LoraLoader,W42-SDXL-0028 | body_acts,2,24,2,2,no,comfy-core,0.26.0,True,sdxl,body_acts,body_act,installed,installed,canonical,True,False
138,LoraLoader,W42-SDXL-0059 | body_acts,2,25,2,2,no,comfy-core,0.26.0,True,sdxl,body_acts,body_act,installed,installed,canonical,True,False
139,LoraLoader,W42-SDXL-0174 | body_acts,2,26,2,2,no,comfy-core,0.26.0,True,sdxl,body_acts,body_act,installed,installed,canonical,True,False
140,LoraLoader,W42-SDXL-0215 | body_acts,2,27,2,2,no,comfy-core,0.26.0,True,sdxl,body_acts,body_act,installed,installed,canonical,True,False
141,LoraLoader,W42-SDXL-0236 | body_acts,2,28,2,2,no,comfy-core,0.26.0,True,sdxl,body_acts,body_act,installed,installed,canonical,True,False
142,LoraLoader,W42-SDXL-0238 | body_acts,2,29,2,2,no,comfy-core,0.26.0,True,sdxl,body_acts,body_act,installed,installed,canonical,True,False
143,LoraLoader,W42-SDXL-0240 | body_acts,2,30,2,2,no,comfy-core,0.26.0,True,sdxl,body_acts,body_act,installed,installed,canonical,True,False
144,LoraLoader,W42-SDXL-0254 | body_acts,2,31,2,2,no,comfy-core,0.26.0,True,sdxl,body_acts,body_act,installed,installed,canonical,True,False
145,LoraLoader,W42-SDXL-0283 | body_acts,2,32,2,2,no,comfy-core,0.26.0,True,sdxl,body_acts,body_act,installed,installed,canonical,True,False
146,LoraLoader,W42-SDXL-0021 | body_body_parts,2,33,2,2,no,comfy-core,0.26.0,True,sdxl,body_body_parts,body_body_part,installed,installed,canonical,True,False
147,LoraLoader,W42-SDXL-0023 | body_body_parts,2,34,2,2,no,comfy-core,0.26.0,True,sdxl,body_body_parts,body_body_part,installed,installed,canonical,True,False
148,LoraLoader,W42-SDXL-0024 | body_body_parts,2,35,2,2,no,comfy-core,0.26.0,True,sdxl,body_body_parts,body_body_part,installed,installed,canonical,True,False
149,LoraLoader,W42-SDXL-0027 | body_body_parts,2,36,2,2,no,comfy-core,0.26.0,True,sdxl,body_body_parts,body_body_part,installed,installed,canonical,True,False
150,LoraLoader,W42-SDXL-0052 | body_body_parts,2,37,2,2,no,comfy-core,0.26.0,True,sdxl,body_body_parts,body_body_part,installed,installed,canonical,True,False
151,LoraLoader,W42-SDXL-0070 | body_body_parts,2,38,2,2,no,comfy-core,0.26.0,True,sdxl,body_body_parts,body_body_part,installed,installed,canonical,True,False
152,LoraLoader,W42-SDXL-0072 | body_body_parts,2,39,2,2,no,comfy-core,0.26.0,True,sdxl,body_body_parts,body_body_part,installed,installed,canonical,True,False
153,LoraLoader,W42-SDXL-0154 | body_body_parts,2,40,2,2,no,comfy-core,0.26.0,True,sdxl,body_body_parts,body_body_part,installed,installed,canonical,True,False
154,LoraLoader,W42-SDXL-0175 | body_body_parts,2,41,2,2,no,comfy-core,0.26.0,True,sdxl,body_body_parts,body_body_part,installed,installed,canonical,True,False
155,LoraLoader,W42-SDXL-0191 | body_body_parts,2,42,2,2,no,comfy-core,0.26.0,True,sdxl,body_body_parts,body_body_part,installed,installed,canonical,True,False
156,LoraLoader,W42-SDXL-0193 | body_body_parts,2,43,2,2,no,comfy-core,0.26.0,True,sdxl,body_body_parts,body_body_part,installed,installed,canonical,True,False
157,LoraLoader,W42-SDXL-0195 | body_body_parts,2,44,2,2,no,comfy-core,0.26.0,True,sdxl,body_body_parts,body_body_part,installed,installed,canonical,True,False
158,LoraLoader,W42-SDXL-0206 | body_body_parts,2,45,2,2,no,comfy-core,0.26.0,True,sdxl,body_body_parts,body_body_part,installed,installed,canonical,True,False
159,LoraLoader,W42-SDXL-0208 | body_body_parts,2,46,2,2,no,comfy-core,0.26.0,True,sdxl,body_body_parts,body_body_part,installed,installed,canonical,True,False
160,LoraLoader,W42-SDXL-0209 | body_body_parts,2,47,2,2,no,comfy-core,0.26.0,True,sdxl,body_body_parts,body_body_part,installed,installed,canonical,True,False
161,LoraLoader,W42-SDXL-0230 | body_body_parts,2,48,2,2,no,comfy-core,0.26.0,True,sdxl,body_body_parts,body_body_part,installed,installed,canonical,True,False
162,LoraLoader,W42-SDXL-0244 | body_body_parts,2,49,2,2,no,comfy-core,0.26.0,True,sdxl,body_body_parts,body_body_part,installed,installed,canonical,True,False
163,LoraLoader,W42-SDXL-0245 | body_body_parts,2,50,2,2,no,comfy-core,0.26.0,True,sdxl,body_body_parts,body_body_part,installed,installed,canonical,True,False
164,LoraLoader,W42-SDXL-0246 | body_body_parts,2,51,2,2,no,comfy-core,0.26.0,True,sdxl,body_body_parts,body_body_part,installed,installed,canonical,True,False
165,LoraLoader,W42-SDXL-0258 | body_body_parts,2,52,2,2,no,comfy-core,0.26.0,True,sdxl,body_body_parts,body_body_part,installed,installed,canonical,True,False
166,LoraLoader,W42-SDXL-0266 | body_body_parts,2,53,2,2,no,comfy-core,0.26.0,True,sdxl,body_body_parts,body_body_part,installed,installed,canonical,True,False
167,LoraLoader,W42-SDXL-0299 | body_body_parts,2,54,2,2,no,comfy-core,0.26.0,True,sdxl,body_body_parts,body_body_part,installed,installed,canonical,True,False
168,LoraLoader,W42-SDXL-0307 | body_body_parts,2,55,2,2,no,comfy-core,0.26.0,True,sdxl,body_body_parts,body_body_part,installed,installed,canonical,True,False
169,LoraLoader,W42-SDXL-0317 | body_body_parts,2,56,2,2,no,comfy-core,0.26.0,True,sdxl,body_body_parts,body_body_part,installed,installed,canonical,True,False
170,LoraLoader,W42-SDXL-0320 | body_body_parts,2,57,2,2,no,comfy-core,0.26.0,True,sdxl,body_body_parts,body_body_part,installed,installed,canonical,True,False
171,LoraLoader,W42-SDXL-0332 | body_body_parts,2,58,2,2,no,comfy-core,0.26.0,True,sdxl,body_body_parts,body_body_part,rejected_or_superseded,disabled,canonical,True,False
172,LoraLoader,W42-SDXL-0336 | body_body_parts,2,59,2,2,no,comfy-core,0.26.0,True,sdxl,body_body_parts,body_body_part,rejected_or_superseded,disabled,canonical,True,False
173,LoraLoader,W42-SDXL-0337 | body_body_parts,2,60,2,2,no,comfy-core,0.26.0,True,sdxl,body_body_parts,body_body_part,rejected_or_superseded,disabled,canonical,True,False
174,LoraLoader,W42-SDXL-0339 | body_body_parts,2,61,2,2,no,comfy-core,0.26.0,True,sdxl,body_body_parts,body_body_part,rejected_or_superseded,disabled,canonical,True,False
175,LoraLoader,W42-SDXL-0346 | body_body_parts,2,62,2,2,no,comfy-core,0.26.0,True,sdxl,body_body_parts,body_body_part,rejected_or_superseded,disabled,canonical,True,False
176,LoraLoader,W42-SDXL-0354 | body_body_parts,2,63,2,2,no,comfy-core,0.26.0,True,sdxl,body_body_parts,body_body_part,rejected_or_superseded,disabled,canonical,True,False
177,LoraLoader,W42-SDXL-0356 | body_body_parts,2,64,2,2,no,comfy-core,0.26.0,True,sdxl,body_body_parts,body_body_part,rejected_or_superseded,disabled,canonical,True,False
178,LoraLoader,W42-SDXL-0358 | body_body_parts,2,65,2,2,no,comfy-core,0.26.0,True,sdxl,body_body_parts,body_body_part,rejected_or_superseded,disabled,canonical,True,False
179,LoraLoader,W42-SDXL-0054 | body_male,2,66,2,2,no,comfy-core,0.26.0,True,sdxl,body_male,body_male,installed,installed,canonical,True,False
180,LoraLoader,W42-SDXL-0147 | body_male,2,67,2,2,no,comfy-core,0.26.0,True,sdxl,body_male,body_male,installed,installed,canonical,True,False
181,LoraLoader,W42-SDXL-0149 | body_male,2,68,2,2,no,comfy-core,0.26.0,True,sdxl,body_male,body_male,installed,installed,canonical,True,False
182,LoraLoader,W42-SDXL-0190 | body_male,2,69,2,2,no,comfy-core,0.26.0,True,sdxl,body_male,body_male,installed,installed,canonical,True,False
183,LoraLoader,W42-SDXL-0277 | body_shape,2,70,2,2,no,comfy-core,0.26.0,True,sdxl,body_shape,body_shape,installed,installed,canonical,True,False
184,LoraLoader,W42-SDXL-0278 | body_shape,2,71,2,2,no,comfy-core,0.26.0,True,sdxl,body_shape,body_shape,installed,installed,canonical,True,False
185,LoraLoader,W42-SDXL-0265 | body_type_bbw_cellulite,2,72,2,2,no,comfy-core,0.26.0,True,sdxl,body_type_bbw_cellulite,body_shape,installed,installed,canonical,True,False
186,LoraLoader,W42-SDXL-0295 | body_type_bbw_cellulite,2,73,2,2,no,comfy-core,0.26.0,True,sdxl,body_type_bbw_cellulite,body_shape,installed,installed,canonical,True,False
187,LoraLoader,W42-SDXL-0303 | body_type_bbw_cellulite,2,74,2,2,no,comfy-core,0.26.0,True,sdxl,body_type_bbw_cellulite,body_shape,installed,installed,canonical,True,False
188,LoraLoader,W42-SDXL-0304 | body_type_bbw_cellulite,2,75,2,2,no,comfy-core,0.26.0,True,sdxl,body_type_bbw_cellulite,body_shape,installed,installed,canonical,True,False
189,LoraLoader,W42-SDXL-0305 | body_type_bbw_cellulite,2,76,2,2,no,comfy-core,0.26.0,True,sdxl,body_type_bbw_cellulite,body_shape,installed,installed,canonical,True,False
190,LoraLoader,W42-SDXL-0276 | body_type_latina,2,77,2,2,no,comfy-core,0.26.0,True,sdxl,body_type_latina,body_shape,installed,installed,canonical,True,False
191,LoraLoader,W42-SDXL-0309 | body_type_latina,2,78,2,2,no,comfy-core,0.26.0,True,sdxl,body_type_latina,body_shape,installed,installed,canonical,True,False
192,LoraLoader,W42-SDXL-0338 | body_type_latina,2,79,2,2,no,comfy-core,0.26.0,True,sdxl,body_type_latina,body_shape,rejected_or_superseded,disabled,canonical,True,False
193,LoraLoader,W42-SDXL-0340 | body_type_latina,2,80,2,2,no,comfy-core,0.26.0,True,sdxl,body_type_latina,body_shape,rejected_or_superseded,disabled,canonical,True,False
194,LoraLoader,W42-SDXL-0341 | body_type_latina,2,81,2,2,no,comfy-core,0.26.0,True,sdxl,body_type_latina,body_shape,rejected_or_superseded,disabled,canonical,True,False
195,LoraLoader,W42-SDXL-0352 | body_type_latina,2,82,2,2,no,comfy-core,0.26.0,True,sdxl,body_type_latina,body_shape,rejected_or_superseded,disabled,canonical,True,False
196,LoraLoader,W42-SDXL-0041 | clothing_fabric,2,83,2,2,no,comfy-core,0.26.0,True,sdxl,clothing_fabric,clothing_fabric,installed,installed,canonical,True,False
197,LoraLoader,W42-SDXL-0297 | clothing_fabric,2,84,2,2,no,comfy-core,0.26.0,True,sdxl,clothing_fabric,clothing_fabric,installed,installed,canonical,True,False
198,LoraLoader,W42-SDXL-0058 | cum_fluids,2,85,2,2,no,comfy-core,0.26.0,True,sdxl,cum_fluids,body_act,installed,installed,canonical,True,False
199,LoraLoader,W42-SDXL-0060 | cum_fluids,2,86,2,2,no,comfy-core,0.26.0,True,sdxl,cum_fluids,body_act,installed,installed,canonical,True,False
200,LoraLoader,W42-SDXL-0061 | cum_fluids,2,87,2,2,no,comfy-core,0.26.0,True,sdxl,cum_fluids,body_act,installed,installed,canonical,True,False
201,LoraLoader,W42-SDXL-0251 | cum_fluids,2,88,2,2,no,comfy-core,0.26.0,True,sdxl,cum_fluids,body_act,installed,installed,canonical,True,False
202,LoraLoader,W42-SDXL-0003 | experimental,2,89,2,2,no,comfy-core,0.26.0,True,sdxl,experimental,experimental,installed,installed,canonical,True,False
203,LoraLoader,W42-SDXL-0005 | experimental,2,90,2,2,no,comfy-core,0.26.0,True,sdxl,experimental,experimental,installed,installed,canonical,True,False
204,LoraLoader,W42-SDXL-0017 | experimental,2,91,2,2,no,comfy-core,0.26.0,True,sdxl,experimental,experimental,installed,installed,canonical,True,False
205,LoraLoader,W42-SDXL-0050 | experimental,2,92,2,2,no,comfy-core,0.26.0,True,sdxl,experimental,experimental,installed,installed,canonical,True,False
206,LoraLoader,W42-SDXL-0146 | experimental,2,93,2,2,no,comfy-core,0.26.0,True,sdxl,experimental,experimental,installed,installed,canonical,True,False
207,LoraLoader,W42-SDXL-0157 | experimental,2,94,2,2,no,comfy-core,0.26.0,True,sdxl,experimental,experimental,installed,installed,canonical,True,False
208,LoraLoader,W42-SDXL-0178 | experimental,2,95,2,2,no,comfy-core,0.26.0,True,sdxl,experimental,experimental,installed,installed,canonical,True,False
209,LoraLoader,W42-SDXL-0181 | experimental,2,96,2,2,no,comfy-core,0.26.0,True,sdxl,experimental,experimental,installed,installed,canonical,True,False
210,LoraLoader,W42-SDXL-0183 | experimental,2,97,2,2,no,comfy-core,0.26.0,True,sdxl,experimental,experimental,installed,installed,canonical,True,False
211,LoraLoader,W42-SDXL-0194 | experimental,2,98,2,2,no,comfy-core,0.26.0,True,sdxl,experimental,experimental,installed,installed,canonical,True,False
212,LoraLoader,W42-SDXL-0216 | experimental,2,99,2,2,no,comfy-core,0.26.0,True,sdxl,experimental,experimental,installed,installed,canonical,True,False
213,LoraLoader,W42-SDXL-0260 | experimental,2,100,2,2,no,comfy-core,0.26.0,True,sdxl,experimental,experimental,installed,installed,canonical,True,False
214,LoraLoader,W42-SDXL-0271 | experimental,2,101,2,2,no,comfy-core,0.26.0,True,sdxl,experimental,experimental,installed,installed,canonical,True,False
215,LoraLoader,W42-SDXL-0291 | experimental,2,102,2,2,no,comfy-core,0.26.0,True,sdxl,experimental,experimental,installed,installed,canonical,True,False
216,LoraLoader,W42-SDXL-0331 | experimental,2,103,2,2,no,comfy-core,0.26.0,True,sdxl,experimental,experimental,rejected_or_superseded,disabled,canonical,True,False
217,LoraLoader,W42-SDXL-0333 | experimental,2,104,2,2,no,comfy-core,0.26.0,True,sdxl,experimental,experimental,rejected_or_superseded,disabled,canonical,True,False
218,LoraLoader,W42-SDXL-0334 | experimental,2,105,2,2,no,comfy-core,0.26.0,True,sdxl,experimental,experimental,rejected_or_superseded,disabled,canonical,True,False
219,LoraLoader,W42-SDXL-0063 | face_expression,2,106,2,2,no,comfy-core,0.26.0,True,sdxl,face_expression,face_detail,installed,installed,canonical,True,False
220,LoraLoader,W42-SDXL-0250 | face_expression,2,107,2,2,no,comfy-core,0.26.0,True,sdxl,face_expression,face_detail,installed,installed,canonical,True,False
221,LoraLoader,W42-SDXL-0019 | hair,2,108,2,2,no,comfy-core,0.26.0,True,sdxl,hair,character_identity,installed,installed,canonical,True,False
222,LoraLoader,W42-SDXL-0049 | hair,2,109,2,2,no,comfy-core,0.26.0,True,sdxl,hair,character_identity,installed,installed,canonical,True,False
223,LoraLoader,W42-SDXL-0062 | hair,2,110,2,2,no,comfy-core,0.26.0,True,sdxl,hair,character_identity,installed,installed,canonical,True,False
224,LoraLoader,W42-SDXL-0144 | hair,2,111,2,2,no,comfy-core,0.26.0,True,sdxl,hair,character_identity,installed,installed,canonical,True,False
225,LoraLoader,W42-SDXL-0177 | hair,2,112,2,2,no,comfy-core,0.26.0,True,sdxl,hair,character_identity,installed,installed,canonical,True,False
226,LoraLoader,W42-SDXL-0204 | hair,2,113,2,2,no,comfy-core,0.26.0,True,sdxl,hair,character_identity,installed,installed,canonical,True,False
227,LoraLoader,W42-SDXL-0261 | hair,2,114,2,2,no,comfy-core,0.26.0,True,sdxl,hair,character_identity,installed,installed,canonical,True,False
228,LoraLoader,W42-SDXL-0262 | hair,2,115,2,2,no,comfy-core,0.26.0,True,sdxl,hair,character_identity,installed,installed,canonical,True,False
229,LoraLoader,W42-SDXL-0268 | hair,2,116,2,2,no,comfy-core,0.26.0,True,sdxl,hair,character_identity,installed,installed,canonical,True,False
230,LoraLoader,W42-SDXL-0301 | hair,2,117,2,2,no,comfy-core,0.26.0,True,sdxl,hair,character_identity,installed,installed,canonical,True,False
231,LoraLoader,W42-SDXL-0314 | hair,2,118,2,2,no,comfy-core,0.26.0,True,sdxl,hair,character_identity,installed,installed,canonical,True,False
232,LoraLoader,W42-SDXL-0318 | hair,2,119,2,2,no,comfy-core,0.26.0,True,sdxl,hair,character_identity,installed,installed,canonical,True,False
233,LoraLoader,W42-SDXL-0319 | hair,2,120,2,2,no,comfy-core,0.26.0,True,sdxl,hair,character_identity,installed,installed,canonical,True,False
234,LoraLoader,W42-SDXL-0321 | hair,2,121,2,2,no,comfy-core,0.26.0,True,sdxl,hair,character_identity,installed,installed,canonical,True,False
235,LoraLoader,W42-SDXL-0322 | hair,2,122,2,2,no,comfy-core,0.26.0,True,sdxl,hair,character_identity,installed,installed,canonical,True,False
236,LoraLoader,W42-SDXL-0324 | hair,2,123,2,2,no,comfy-core,0.26.0,True,sdxl,hair,character_identity,rejected_or_superseded,disabled,canonical,True,False
237,LoraLoader,W42-SDXL-0326 | hair,2,124,2,2,no,comfy-core,0.26.0,True,sdxl,hair,character_identity,rejected_or_superseded,disabled,canonical,True,False
238,LoraLoader,W42-SDXL-0330 | hair,2,125,2,2,no,comfy-core,0.26.0,True,sdxl,hair,character_identity,rejected_or_superseded,disabled,canonical,True,False
239,LoraLoader,W42-SDXL-0350 | hair,2,126,2,2,no,comfy-core,0.26.0,True,sdxl,hair,character_identity,rejected_or_superseded,disabled,canonical,True,False
240,LoraLoader,W42-SDXL-0353 | hair,2,127,2,2,no,comfy-core,0.26.0,True,sdxl,hair,character_identity,rejected_or_superseded,disabled,canonical,True,False
241,LoraLoader,W42-SDXL-0357 | hair,2,128,2,2,no,comfy-core,0.26.0,True,sdxl,hair,character_identity,rejected_or_superseded,disabled,canonical,True,False
242,LoraLoader,W42-SDXL-0015 | inpaint_detail,2,129,2,2,no,comfy-core,0.26.0,True,sdxl,inpaint_detail,inpaint_detail,installed,installed,canonical,True,False
243,LoraLoader,W42-SDXL-0004 | jewelry_accessories,2,130,2,2,no,comfy-core,0.26.0,True,sdxl,jewelry_accessories,final_polish,installed,installed,canonical,True,False
244,LoraLoader,W42-SDXL-0013 | jewelry_accessories,2,131,2,2,no,comfy-core,0.26.0,True,sdxl,jewelry_accessories,final_polish,installed,installed,canonical,True,False
245,LoraLoader,W42-SDXL-0071 | jewelry_accessories,2,132,2,2,no,comfy-core,0.26.0,True,sdxl,jewelry_accessories,final_polish,installed,installed,canonical,True,False
246,LoraLoader,W42-SDXL-0173 | jewelry_accessories,2,133,2,2,no,comfy-core,0.26.0,True,sdxl,jewelry_accessories,final_polish,installed,installed,canonical,True,False
247,LoraLoader,W42-SDXL-0185 | jewelry_accessories,2,134,2,2,no,comfy-core,0.26.0,True,sdxl,jewelry_accessories,final_polish,installed,installed,canonical,True,False
248,LoraLoader,W42-SDXL-0187 | jewelry_accessories,2,135,2,2,no,comfy-core,0.26.0,True,sdxl,jewelry_accessories,final_polish,installed,installed,canonical,True,False
249,LoraLoader,W42-SDXL-0255 | jewelry_accessories,2,136,2,2,no,comfy-core,0.26.0,True,sdxl,jewelry_accessories,final_polish,installed,installed,canonical,True,False
250,LoraLoader,W42-SDXL-0269 | jewelry_accessories,2,137,2,2,no,comfy-core,0.26.0,True,sdxl,jewelry_accessories,final_polish,installed,installed,canonical,True,False
251,LoraLoader,W42-SDXL-0294 | jewelry_accessories,2,138,2,2,no,comfy-core,0.26.0,True,sdxl,jewelry_accessories,final_polish,installed,installed,canonical,True,False
252,LoraLoader,W42-SDXL-0298 | jewelry_accessories,2,139,2,2,no,comfy-core,0.26.0,True,sdxl,jewelry_accessories,final_polish,installed,installed,canonical,True,False
253,LoraLoader,W42-SDXL-0313 | jewelry_accessories,2,140,2,2,no,comfy-core,0.26.0,True,sdxl,jewelry_accessories,final_polish,installed,installed,canonical,True,False
254,LoraLoader,W42-SDXL-0315 | jewelry_accessories,2,141,2,2,no,comfy-core,0.26.0,True,sdxl,jewelry_accessories,final_polish,installed,installed,canonical,True,False
255,LoraLoader,W42-SDXL-0323 | jewelry_accessories,2,142,2,2,no,comfy-core,0.26.0,True,sdxl,jewelry_accessories,final_polish,rejected_or_superseded,disabled,canonical,True,False
256,LoraLoader,W42-SDXL-0348 | jewelry_accessories,2,143,2,2,no,comfy-core,0.26.0,True,sdxl,jewelry_accessories,final_polish,rejected_or_superseded,disabled,canonical,True,False
257,LoraLoader,W42-SDXL-0351 | jewelry_accessories,2,144,2,2,no,comfy-core,0.26.0,True,sdxl,jewelry_accessories,final_polish,rejected_or_superseded,disabled,canonical,True,False
258,LoraLoader,W42-SDXL-0355 | jewelry_accessories,2,145,2,2,no,comfy-core,0.26.0,True,sdxl,jewelry_accessories,final_polish,rejected_or_superseded,disabled,canonical,True,False
259,LoraLoader,W42-SDXL-0073 | pose_camera | ACTIVE_COPY,2,146,2,2,no,comfy-core,0.26.0,True,sdxl,pose_camera,pose_camera,installed,installed,canonical,True,True
260,LoraLoader,W42-SDXL-0001 | realism_base,2,147,2,2,no,comfy-core,0.26.0,True,sdxl,realism_base,global_base,installed,installed,canonical,True,False
261,LoraLoader,W42-SDXL-0007 | realism_base,2,148,2,2,no,comfy-core,0.26.0,True,sdxl,realism_base,global_base,installed,installed,canonical,True,False
262,LoraLoader,W42-SDXL-0347 | realism_base,2,149,2,2,no,comfy-core,0.26.0,True,sdxl,realism_base,global_base,rejected_or_superseded,disabled,canonical,True,False
263,LoraLoader,W42-SDXL-0189 | skin_imperfections | ACTIVE_COPY,2,150,2,2,no,comfy-core,0.26.0,True,sdxl,skin_imperfections,skin_detail,installed,installed,canonical,True,True
264,LoraLoader,W42-SDXL-0293 | skin_texture | ACTIVE_COPY,2,151,2,2,no,comfy-core,0.26.0,True,sdxl,skin_texture,skin_detail,installed,installed,canonical,True,True
265,LoraLoader,W42-FLUX-0008 | body,2,152,2,2,no,comfy-core,0.26.0,True,flux,body,body_act,installed,installed,canonical,True,False
266,LoraLoader,W42-FLUX-0009 | body,2,153,2,2,no,comfy-core,0.26.0,True,flux,body,body_act,installed,installed,canonical,True,False
267,LoraLoader,W42-FLUX-0012 | body,2,154,2,2,no,comfy-core,0.26.0,True,flux,body,body_act,installed,installed,canonical,True,False
268,LoraLoader,W42-FLUX-0029 | body,2,155,2,2,no,comfy-core,0.26.0,True,flux,body,body_act,installed,installed,canonical,True,False
269,LoraLoader,W42-FLUX-0030 | body,2,156,2,2,no,comfy-core,0.26.0,True,flux,body,body_act,installed,installed,canonical,True,False
270,LoraLoader,W42-FLUX-0035 | body,2,157,2,2,no,comfy-core,0.26.0,True,flux,body,body_act,installed,installed,canonical,True,False
271,LoraLoader,W42-FLUX-0069 | body,2,158,2,2,no,comfy-core,0.26.0,True,flux,body,body_act,installed,installed,canonical,True,False
272,LoraLoader,W42-FLUX-0164 | body,2,159,2,2,no,comfy-core,0.26.0,True,flux,body,body_act,path_verified,path_verified,canonical,True,False
273,LoraLoader,W42-FLUX-0168 | body,2,160,2,2,no,comfy-core,0.26.0,True,flux,body,body_act,path_verified,path_verified,canonical,True,False
274,LoraLoader,W42-FLUX-0169 | body,2,161,2,2,no,comfy-core,0.26.0,True,flux,body,body_act,path_verified,path_verified,canonical,True,False
275,LoraLoader,W42-FLUX-0170 | body,2,162,2,2,no,comfy-core,0.26.0,True,flux,body,body_act,path_verified,path_verified,canonical,True,False
276,LoraLoader,W42-FLUX-0179 | body,2,163,2,2,no,comfy-core,0.26.0,True,flux,body,body_act,path_verified,path_verified,canonical,True,False
277,LoraLoader,W42-FLUX-0199 | body,2,164,2,2,no,comfy-core,0.26.0,True,flux,body,body_act,path_verified,path_verified,canonical,True,False
278,LoraLoader,W42-FLUX-0219 | body,2,165,2,2,no,comfy-core,0.26.0,True,flux,body,body_act,path_verified,path_verified,canonical,True,False
279,LoraLoader,W42-FLUX-0222 | body,2,166,2,2,no,comfy-core,0.26.0,True,flux,body,body_act,path_verified,path_verified,canonical,True,False
280,LoraLoader,W42-FLUX-0223 | body,2,167,2,2,no,comfy-core,0.26.0,True,flux,body,body_act,path_verified,path_verified,canonical,True,False
281,LoraLoader,W42-FLUX-0224 | body,2,168,2,2,no,comfy-core,0.26.0,True,flux,body,body_act,path_verified,path_verified,canonical,True,False
282,LoraLoader,W42-FLUX-0227 | body,2,169,2,2,no,comfy-core,0.26.0,True,flux,body,body_act,path_verified,path_verified,canonical,True,False
283,LoraLoader,W42-FLUX-0232 | body,2,170,2,2,no,comfy-core,0.26.0,True,flux,body,body_act,path_verified,path_verified,canonical,True,False
284,LoraLoader,W42-FLUX-0237 | body,2,171,2,2,no,comfy-core,0.26.0,True,flux,body,body_act,path_verified,path_verified,canonical,True,False
285,LoraLoader,W42-FLUX-0241 | body,2,172,2,2,no,comfy-core,0.26.0,True,flux,body,body_act,path_verified,path_verified,canonical,True,False
286,LoraLoader,W42-FLUX-0242 | body,2,173,2,2,no,comfy-core,0.26.0,True,flux,body,body_act,path_verified,path_verified,canonical,True,False
287,LoraLoader,W42-FLUX-0263 | body,2,174,2,2,no,comfy-core,0.26.0,True,flux,body,body_act,path_verified,path_verified,canonical,True,False
288,LoraLoader,W42-FLUX-0280 | body,2,175,2,2,no,comfy-core,0.26.0,True,flux,body,body_act,path_verified,path_verified,canonical,True,False
289,LoraLoader,W42-FLUX-0290 | body,2,176,2,2,no,comfy-core,0.26.0,True,flux,body,body_act,path_verified,path_verified,canonical,True,False
290,LoraLoader,W42-FLUX-0296 | body,2,177,2,2,no,comfy-core,0.26.0,True,flux,body,body_act,path_verified,path_verified,canonical,True,False
291,LoraLoader,W42-FLUX-0327 | body,2,178,2,2,no,comfy-core,0.26.0,True,flux,body,body_act,rejected_or_superseded,disabled,canonical,True,False
292,LoraLoader,W42-FLUX-0345 | body,2,179,2,2,no,comfy-core,0.26.0,True,flux,body,body_act,rejected_or_superseded,disabled,canonical,True,False
293,LoraLoader,W42-FLUX-0349 | body,2,180,2,2,no,comfy-core,0.26.0,True,flux,body,body_act,rejected_or_superseded,disabled,canonical,True,False
294,LoraLoader,W42-FLUX-0359 | body,2,181,2,2,no,comfy-core,0.26.0,True,flux,body,body_act,rejected_or_superseded,disabled,canonical,True,False
295,LoraLoader,W42-FLUX-0360 | body,2,182,2,2,no,comfy-core,0.26.0,True,flux,body,body_act,rejected_or_superseded,disabled,canonical,True,False
296,LoraLoader,W42-FLUX-0002 | body,2,183,2,2,no,comfy-core,0.26.0,True,flux,body,body_shape,installed,installed,canonical,True,False
297,LoraLoader,W42-FLUX-0011 | body,2,184,2,2,no,comfy-core,0.26.0,True,flux,body,body_shape,installed,installed,canonical,True,False
298,LoraLoader,W42-FLUX-0014 | body,2,185,2,2,no,comfy-core,0.26.0,True,flux,body,body_shape,installed,installed,canonical,True,False
299,LoraLoader,W42-FLUX-0016 | body,2,186,2,2,no,comfy-core,0.26.0,True,flux,body,body_shape,installed,installed,canonical,True,False
300,LoraLoader,W42-FLUX-0020 | body,2,187,2,2,no,comfy-core,0.26.0,True,flux,body,body_shape,installed,installed,canonical,True,False
301,LoraLoader,W42-FLUX-0022 | body,2,188,2,2,no,comfy-core,0.26.0,True,flux,body,body_shape,installed,installed,canonical,True,False
302,LoraLoader,W42-FLUX-0025 | body,2,189,2,2,no,comfy-core,0.26.0,True,flux,body,body_shape,installed,installed,canonical,True,False
303,LoraLoader,W42-FLUX-0026 | body,2,190,2,2,no,comfy-core,0.26.0,True,flux,body,body_shape,installed,installed,canonical,True,False
304,LoraLoader,W42-FLUX-0036 | body,2,191,2,2,no,comfy-core,0.26.0,True,flux,body,body_shape,installed,installed,canonical,True,False
305,LoraLoader,W42-FLUX-0038 | body,2,192,2,2,no,comfy-core,0.26.0,True,flux,body,body_shape,installed,installed,canonical,True,False
306,LoraLoader,W42-FLUX-0039 | body,2,193,2,2,no,comfy-core,0.26.0,True,flux,body,body_shape,installed,installed,canonical,True,False
307,LoraLoader,W42-FLUX-0040 | body,2,194,2,2,no,comfy-core,0.26.0,True,flux,body,body_shape,installed,installed,canonical,True,False
308,LoraLoader,W42-FLUX-0042 | body,2,195,2,2,no,comfy-core,0.26.0,True,flux,body,body_shape,installed,installed,canonical,True,False
309,LoraLoader,W42-FLUX-0044 | body,2,196,2,2,no,comfy-core,0.26.0,True,flux,body,body_shape,installed,installed,canonical,True,False
310,LoraLoader,W42-FLUX-0045 | body,2,197,2,2,no,comfy-core,0.26.0,True,flux,body,body_shape,installed,installed,canonical,True,False
311,LoraLoader,W42-FLUX-0053 | body,2,198,2,2,no,comfy-core,0.26.0,True,flux,body,body_shape,installed,installed,canonical,True,False
312,LoraLoader,W42-FLUX-0150 | body,2,199,2,2,no,comfy-core,0.26.0,True,flux,body,body_shape,path_verified,path_verified,canonical,True,False
313,LoraLoader,W42-FLUX-0151 | body,2,200,2,2,no,comfy-core,0.26.0,True,flux,body,body_shape,path_verified,path_verified,canonical,True,False
314,LoraLoader,W42-FLUX-0156 | body,2,201,2,2,no,comfy-core,0.26.0,True,flux,body,body_shape,path_verified,path_verified,canonical,True,False
315,LoraLoader,W42-FLUX-0172 | body,2,202,2,2,no,comfy-core,0.26.0,True,flux,body,body_shape,path_verified,path_verified,canonical,True,False
316,LoraLoader,W42-FLUX-0180 | body,2,203,2,2,no,comfy-core,0.26.0,True,flux,body,body_shape,path_verified,path_verified,canonical,True,False
317,LoraLoader,W42-FLUX-0192 | body,2,204,2,2,no,comfy-core,0.26.0,True,flux,body,body_shape,path_verified,path_verified,canonical,True,False
318,LoraLoader,W42-FLUX-0198 | body,2,205,2,2,no,comfy-core,0.26.0,True,flux,body,body_shape,path_verified,path_verified,canonical,True,False
319,LoraLoader,W42-FLUX-0217 | body,2,206,2,2,no,comfy-core,0.26.0,True,flux,body,body_shape,path_verified,path_verified,canonical,True,False
320,LoraLoader,W42-FLUX-0233 | body,2,207,2,2,no,comfy-core,0.26.0,True,flux,body,body_shape,path_verified,path_verified,canonical,True,False
321,LoraLoader,W42-FLUX-0239 | body,2,208,2,2,no,comfy-core,0.26.0,True,flux,body,body_shape,path_verified,path_verified,canonical,True,False
322,LoraLoader,W42-FLUX-0253 | body,2,209,2,2,no,comfy-core,0.26.0,True,flux,body,body_shape,path_verified,path_verified,canonical,True,False
323,LoraLoader,W42-FLUX-0274 | body,2,210,2,2,no,comfy-core,0.26.0,True,flux,body,body_shape,path_verified,path_verified,canonical,True,False
324,LoraLoader,W42-FLUX-0275 | body,2,211,2,2,no,comfy-core,0.26.0,True,flux,body,body_shape,path_verified,path_verified,canonical,True,False
325,LoraLoader,W42-FLUX-0279 | body,2,212,2,2,no,comfy-core,0.26.0,True,flux,body,body_shape,path_verified,path_verified,canonical,True,False
326,LoraLoader,W42-FLUX-0308 | body,2,213,2,2,no,comfy-core,0.26.0,True,flux,body,body_shape,rejected_or_superseded,disabled,canonical,True,False
327,LoraLoader,W42-FLUX-0325 | body,2,214,2,2,no,comfy-core,0.26.0,True,flux,body,body_shape,rejected_or_superseded,disabled,canonical,True,False
328,LoraLoader,W42-FLUX-0328 | body,2,215,2,2,no,comfy-core,0.26.0,True,flux,body,body_shape,rejected_or_superseded,disabled,canonical,True,False
329,LoraLoader,W42-FLUX-0329 | body,2,216,2,2,no,comfy-core,0.26.0,True,flux,body,body_shape,rejected_or_superseded,disabled,canonical,True,False
330,LoraLoader,W42-FLUX-0343 | body,2,217,2,2,no,comfy-core,0.26.0,True,flux,body,body_shape,rejected_or_superseded,disabled,canonical,True,False
331,LoraLoader,W42-FLUX-0344 | body,2,218,2,2,no,comfy-core,0.26.0,True,flux,body,body_shape,rejected_or_superseded,disabled,canonical,True,False
332,LoraLoader,W42-FLUX-0229 | character,2,219,2,2,no,comfy-core,0.26.0,True,flux,character,character_identity,path_verified,path_verified,canonical,True,False
333,LoraLoader,W42-FLUX-0006 | experimental,2,220,2,2,no,comfy-core,0.26.0,True,flux,experimental,experimental,installed,installed,canonical,True,False
334,LoraLoader,W42-FLUX-0046 | experimental,2,221,2,2,no,comfy-core,0.26.0,True,flux,experimental,experimental,installed,installed,canonical,True,False
335,LoraLoader,W42-FLUX-0051 | experimental,2,222,2,2,no,comfy-core,0.26.0,True,flux,experimental,experimental,installed,installed,canonical,True,False
336,LoraLoader,W42-FLUX-0056 | experimental,2,223,2,2,no,comfy-core,0.26.0,True,flux,experimental,experimental,installed,installed,canonical,True,False
337,LoraLoader,W42-FLUX-0057 | experimental,2,224,2,2,no,comfy-core,0.26.0,True,flux,experimental,experimental,installed,installed,canonical,True,False
338,LoraLoader,W42-FLUX-0064 | experimental,2,225,2,2,no,comfy-core,0.26.0,True,flux,experimental,experimental,installed,installed,canonical,True,False
339,LoraLoader,W42-FLUX-0065 | experimental,2,226,2,2,no,comfy-core,0.26.0,True,flux,experimental,experimental,installed,installed,canonical,True,False
340,LoraLoader,W42-FLUX-0074 | experimental,2,227,2,2,no,comfy-core,0.26.0,True,flux,experimental,experimental,installed,installed,canonical,True,False
341,LoraLoader,W42-FLUX-0139 | experimental,2,228,2,2,no,comfy-core,0.26.0,True,flux,experimental,experimental,path_verified,path_verified,canonical,True,False
342,LoraLoader,W42-FLUX-0141 | experimental,2,229,2,2,no,comfy-core,0.26.0,True,flux,experimental,experimental,path_verified,path_verified,canonical,True,False
343,LoraLoader,W42-FLUX-0142 | experimental,2,230,2,2,no,comfy-core,0.26.0,True,flux,experimental,experimental,path_verified,path_verified,canonical,True,False
344,LoraLoader,W42-FLUX-0145 | experimental,2,231,2,2,no,comfy-core,0.26.0,True,flux,experimental,experimental,path_verified,path_verified,canonical,True,False
345,LoraLoader,W42-FLUX-0153 | experimental,2,232,2,2,no,comfy-core,0.26.0,True,flux,experimental,experimental,path_verified,path_verified,canonical,True,False
346,LoraLoader,W42-FLUX-0158 | experimental,2,233,2,2,no,comfy-core,0.26.0,True,flux,experimental,experimental,path_verified,path_verified,canonical,True,False
347,LoraLoader,W42-FLUX-0163 | experimental,2,234,2,2,no,comfy-core,0.26.0,True,flux,experimental,experimental,path_verified,path_verified,canonical,True,False
348,LoraLoader,W42-FLUX-0167 | experimental,2,235,2,2,no,comfy-core,0.26.0,True,flux,experimental,experimental,path_verified,path_verified,canonical,True,False
349,LoraLoader,W42-FLUX-0176 | experimental,2,236,2,2,no,comfy-core,0.26.0,True,flux,experimental,experimental,path_verified,path_verified,canonical,True,False
350,LoraLoader,W42-FLUX-0196 | experimental,2,237,2,2,no,comfy-core,0.26.0,True,flux,experimental,experimental,path_verified,path_verified,canonical,True,False
351,LoraLoader,W42-FLUX-0197 | experimental,2,238,2,2,no,comfy-core,0.26.0,True,flux,experimental,experimental,path_verified,path_verified,canonical,True,False
352,LoraLoader,W42-FLUX-0202 | experimental,2,239,2,2,no,comfy-core,0.26.0,True,flux,experimental,experimental,path_verified,path_verified,canonical,True,False
353,LoraLoader,W42-FLUX-0207 | experimental,2,240,2,2,no,comfy-core,0.26.0,True,flux,experimental,experimental,path_verified,path_verified,canonical,True,False
354,LoraLoader,W42-FLUX-0210 | experimental,2,241,2,2,no,comfy-core,0.26.0,True,flux,experimental,experimental,path_verified,path_verified,canonical,True,False
355,LoraLoader,W42-FLUX-0220 | experimental,2,242,2,2,no,comfy-core,0.26.0,True,flux,experimental,experimental,path_verified,path_verified,canonical,True,False
356,LoraLoader,W42-FLUX-0235 | experimental,2,243,2,2,no,comfy-core,0.26.0,True,flux,experimental,experimental,path_verified,path_verified,canonical,True,False
357,LoraLoader,W42-FLUX-0247 | experimental,2,244,2,2,no,comfy-core,0.26.0,True,flux,experimental,experimental,path_verified,path_verified,canonical,True,False
358,LoraLoader,W42-FLUX-0249 | experimental,2,245,2,2,no,comfy-core,0.26.0,True,flux,experimental,experimental,path_verified,path_verified,canonical,True,False
359,LoraLoader,W42-FLUX-0256 | experimental,2,246,2,2,no,comfy-core,0.26.0,True,flux,experimental,experimental,path_verified,path_verified,canonical,True,False
360,LoraLoader,W42-FLUX-0259 | experimental,2,247,2,2,no,comfy-core,0.26.0,True,flux,experimental,experimental,path_verified,path_verified,canonical,True,False
361,LoraLoader,W42-FLUX-0267 | experimental,2,248,2,2,no,comfy-core,0.26.0,True,flux,experimental,experimental,path_verified,path_verified,canonical,True,False
362,LoraLoader,W42-FLUX-0272 | experimental,2,249,2,2,no,comfy-core,0.26.0,True,flux,experimental,experimental,path_verified,path_verified,canonical,True,False
363,LoraLoader,W42-FLUX-0273 | experimental,2,250,2,2,no,comfy-core,0.26.0,True,flux,experimental,experimental,path_verified,path_verified,canonical,True,False
364,LoraLoader,W42-FLUX-0284 | experimental,2,251,2,2,no,comfy-core,0.26.0,True,flux,experimental,experimental,path_verified,path_verified,canonical,True,False
365,LoraLoader,W42-FLUX-0285 | experimental,2,252,2,2,no,comfy-core,0.26.0,True,flux,experimental,experimental,path_verified,path_verified,canonical,True,False
366,LoraLoader,W42-FLUX-0286 | experimental,2,253,2,2,no,comfy-core,0.26.0,True,flux,experimental,experimental,path_verified,path_verified,canonical,True,False
367,LoraLoader,W42-FLUX-0287 | experimental,2,254,2,2,no,comfy-core,0.26.0,True,flux,experimental,experimental,path_verified,path_verified,canonical,True,False
368,LoraLoader,W42-FLUX-0292 | experimental,2,255,2,2,no,comfy-core,0.26.0,True,flux,experimental,experimental,path_verified,path_verified,canonical,True,False
369,LoraLoader,W42-FLUX-0302 | experimental,2,256,2,2,no,comfy-core,0.26.0,True,flux,experimental,experimental,rejected_or_superseded,disabled,canonical,True,False
370,LoraLoader,W42-FLUX-0310 | experimental,2,257,2,2,no,comfy-core,0.26.0,True,flux,experimental,experimental,rejected_or_superseded,disabled,canonical,True,False
371,LoraLoader,W42-FLUX-0311 | experimental,2,258,2,2,no,comfy-core,0.26.0,True,flux,experimental,experimental,rejected_or_superseded,disabled,canonical,True,False
372,LoraLoader,W42-FLUX-0335 | experimental,2,259,2,2,no,comfy-core,0.26.0,True,flux,experimental,experimental,rejected_or_superseded,disabled,canonical,True,False
373,LoraLoader,W42-FLUX-0342 | experimental,2,260,2,2,no,comfy-core,0.26.0,True,flux,experimental,experimental,rejected_or_superseded,disabled,canonical,True,False
374,LoraLoader,W42-FLUX-0171 | lighting,2,261,2,2,no,comfy-core,0.26.0,True,flux,lighting,lighting_grade,path_verified,path_verified,canonical,True,False
375,LoraLoader,W42-FLUX-0188 | lighting,2,262,2,2,no,comfy-core,0.26.0,True,flux,lighting,lighting_grade,path_verified,path_verified,canonical,True,False
376,LoraLoader,W42-FLUX-0201 | lighting,2,263,2,2,no,comfy-core,0.26.0,True,flux,lighting,lighting_grade,path_verified,path_verified,canonical,True,False
377,LoraLoader,W42-FLUX-0212 | lighting,2,264,2,2,no,comfy-core,0.26.0,True,flux,lighting,lighting_grade,path_verified,path_verified,canonical,True,False
378,LoraLoader,W42-FLUX-0037 | skin,2,265,2,2,no,comfy-core,0.26.0,True,flux,skin,skin_detail,installed,installed,canonical,True,False
379,LoraLoader,W42-FLUX-0067 | skin,2,266,2,2,no,comfy-core,0.26.0,True,flux,skin,skin_detail,installed,installed,canonical,True,False
380,LoraLoader,W42-FLUX-0152 | skin,2,267,2,2,no,comfy-core,0.26.0,True,flux,skin,skin_detail,path_verified,path_verified,canonical,True,False
381,LoraLoader,W42-FLUX-0184 | skin,2,268,2,2,no,comfy-core,0.26.0,True,flux,skin,skin_detail,path_verified,path_verified,canonical,True,False
382,LoraLoader,W42-FLUX-0221 | skin,2,269,2,2,no,comfy-core,0.26.0,True,flux,skin,skin_detail,path_verified,path_verified,canonical,True,False
383,LoraLoader,W42-FLUX-0228 | skin,2,270,2,2,no,comfy-core,0.26.0,True,flux,skin,skin_detail,path_verified,path_verified,canonical,True,False
384,LoraLoader,W42-FLUX-0234 | skin,2,271,2,2,no,comfy-core,0.26.0,True,flux,skin,skin_detail,path_verified,path_verified,canonical,True,False
385,LoraLoader,W42-FLUX-0257 | skin,2,272,2,2,no,comfy-core,0.26.0,True,flux,skin,skin_detail,path_verified,path_verified,canonical,True,False
386,LoraLoader,W42-FLUX-0270 | skin,2,273,2,2,no,comfy-core,0.26.0,True,flux,skin,skin_detail,path_verified,path_verified,canonical,True,False
387,LoraLoader,W42-FLUX-0282 | skin,2,274,2,2,no,comfy-core,0.26.0,True,flux,skin,skin_detail,path_verified,path_verified,canonical,True,False
388,LoraLoader,W42-FLUX-0010 | style,2,275,2,2,no,comfy-core,0.26.0,True,flux,style,environment_style,installed,installed,canonical,True,False
389,LoraLoader,W42-FLUX-0182 | style,2,276,2,2,no,comfy-core,0.26.0,True,flux,style,environment_style,path_verified,path_verified,canonical,True,False
390,LoraLoader,W42-PONY-0055 | body_acts,2,277,2,2,no,comfy-core,0.26.0,True,pony,body_acts,body_act,installed,installed,canonical,True,False
391,LoraLoader,W42-PONY-0155 | body_body_parts,2,278,2,2,no,comfy-core,0.26.0,True,pony,body_body_parts,body_body_part,path_verified,path_verified,canonical,True,False
392,LoraLoader,W42-PONY-0068 | general,2,279,2,2,no,comfy-core,0.26.0,True,pony,general,experimental,installed,installed,canonical,True,False
393,LoraLoader,W42-SD15-0281 | body,2,280,2,2,no,comfy-core,0.26.0,True,sd15,body,body_act,path_verified,path_verified,canonical,True,False
394,LoraLoader,W42-SD15-0214 | clothing,2,281,2,2,no,comfy-core,0.26.0,True,sd15,clothing,clothing_fabric,path_verified,path_verified,canonical,True,False
395,LoraLoader,W42-SD15-0289 | detail,2,282,2,2,no,comfy-core,0.26.0,True,sd15,detail,inpaint_detail,path_verified,path_verified,canonical,True,False
396,LoraLoader,W42-UNKNOWN-0300 | body_review,2,283,2,2,no,comfy-core,0.26.0,True,disabled_review,body_review,body_act,rejected_or_superseded,disabled,review,True,False
397,LoraLoader,W42-UNKNOWN-0306 | body_review,2,284,2,2,no,comfy-core,0.26.0,True,disabled_review,body_review,body_act,rejected_or_superseded,disabled,review,True,False
398,LoraLoader,W42-UNKNOWN-0048 | engine_mismatch,2,285,2,2,no,comfy-core,0.26.0,True,disabled_review,engine_mismatch,experimental,disabled_review,installed,review,True,False
399,LoraLoader,W42-UNKNOWN-0231 | engine_mismatch,2,286,2,2,no,comfy-core,0.26.0,True,disabled_review,engine_mismatch,experimental,disabled_review,path_verified,review,True,False
400,LoraLoader,W42-UNKNOWN-0066 | inpaint_detail,2,287,2,2,no,comfy-core,0.26.0,True,disabled_review,inpaint_detail,inpaint_detail,disabled_review,installed,review,True,False
401,LoraLoader,W42-UNKNOWN-0205 | inpaint_detail,2,288,2,2,no,comfy-core,0.26.0,True,disabled_review,inpaint_detail,inpaint_detail,disabled_review,path_verified,review,True,False
402,LoraLoader,W42-UNKNOWN-0218 | inpaint_detail,2,289,2,2,no,comfy-core,0.26.0,True,disabled_review,inpaint_detail,inpaint_detail,disabled_review,path_verified,review,True,False
403,LoraLoader,W42-UNKNOWN-0252 | inpaint_detail,2,290,2,2,no,comfy-core,0.26.0,True,disabled_review,inpaint_detail,inpaint_detail,disabled_review,path_verified,review,True,False
404,LoraLoader,W42-UNKNOWN-0288 | sd15_candidate,2,291,2,2,no,comfy-core,0.26.0,True,disabled_review,sd15_candidate,experimental,disabled_review,path_verified,review,True,False
405,LoraLoader,W42-UNKNOWN-0312 | sd15_candidate,2,292,2,2,no,comfy-core,0.26.0,True,disabled_review,sd15_candidate,experimental,rejected_or_superseded,disabled,review,True,False
406,LoraLoader,W42-UNKNOWN-0018 | unclassified,2,293,2,2,no,comfy-core,0.26.0,True,disabled_review,unclassified,experimental,disabled_review,installed,review,True,False
407,LoraLoader,W42-UNKNOWN-0047 | unclassified,2,294,2,2,no,comfy-core,0.26.0,True,disabled_review,unclassified,experimental,disabled_review,installed,review,True,False
408,LoraLoader,W42-UNKNOWN-0203 | unclassified,2,295,2,2,no,comfy-core,0.26.0,True,disabled_review,unclassified,experimental,disabled_review,path_verified,review,True,False
409,LoraLoader,W42-UNKNOWN-0213 | unclassified,2,296,2,2,no,comfy-core,0.26.0,True,disabled_review,unclassified,experimental,disabled_review,path_verified,review,True,False
410,LoraLoader,W42-UNKNOWN-0264 | unclassified,2,297,2,2,no,comfy-core,0.26.0,True,disabled_review,unclassified,experimental,disabled_review,path_verified,review,True,False
123,CLIPTextEncode,,0,323,1,1,yes,comfy-core,0.26.0,,,,,,,,,
15,CLIPTextEncode,,0,317,1,1,yes,comfy-core,0.26.0,,,,,,,,,
81,LoadImageMask,,0,298,0,1,yes,comfy-core,0.26.0,,,,,,,,,
80,LoadImage,,0,299,0,2,yes,comfy-core,0.26.0,,,,,,,,,
111,LoadImage,,0,300,0,2,yes,comfy-core,0.26.0,,,,,,,,,
40,PreviewImage,,0,331,1,1,yes,comfy-core,0.26.0,,,,,,,,,
121,LoadImage,,0,301,0,2,yes,comfy-core,0.26.0,,,,,,,,,
110,IPAdapterUnifiedLoader,,0,308,2,2,yes,comfyui_ipadapter_plus,a0f451a5113cf9becb0847b92884cb10cbdec0ef,,,,,,,,,
113,CLIPTextEncode,,0,310,1,1,yes,comfy-core,0.26.0,,,,,,,,,
83,CLIPTextEncode,,0,318,1,1,yes,comfy-core,0.26.0,,,,,,,,,
33,CLIPTextEncode,,0,304,1,1,yes,comfy-core,0.26.0,,,,,,,,,
118,SaveImage,,0,341,1,1,yes,comfy-core,0.26.0,,,,,,,,,
411,Lora Loader Stack (rgthree),,0,309,2,2,yes,rgthree-comfy,27b4f4cdcf3b127c29d5d8135ac1536ecbd4c383,,,,,,,,,
122,CLIPTextEncode,,0,322,1,1,yes,comfy-core,0.26.0,,,,,,,,,
102,CLIPTextEncodeFlux,,0,307,1,1,yes,comfy-core,0.26.0,,,,,,,,,
91,CLIPTextEncode,,0,320,1,1,yes,comfy-core,0.26.0,,,,,,,,,
14,CLIPTextEncode,,0,316,1,1,yes,comfy-core,0.26.0,,,,,,,,,
10,CheckpointLoaderSimple,,0,302,0,3,yes,comfy-core,0.26.0,,,,,,,,,
