node_id,node_type,title,widget_index,asset_reference,engine_property,category_property,scene_role_property,status_property,verification_tier_property,mode,disabled_by_default,sha256_property,size_mb_property,profile_stacks_property
30,UNETLoader,,0,z_image_turbo_bf16.safetensors,,,,,,0,,,,
32,CLIPLoader,,0,qwen_3_4b.safetensors,,,,,,0,,,,
37,VAELoader,,0,ae.safetensors,,,,,,0,,,,
60,UpscaleModelLoader,,0,RealESRGAN_x4plus.pth,,,,,,0,,,,
100,CheckpointLoaderSimple,,0,flux1-schnell-fp8.safetensors,,,,,,0,,,,
120,ControlNetLoader,,0,controlnet-canny-sdxl-1.0-small.safetensors,,,,,,0,,,,
131,Note,,0,"Evidence manifest output
Manifest path: Implementation/manifests/main_flow_image_qa_evidence/*.json. This is evidence intake, not tracker promotion by itself.",,,,,,0,,,,
134,Note,,0,"Promotion decision output
Manifest path: Implementation/manifests/main_flow_promotion/*.json. Verified is allowed only when all required lanes have passing evidence records.",,,,,,0,,,,
136,Note,,0,"WAVE42 DEPLOYED LORA LIBRARY - MANIFEST WIRED, DISABLED BY DEFAULT
Source CSV: C:\Comfy_UI_Lora\Model_Organize\wave07\WAVE07_EC2_DEPLOY_MANIFEST.csv
Source manifest JSON: C:\Comfy_UI_Lora\Model_Organize\wave07\WAVE07_EC2_DEPLOY_MANIFEST.json
Registry: C:\Comfy_UI\Implementation\loras\wave42_lora_registry.json
Stack profiles: C:\Comfy_UI\Implementation\profiles\wave42_stack_profiles.json
This section represents every Wave07 deployed LoRA path in Main Flow as a disabled/disconnected LoraLoader node.
The executable production chain remains the existing linked 3-LoRA SDXL lane. Promote/select only compatible same-engine stacks; do not enable all library nodes at once.",,,,,,0,,,,
137,LoraLoader,W42-SDXL-0028 | adult_acts,0,wave42/sdxl/adult_acts/sdxl_face_expression_BigloveTitfuck.safetensors,sdxl,adult_acts,adult_act,installed,installed,2,True,8d5469bd80cd6f0ba16d8510e966a6f30db7e243ee32b16958fa2f0fea52ab9b,96.83,
138,LoraLoader,W42-SDXL-0059 | adult_acts,0,wave42/sdxl/adult_acts/sdxl_cum_fluids_Cumshot-000008.safetensors,sdxl,adult_acts,adult_act,installed,installed,2,True,8075bc3f2a6056613446e3841520cd665f32ebb44c025fc56ddef51d8ab9336b,217.87,nsfw_scene_cum|nsfw_scene_ball_lick
139,LoraLoader,W42-SDXL-0174 | adult_acts,0,wave42/sdxl/adult_acts/sdxl_realism_base_gangbang_blowjob_sdxl-4416-24_v1.safetensors,sdxl,adult_acts,adult_act,installed,installed,2,True,670b70eedb85b36506e82ff84e10e84cff4e6b715928e4abe59af6c1d3cf2d2c,162.67,
140,LoraLoader,W42-SDXL-0215 | adult_acts,0,wave42/sdxl/adult_acts/sdxl_experimental_MS_Real_XL_Bukkake.safetensors,sdxl,adult_acts,adult_act,installed,installed,2,True,3c695e1a2f3e01190a37de38587711735a12493602e6250e2dd6687ab23bc5d4,435.34,
141,LoraLoader,W42-SDXL-0236 | adult_acts,0,wave42/sdxl/adult_acts/sdxl_hair_PornMaster-cum-sdxl-V3-lora.safetensors,sdxl,adult_acts,adult_act,installed,installed,2,True,9d9ffb65a0d2371bd928f9f67113ef4fa5e6ad1e60b42f8da73443f5846ba9a9,109.16,
142,LoraLoader,W42-SDXL-0238 | adult_acts,0,wave42/sdxl/adult_acts/sdxl_adult_acts_pov_blowjob_model.safetensors,sdxl,adult_acts,adult_act,installed,installed,2,True,08609a025f2e675647f0e75417d8277eb161655d5de32a6000e349009ccb51d0,870.28,
143,LoraLoader,W42-SDXL-0240 | adult_acts,0,wave42/sdxl/adult_acts/sdxl_jewelry_accessories_Pov_Riding_in_Cowgirl.safetensors,sdxl,adult_acts,adult_act,installed,installed,2,True,b6863872128ca728495352b26556fa797e680d35c4a408848c7a38ea33065386,217.87,
144,LoraLoader,W42-SDXL-0254 | adult_acts,0,wave42/sdxl/adult_acts/sdxl_realism_base_Realistic_Porn_Cowgirl2.safetensors,sdxl,adult_acts,adult_act,installed,installed,2,True,25e5652f08e509255743464cbda574615238871f68ca2a291f091dd927694d7d,217.87,
145,LoraLoader,W42-SDXL-0283 | adult_acts,0,wave42/sdxl/adult_acts/sdxl_adult_acts_TitjobBlowJobTitjob.safetensors,sdxl,adult_acts,adult_act,installed,installed,2,True,980aededb2f643a227a1a87f0d078c9e7ab0a63daf75135c15ad6916e9f8c39c,435.36,
146,LoraLoader,W42-SDXL-0021 | adult_body_parts,0,wave42/sdxl/adult_body_parts/sdxl_adult_body_parts_bbw.safetensors,sdxl,adult_body_parts,adult_body_part,installed,installed,2,True,faf1df66005814227d2ff1ac6627aa97ab66035b0749745795d400ae48b1a554,435.36,
147,LoraLoader,W42-SDXL-0023 | adult_body_parts,0,wave42/sdxl/adult_body_parts/sdxl_adult_body_parts_BBW_round_seductive.safetensors,sdxl,adult_body_parts,adult_body_part,installed,installed,2,True,ee8313f2315c1f03e904016ccb9db2211eb55bd5464505386d673b2f7db9ab72,217.88,
148,LoraLoader,W42-SDXL-0024 | adult_body_parts,0,wave42/sdxl/adult_body_parts/sdxl_face_identity_bgrabV11_XL-000007.safetensors,sdxl,adult_body_parts,adult_body_part,installed,installed,2,True,3216d76edd565116e74b7b3fee1720dfd6000d1faa8e67c335df595988063233,324.99,
149,LoraLoader,W42-SDXL-0027 | adult_body_parts,0,wave42/sdxl/adult_body_parts/sdxl_adult_body_parts_Big_Saggy_Breasts_SDXL.safetensors,sdxl,adult_body_parts,adult_body_part,installed,installed,2,True,3d9df3139851f35ec50025eec16638ca15eccd920323f797ab3509e2eabb22dd,217.88,character_latina_mature_female
150,LoraLoader,W42-SDXL-0052 | adult_body_parts,0,wave42/sdxl/adult_body_parts/sdxl_adult_body_parts_CoverBreastsWithTwoHands.1.0.safetensors,sdxl,adult_body_parts,adult_body_part,installed,installed,2,True,219d152c795c18ce41f7913ec343e34399d3e8bbedb7c4404904d96b3572a5ce,101.76,
151,LoraLoader,W42-SDXL-0070 | adult_body_parts,0,wave42/sdxl/adult_body_parts/sdxl_adult_body_parts_double_penetration-from_front-SDXL-V1.safetensors,sdxl,adult_body_parts,adult_body_part,installed,installed,2,True,43f0730b535055ad596a6499bda13ee062d5e3a4493b97d9e88d0262012736b9,464.5,
152,LoraLoader,W42-SDXL-0072 | adult_body_parts,0,wave42/sdxl/adult_body_parts/sdxl_adult_body_parts_Double_DP.safetensors,sdxl,adult_body_parts,adult_body_part,installed,installed,2,True,984101b8fca8f4439935cf1913d3d6cf7d2a9aeee6ccedf19abea1c45d57b446,217.87,
153,LoraLoader,W42-SDXL-0154 | adult_body_parts,0,wave42/sdxl/adult_body_parts/sdxl_adult_body_parts_female_mouth_uvula.safetensors,sdxl,adult_body_parts,adult_body_part,installed,installed,2,True,a362de025f5af4f9d6e01e1edf7a0002d92c676dcf62e3a64914fe30c23050d1,217.87,
154,LoraLoader,W42-SDXL-0175 | adult_body_parts,0,wave42/sdxl/adult_body_parts/sdxl_adult_body_parts_Gentle_Ball_Suck.safetensors,sdxl,adult_body_parts,adult_body_part,installed,installed,2,True,4a23836f233f53941ba41ae740587f36fe3bf0ebee5f2a8dcc1c79d5b1131d78,217.87,
155,LoraLoader,W42-SDXL-0191 | adult_body_parts,0,wave42/sdxl/adult_body_parts/sdxl_adult_body_parts_huge_areola-000008.safetensors,sdxl,adult_body_parts,adult_body_part,installed,installed,2,True,b8adb5b352b507b1e2d949056e7f6dabd3bba1313acb50a6aec6bdf6b211eaf2,217.87,
156,LoraLoader,W42-SDXL-0193 | adult_body_parts,0,wave42/sdxl/adult_body_parts/sdxl_adult_body_parts_huge_nipples.safetensors,sdxl,adult_body_parts,adult_body_part,installed,installed,2,True,573075e98896d330c365914470e788c8bbe803f2724f40703cd45fdab6263479,217.87,
157,LoraLoader,W42-SDXL-0195 | adult_body_parts,0,wave42/sdxl/adult_body_parts/sdxl_adult_body_parts_kelly_two.safetensors,sdxl,adult_body_parts,adult_body_part,installed,installed,2,True,187b508ae585cf6380095e5d590dac289a3bac3004b6a03e93a8a404e13b6347,217.87,
158,LoraLoader,W42-SDXL-0206 | adult_body_parts,0,wave42/sdxl/adult_body_parts/sdxl_adult_body_parts_lora-000003.TA_trained.safetensors,sdxl,adult_body_parts,adult_body_part,installed,installed,2,True,c841ea361db9601ee7ef9d1a7ae86433839d216f499e302a51bebbb100e6877b,386.27,
159,LoraLoader,W42-SDXL-0208 | adult_body_parts,0,wave42/sdxl/adult_body_parts/sdxl_adult_body_parts_Macromastia_for_SDXL.safetensors,sdxl,adult_body_parts,adult_body_part,installed,installed,2,True,5c40d94f65c35550d51e91c7ddf0387492661cac29dabe8255f9b93c27280c74,217.87,
160,LoraLoader,W42-SDXL-0209 | adult_body_parts,0,wave42/sdxl/adult_body_parts/sdxl_adult_body_parts_maxi.safetensors,sdxl,adult_body_parts,adult_body_part,installed,installed,2,True,7a45915ab68bcd7b9cb5af9ed91b466121f5e8d3e34af897cf065e46f8b9bbfb,40.88,
161,LoraLoader,W42-SDXL-0230 | adult_body_parts,0,wave42/sdxl/adult_body_parts/sdxl_face_identity_Panties_over_anus_v1.safetensors,sdxl,adult_body_parts,adult_body_part,installed,installed,2,True,f8d16bac2f2e33b6811608543469672055117b32ae5c2ab098d758480fad2b30,243.84,
162,LoraLoader,W42-SDXL-0244 | adult_body_parts,0,wave42/sdxl/adult_body_parts/sdxl_adult_body_parts_Pussy_Cameltoe_v3_XL.safetensors,sdxl,adult_body_parts,adult_body_part,installed,installed,2,True,9c65db0627847c367ccd5562043085bbca1d78139b1c0f46d26d77b47290f69e,649.69,
163,LoraLoader,W42-SDXL-0245 | adult_body_parts,0,wave42/sdxl/adult_body_parts/sdxl_experimental_Pussy_Lily_v5_XL.safetensors,sdxl,adult_body_parts,adult_body_part,installed,installed,2,True,545847800581e98bec0e1e8a98e6b6d0d778585b7076d1b7ad381ec61e756427,649.68,
164,LoraLoader,W42-SDXL-0246 | adult_body_parts,0,wave42/sdxl/adult_body_parts/sdxl_adult_body_parts_Pussy_Spreading_v5i_XL.safetensors,sdxl,adult_body_parts,adult_body_part,installed,installed,2,True,68eaeb84a9350c21a783cfea02491449a678c56aeac685402938c1929926aa6f,649.68,
165,LoraLoader,W42-SDXL-0258 | adult_body_parts,0,wave42/sdxl/adult_body_parts/sdxl_jewelry_accessories_Ruined_asshole.safetensors,sdxl,adult_body_parts,adult_body_part,installed,installed,2,True,576d33596de7211a6d90d8a7a55cb46b772d275a9673d295346445339702cf1a,217.88,
166,LoraLoader,W42-SDXL-0266 | adult_body_parts,0,wave42/sdxl/adult_body_parts/sdxl_body_type_bbw_cellulite_SpreadAssSDXL_v04.safetensors,sdxl,adult_body_parts,adult_body_part,installed,installed,2,True,8e937b52328b5ca9304006d1d9cc922b8a105ca2af6f3551feefd8e916294549,375.59,nsfw_scene_ass_spread
167,LoraLoader,W42-SDXL-0299 | adult_body_parts,0,wave42/sdxl/adult_body_parts/sdxl_adult_body_parts_AreolaHelper.safetensors,sdxl,adult_body_parts,adult_body_part,installed,installed,2,True,b47fb7e6320420eca3abeb76df107fc9554974c26911d94e0dfc970f628e7226,81.47,
168,LoraLoader,W42-SDXL-0307 | adult_body_parts,0,wave42/sdxl/adult_body_parts/sdxl_adult_body_parts_Big_areolas-zit-gmr.safetensors,sdxl,adult_body_parts,adult_body_part,installed,installed,2,True,a96aeccf3911440e3b8b09933c326a524c7b8fee7553d61dd67c61f75f74ef71,217.87,nsfw_scene_breast_squeeze
169,LoraLoader,W42-SDXL-0317 | adult_body_parts,0,wave42/sdxl/adult_body_parts/sdxl_adult_body_parts_cncgtwoglnccXLrd.safetensors,sdxl,adult_body_parts,adult_body_part,installed,installed,2,True,4936fa3bb5b978f6f37129f5969b1eca6f7f67d5ef72fd4eb5c2bbb3cbff5b25,870.29,
170,LoraLoader,W42-SDXL-0320 | adult_body_parts,0,wave42/sdxl/adult_body_parts/sdxl_adult_body_parts_dblpnstndcclnXLrd.safetensors,sdxl,adult_body_parts,adult_body_part,installed,installed,2,True,c85db135f35fc64e322554b0e2ed1ed555aa7b76955ebfe56efc3c3683a544c4,870.29,
171,LoraLoader,W42-SDXL-0332 | adult_body_parts,0,wave42/sdxl/adult_body_parts/sdxl_adult_body_parts_gngsrrmpmxXLrd.safetensors,sdxl,adult_body_parts,adult_body_part,rejected_or_superseded,disabled,2,True,5caa48f9bc85447a27fe8e57c649dd0a3730ce7d520568a04d0d0c646d8067ee,870.31,
172,LoraLoader,W42-SDXL-0336 | adult_body_parts,0,wave42/sdxl/adult_body_parts/sdxl_adult_body_parts_Huge_Areolas.safetensors,sdxl,adult_body_parts,adult_body_part,rejected_or_superseded,disabled,2,True,a5ddba2f71e0576a1d1317d931e1e9c8483af5f5797fe32eba8e5cea1e59dcf5,217.88,character_latina_mature_female|nsfw_scene_breast_squeeze|nsfw_scene_tittyfuck|nsfw_scene_cum
173,LoraLoader,W42-SDXL-0337 | adult_body_parts,0,wave42/sdxl/adult_body_parts/sdxl_adult_body_parts_huldah2.safetensors,sdxl,adult_body_parts,adult_body_part,rejected_or_superseded,disabled,2,True,f936530bc41a82bb97b7db9802c8548afba60b8f624291be8c79012953aa7e01,217.88,
174,LoraLoader,W42-SDXL-0339 | adult_body_parts,0,wave42/sdxl/adult_body_parts/sdxl_adult_body_parts_large_areola_breast_by_DarkEffect.safetensors,sdxl,adult_body_parts,adult_body_part,rejected_or_superseded,disabled,2,True,4292c8d7ced5aac52cdd625254e0c2b39a3eb7b58a1c969c9165a5f359ef57bc,217.88,
175,LoraLoader,W42-SDXL-0346 | adult_body_parts,0,wave42/sdxl/adult_body_parts/sdxl_adult_body_parts_orlpvlkmxXLrd.safetensors,sdxl,adult_body_parts,adult_body_part,rejected_or_superseded,disabled,2,True,9801080fe594ea5eefc11f1eb8c18621ac37c74d6835c44fa9ce0c7bb5527881,870.3,
176,LoraLoader,W42-SDXL-0354 | adult_body_parts,0,wave42/sdxl/adult_body_parts/sdxl_adult_body_parts_surrendered_by_cocks.safetensors,sdxl,adult_body_parts,adult_body_part,rejected_or_superseded,disabled,2,True,96785c4945cbba492febff1ac4daa5e897d897fb8d768072dd55bbe191110fb0,435.35,
177,LoraLoader,W42-SDXL-0356 | adult_body_parts,0,wave42/sdxl/adult_body_parts/sdxl_adult_body_parts_THICK-FIT-XSTAR-V1-SDXL.safetensors,sdxl,adult_body_parts,adult_body_part,rejected_or_superseded,disabled,2,True,1cabee0eed53c6500381175c6d6c621a5d394fe4369a12129f7024c864999deb,217.88,
178,LoraLoader,W42-SDXL-0358 | adult_body_parts,0,wave42/sdxl/adult_body_parts/sdxl_jewelry_accessories_Veiny_Breasts_SDXL.safetensors,sdxl,adult_body_parts,adult_body_part,rejected_or_superseded,disabled,2,True,4a03038fbd280e3ec434c501db38e46fdd6983968cb6911ec6f86d82242fbf2a,217.88,
179,LoraLoader,W42-SDXL-0054 | adult_male,0,wave42/sdxl/adult_male/sdxl_adult_male_Cuckold_Threesome_SDXL.safetensors,sdxl,adult_male,adult_male,installed,installed,2,True,3a8369290a8d22a6a1fd36b484412fe757cac1ef2cff217c862f3d95f9e4c556,217.9,
180,LoraLoader,W42-SDXL-0147 | adult_male,0,wave42/sdxl/adult_male/sdxl_realism_base_Fat_Men.safetensors,sdxl,adult_male,adult_male,installed,installed,2,True,f290d1b3c9c5f9b7c53f54c16580e0726f1ce690d6c07c37f33adcc0c9355e91,217.88,
181,LoraLoader,W42-SDXL-0149 | adult_male,0,wave42/sdxl/adult_male/sdxl_adult_body_parts_Fatter_Men_V2.safetensors,sdxl,adult_male,adult_male,installed,installed,2,True,fcb0558a28c9e2f4b44d3f8e4bf567c47630e246fccf023f2e3f9df1fe7d8d91,217.88,character_old_fat_male
182,LoraLoader,W42-SDXL-0190 | adult_male,0,wave42/sdxl/adult_male/sdxl_adult_male_heavy_balls-bl17-sdxl-standard-concept.safetensors,sdxl,adult_male,adult_male,installed,installed,2,True,0630886bf1032bb814f1da7a058395972bbb771b5227bac52df6c2f708642588,217.87,nsfw_scene_ball_suck
183,LoraLoader,W42-SDXL-0277 | body_shape,0,wave42/sdxl/body_shape/sdxl_body_shape_ThickBodys.safetensors,sdxl,body_shape,body_shape,installed,installed,2,True,4adb7e5ec11866263c3851d44bd393461f983cd2a7ae8903ae61555bebb86991,217.87,
184,LoraLoader,W42-SDXL-0278 | body_shape,0,wave42/sdxl/body_shape/sdxl_body_shape_Thicker_women.safetensors,sdxl,body_shape,body_shape,installed,installed,2,True,d4d8862897709ccf737ffc44eec63c8957b40585a3c2764ee98778ebf5e3c5ae,435.35,
185,LoraLoader,W42-SDXL-0265 | body_type_bbw_cellulite,0,wave42/sdxl/body_type_bbw_cellulite/sdxl_hair_Slightly_Chubby_-_Perfect_BBW_Body_Realistic.safetensors,sdxl,body_type_bbw_cellulite,body_shape,installed,installed,2,True,a74bd800b5d3202d000b4a86e5ca96f34c96aaeff00a92cf54ce93520e4ae8e6,217.87,
186,LoraLoader,W42-SDXL-0295 | body_type_bbw_cellulite,0,wave42/sdxl/body_type_bbw_cellulite/sdxl_hair_XL_FD-BBW-XXX-R16.safetensors,sdxl,body_type_bbw_cellulite,body_shape,installed,installed,2,True,333103dcc360fc7b56e5497065d8d821657eb16137ffb997e0ce95aec322d2db,105.17,
187,LoraLoader,W42-SDXL-0303 | body_type_bbw_cellulite,0,wave42/sdxl/body_type_bbw_cellulite/sdxl_jewelry_accessories_BBW_XL_Girls_indecent.safetensors,sdxl,body_type_bbw_cellulite,body_shape,installed,installed,2,True,e03bb3bfe78bfbaff351fd1c6704d4d4bf9e9a7d9f763070f64ce73ea795ad1f,217.87,
188,LoraLoader,W42-SDXL-0304 | body_type_bbw_cellulite,0,wave42/sdxl/body_type_bbw_cellulite/sdxl_body_type_bbw_cellulite_bbwbootyandbodXL.safetensors,sdxl,body_type_bbw_cellulite,body_shape,installed,installed,2,True,03bc396f5b3a301f59710351f228fcde4ea27887d40d5a1379d5904f8339f2ae,217.87,
189,LoraLoader,W42-SDXL-0305 | body_type_bbw_cellulite,0,wave42/sdxl/body_type_bbw_cellulite/sdxl_body_type_bbw_cellulite_bbwbutt_v1.safetensors,sdxl,body_type_bbw_cellulite,body_shape,installed,installed,2,True,2de1c4a0af384e196c24950b688410a5aae50e74cabbbe079dce89278f26250f,232.33,nsfw_scene_ass_spread|nsfw_scene_anal_cowgirl
190,LoraLoader,W42-SDXL-0276 | body_type_latina,0,wave42/sdxl/body_type_latina/sdxl_jewelry_accessories_Thick_Latina_Women-000007.safetensors,sdxl,body_type_latina,body_shape,installed,installed,2,True,b221534c3a652c305e7f23faabd359b0c5f155a70da89de6822dc347d1d5bc47,435.35,
191,LoraLoader,W42-SDXL-0309 | body_type_latina,0,wave42/sdxl/body_type_latina/sdxl_hair_Busty_Latina.safetensors,sdxl,body_type_latina,body_shape,installed,installed,2,True,8474c82bc49af3ede82950d9a2710a9ce98aa466f82b3b7814ad9758e0de5777,217.88,character_latina_mature_female|nsfw_scene_breast_squeeze
192,LoraLoader,W42-SDXL-0338 | body_type_latina,0,wave42/sdxl/body_type_latina/sdxl_jewelry_accessories_hyper_realistic_bbw_latin_women.safetensors,sdxl,body_type_latina,body_shape,rejected_or_superseded,disabled,2,True,1e9f7d1192205ee3ad4cdee6fbbb302db17cdfc0017832848d3481afc0420f5f,217.9,
193,LoraLoader,W42-SDXL-0340 | body_type_latina,0,wave42/sdxl/body_type_latina/sdxl_body_type_latina_Latina_XL.safetensors,sdxl,body_type_latina,body_shape,rejected_or_superseded,disabled,2,True,3641be09362bd27bf4ebc1f58c2a24a3ba570718b2815d7f9281106052f3a042,217.87,
194,LoraLoader,W42-SDXL-0341 | body_type_latina,0,wave42/sdxl/body_type_latina/sdxl_hair_LatinaMILF.safetensors,sdxl,body_type_latina,body_shape,rejected_or_superseded,disabled,2,True,bdfb77cfa5004877eddbeb306849ec6c3257cd89c5654d22c331feab2cc3e15e,217.88,
195,LoraLoader,W42-SDXL-0352 | body_type_latina,0,wave42/sdxl/body_type_latina/sdxl_jewelry_accessories_Realistic_Latina_Thick_Ass_XL-IL-PD-000008.safetensors,sdxl,body_type_latina,body_shape,rejected_or_superseded,disabled,2,True,b5d0638c91a8aaff52327cddad779a7f343d8ed424357b44d42f2385e3f0dc02,217.87,
196,LoraLoader,W42-SDXL-0041 | clothing_fabric,0,wave42/sdxl/clothing_fabric/sdxl_clothing_fabric_brownthongkini-SDXL.safetensors,sdxl,clothing_fabric,clothing_fabric,installed,installed,2,True,5a6c0a5944eaaa401ab18022bb02f5fea003b5712313d75f0458eb443de352f0,324.99,
197,LoraLoader,W42-SDXL-0297 | clothing_fabric,0,wave42/sdxl/clothing_fabric/sdxl_face_expression_zava_viral_whire_bikini_v01.safetensors,sdxl,clothing_fabric,clothing_fabric,installed,installed,2,True,8e33979d4999d33adc13a7864f813a8e35216a50500912f6c3e2cce641f5cace,54.76,
198,LoraLoader,W42-SDXL-0058 | cum_fluids,0,wave42/sdxl/cum_fluids/sdxl_cum_fluids_cuminmouth_SDXL-10.safetensors,sdxl,cum_fluids,adult_act,installed,installed,2,True,56ea5b2efa95a0b0e4572e27fa393a3fbbb8e0923586f80246621d9e5ed7c5bd,54.76,
199,LoraLoader,W42-SDXL-0060 | cum_fluids,0,wave42/sdxl/cum_fluids/sdxl_jewelry_accessories_cumspitting_SDXL_epoch_20.safetensors,sdxl,cum_fluids,adult_act,installed,installed,2,True,1dce6a1310bc9f2c6f72b127003d9e27e01b1b66554209623c7114b9a2f8b64d,217.87,
200,LoraLoader,W42-SDXL-0061 | cum_fluids,0,wave42/sdxl/cum_fluids/sdxl_adult_acts_CumSwapXL.safetensors,sdxl,cum_fluids,adult_act,installed,installed,2,True,cf51b546621ea733efc9d94015ff0ca6ed3b7c71d9c469afa6355a43a276e5e5,162.64,
201,LoraLoader,W42-SDXL-0251 | cum_fluids,0,wave42/sdxl/cum_fluids/sdxl_cum_fluids_realcumv6.55.safetensors,sdxl,cum_fluids,adult_act,installed,installed,2,True,13658345f7346c3e75e13b3592d98fa2e749bdd83d46628b933aec0f8b78e35b,690.25,nsfw_scene_cum
202,LoraLoader,W42-SDXL-0003 | experimental,0,wave42/sdxl/experimental/sdxl_experimental_543NBA53Q00ZASM9PF7CA4A270.safetensors,sdxl,experimental,experimental,installed,installed,2,True,deaf105c1dfcaaf47a2ea0b733bdb958d876ed54184fa1efd30ac1d873d06f41,217.88,
203,LoraLoader,W42-SDXL-0005 | experimental,0,wave42/sdxl/experimental/sdxl_experimental_afbbctnl.safetensors,sdxl,experimental,experimental,installed,installed,2,True,068bca897a4fd2aa51f13b5901bc47df7cf55021ae156fa7e990e11982e3ba93,649.67,
204,LoraLoader,W42-SDXL-0017 | experimental,0,wave42/sdxl/experimental/sdxl_experimental_AzaleaXL2.safetensors,sdxl,experimental,experimental,installed,installed,2,True,5a3d25533af275a6beca35c5451a8b5c00402726ccc01a60c8165b10734494c5,162.64,
205,LoraLoader,W42-SDXL-0050 | experimental,0,wave42/sdxl/experimental/sdxl_adult_acts_cockteaseLoRASDXL.safetensors,sdxl,experimental,experimental,installed,installed,2,True,b060332a63bfed8b948bbb864d92fb5c361a81b49f071783101707a2f7ddf21c,1740.16,
206,LoraLoader,W42-SDXL-0146 | experimental,0,wave42/sdxl/experimental/sdxl_adult_male_FappXL.safetensors,sdxl,experimental,experimental,installed,installed,2,True,e3898abc21913b9c7894ec6293d8861245383df92e46fcba438c2e330120cc2a,232.95,
207,LoraLoader,W42-SDXL-0157 | experimental,0,wave42/sdxl/experimental/sdxl_body_type_bbw_cellulite_finger_ass.safetensors,sdxl,experimental,experimental,installed,installed,2,True,f92830f476d6c79601e6b65d3fbdbef936f337f662ef3bf2b415ca92507f084b,54.76,
208,LoraLoader,W42-SDXL-0178 | experimental,0,wave42/sdxl/experimental/sdxl_face_identity_grabsyheadie5.safetensors,sdxl,experimental,experimental,installed,installed,2,True,f5906ac131f286f33e0ce3998e2816c52b4e814333c9a96cd30d49432b9deb13,517.76,
209,LoraLoader,W42-SDXL-0181 | experimental,0,wave42/sdxl/experimental/sdxl_face_identity_hair-over-face-01-000007.safetensors,sdxl,experimental,experimental,installed,installed,2,True,59e859eea2d366ebfd7a5e4aaacf5257de3c3431ebb00884a46bd0cb036c7d6a,217.87,
210,LoraLoader,W42-SDXL-0183 | experimental,0,wave42/sdxl/experimental/sdxl_face_identity_HairBobbles_SDXL_v2.safetensors,sdxl,experimental,experimental,installed,installed,2,True,7261e20d899f0b19e8bcaa67d79a2373cdbfc19df57da8eaa0d23c251ff9b759,653.31,
211,LoraLoader,W42-SDXL-0194 | experimental,0,wave42/sdxl/experimental/sdxl_face_expression_Julia_Flip-000005.safetensors,sdxl,experimental,experimental,installed,installed,2,True,e1f6cb84f238f4150b643d9e6b42de8627a89ba70ae9e40ecf6fb0a56495d34a,217.87,
212,LoraLoader,W42-SDXL-0216 | experimental,0,wave42/sdxl/experimental/sdxl_face_identity_msk-djm230x-SDXL-E2.safetensors,sdxl,experimental,experimental,installed,installed,2,True,ba6eeeecc94439dac587c56b973a12b5de359891fd242731ab25f8b528296a45,435.34,
213,LoraLoader,W42-SDXL-0260 | experimental,0,wave42/sdxl/experimental/sdxl_body_type_bbw_cellulite_SDXL_DatAss_v1.safetensors,sdxl,experimental,experimental,installed,installed,2,True,60b89af082dff91f902a6ed0276b399d83e1342000ea55cec1f2e53abbd60625,1740.16,
214,LoraLoader,W42-SDXL-0271 | experimental,0,wave42/sdxl/experimental/sdxl_face_identity_StringThingv2SDXL.safetensors,sdxl,experimental,experimental,installed,installed,2,True,aca38888b4067fa9257de11d3b1dfc4ff64a4410b28e6332da189126fe45bdc5,259.06,
215,LoraLoader,W42-SDXL-0291 | experimental,0,wave42/sdxl/experimental/sdxl_face_expression_Veronica_Jones.safetensors,sdxl,experimental,experimental,installed,installed,2,True,d3db47b2ab0f9652556a340b4d352aadaa265fd7c90ed39fb939d7c0cb482d5e,217.87,
216,LoraLoader,W42-SDXL-0331 | experimental,0,wave42/sdxl/experimental/sdxl_experimental_gngpvdggy.safetensors,sdxl,experimental,experimental,rejected_or_superseded,disabled,2,True,8b00b6a326f2a5c018c198ca94cec41086cb74db7f59ea60c8e540fcbc1d8704,649.67,
217,LoraLoader,W42-SDXL-0333 | experimental,0,wave42/sdxl/experimental/sdxl_experimental_gngstB-000200.safetensors,sdxl,experimental,experimental,rejected_or_superseded,disabled,2,True,b1088bc81908e05c110c24cb6d51a284aed19ef3472700b834fffa7408c45ede,649.67,
218,LoraLoader,W42-SDXL-0334 | experimental,0,wave42/sdxl/experimental/sdxl_adult_male_Group_sdxl.safetensors,sdxl,experimental,experimental,rejected_or_superseded,disabled,2,True,e2491bbc95773734271251af0b836052391013f51cd3553a602ed41b5b29e874,217.87,
219,LoraLoader,W42-SDXL-0063 | face_expression,0,wave42/sdxl/face_expression/sdxl_face_expression_cwgr.safetensors,sdxl,face_expression,face_detail,installed,installed,2,True,40970e0120b222f4c3146e8cbfa1a8640a9969771eac76def0fa74a3c073cc42,435.34,sdxl_detail_pass
220,LoraLoader,W42-SDXL-0250 | face_expression,0,wave42/sdxl/face_expression/sdxl_jewelry_accessories_Real_ahegao.safetensors,sdxl,face_expression,face_detail,installed,installed,2,True,6745080274481235e511171dfe0e4955c02664793c1bce671fd09c41bc06092f,217.88,
221,LoraLoader,W42-SDXL-0019 | hair,0,wave42/sdxl/hair/sdxl_hair_b8174d41-8ba7-4318-bc14-53ee7e353d91.TA_trained.safetensors,sdxl,hair,character_identity,installed,installed,2,True,b72dbba89076442d25a8da9894830d1538b0c9ba22f957f068418a3a419aadb3,386.27,sdxl_detail_pass
222,LoraLoader,W42-SDXL-0049 | hair,0,wave42/sdxl/hair/sdxl_hair_cnnoblulnccXLrd.safetensors,sdxl,hair,character_identity,installed,installed,2,True,6443abc84bcdf54ddbac766e38db125db7c7d8cbe34cbbc5cb74152b747ab342,870.28,
223,LoraLoader,W42-SDXL-0062 | hair,0,wave42/sdxl/hair/sdxl_hair_curvy_and_juice.safetensors,sdxl,hair,character_identity,installed,installed,2,True,9501718fc336fe275f72d525a7aa549712b239edcc2cdd7ac7ecd9608e10eb82,652.83,
224,LoraLoader,W42-SDXL-0144 | hair,0,wave42/sdxl/hair/sdxl_hair_dumpy-000010.safetensors,sdxl,hair,character_identity,installed,installed,2,True,16d5fbe54db8aac3af69f4de459db0f6741bd751bcd8bf3b3ca98f965ccc4008,217.88,
225,LoraLoader,W42-SDXL-0177 | hair,0,wave42/sdxl/hair/sdxl_hair_grab_her_chin_SDXL_epoch_15.safetensors,sdxl,hair,character_identity,installed,installed,2,True,f16d73125be70e0ea914dfc01b0fa85670f3c9ab142805d35f8b426bdd10d1d2,217.87,
226,LoraLoader,W42-SDXL-0204 | hair,0,wave42/sdxl/hair/sdxl_hair_Long_hair_epc_6.safetensors,sdxl,hair,character_identity,installed,installed,2,True,9da37f8447e506e6fa48c203934505997b2929d69d1137f3856edd66a59377aa,435.34,
227,LoraLoader,W42-SDXL-0261 | hair,0,wave42/sdxl/hair/sdxl_hair_SDXL_long_hair_Sa_May.safetensors,sdxl,hair,character_identity,installed,installed,2,True,c35115ef6318aef4fa57cee56db64683403c0ca6ce9ff4284b69197289766047,217.87,
228,LoraLoader,W42-SDXL-0262 | hair,0,wave42/sdxl/hair/sdxl_hair_SDXL_Lucanna_MassiveCows-LoRa_v4e.safetensors,sdxl,hair,character_identity,installed,installed,2,True,28f9cef9c8eed2a9f16bd76e6f70a0983ba526260d2b9726232683d37b2cd8c7,217.88,
229,LoraLoader,W42-SDXL-0268 | hair,0,wave42/sdxl/hair/sdxl_hair_stdbhjXLrd.safetensors,sdxl,hair,character_identity,installed,installed,2,True,149ab8b052dbab88c4ff9b9d1b880ced63c3ee58900652842fa59e7fbdf64138,870.29,
230,LoraLoader,W42-SDXL-0301 | hair,0,wave42/sdxl/hair/sdxl_hair_BB-000011.TA_trained.safetensors,sdxl,hair,character_identity,installed,installed,2,True,90df17ae213b373775b5c7b029e387187e0545a925b2a15a4c4b7674bc79b30e,217.88,
231,LoraLoader,W42-SDXL-0314 | hair,0,wave42/sdxl/hair/sdxl_hair_ckgrbstXLrd.safetensors,sdxl,hair,character_identity,installed,installed,2,True,c1402f409b4a63560b66daa762097a8b67641c59410c044b6c6657e9e34e753c,870.3,
232,LoraLoader,W42-SDXL-0318 | hair,0,wave42/sdxl/hair/sdxl_hair_cofelXLrd.safetensors,sdxl,hair,character_identity,installed,installed,2,True,df9974821428f6528f288863c816759cc8ae83fee329ec9537d4e63d423ce712,870.31,
233,LoraLoader,W42-SDXL-0319 | hair,0,wave42/sdxl/hair/sdxl_hair_dblhjorlmxXLrd.safetensors,sdxl,hair,character_identity,installed,installed,2,True,c2eb58c33b23a99b28fa72beddfe751c2491306a5c005cc220383b617eb486b3,870.31,
234,LoraLoader,W42-SDXL-0321 | hair,0,wave42/sdxl/hair/sdxl_hair_dggycoopsplnccXLrd.safetensors,sdxl,hair,character_identity,installed,installed,2,True,3fe523450d5a3c3638313ef5c6ce833b39c20d73dfc36f4aeab09229c0f89587,870.3,
235,LoraLoader,W42-SDXL-0322 | hair,0,wave42/sdxl/hair/sdxl_hair_dgymltfntlnccXLrd.safetensors,sdxl,hair,character_identity,installed,installed,2,True,914d6e645c0acb7c80debc6250ccfbd42bb156757b3ef2249f15b09e213bfa3b,870.29,
236,LoraLoader,W42-SDXL-0324 | hair,0,wave42/sdxl/hair/sdxl_hair_dprvcglnskXLrd.safetensors,sdxl,hair,character_identity,rejected_or_superseded,disabled,2,True,acc92b6c95aa78a2a0bb9ebf597c39a98bab3848c75c0e9296944c1d6ba931d5,870.29,
237,LoraLoader,W42-SDXL-0326 | hair,0,wave42/sdxl/hair/sdxl_hair_flnscopmxXLrd.safetensors,sdxl,hair,character_identity,rejected_or_superseded,disabled,2,True,f92044c1c8398cf38f3094b79817f0e23969819d057d8ca1c46c005b82ff11ef,870.29,
238,LoraLoader,W42-SDXL-0330 | hair,0,wave42/sdxl/hair/sdxl_hair_gngknbkXLrd.safetensors,sdxl,hair,character_identity,rejected_or_superseded,disabled,2,True,e22cb07776d39407bc8fa66e957263567c8884444767429838261acfb1eaaddb,870.28,
239,LoraLoader,W42-SDXL-0350 | hair,0,wave42/sdxl/hair/sdxl_hair_prnbjlnccXLrd.safetensors,sdxl,hair,character_identity,rejected_or_superseded,disabled,2,True,af8ea27b1b5365fb2db592ed54b801ef6bf3327467042b352012c109eb6a748b,870.28,
240,LoraLoader,W42-SDXL-0353 | hair,0,wave42/sdxl/hair/sdxl_hair_rvcgmphXLrd.safetensors,sdxl,hair,character_identity,rejected_or_superseded,disabled,2,True,c63327bcd343b75332a176e9dd8c20e3fc638c48d0310befddd3425c049ecf19,870.3,
241,LoraLoader,W42-SDXL-0357 | hair,0,wave42/sdxl/hair/sdxl_hair_topsy1.safetensors,sdxl,hair,character_identity,rejected_or_superseded,disabled,2,True,95221fdc3b1585faa19c2215bb6cfa5393d6e4b5d6b30006d300db6fc52d6a20,217.87,
242,LoraLoader,W42-SDXL-0015 | inpaint_detail,0,wave42/sdxl/inpaint_detail/sdxl_inpaint_detail_AssSlaveV1.safetensors,sdxl,inpaint_detail,inpaint_detail,installed,installed,2,True,e03cc52559efb245e621871df81c2d0a4d9511029b5ebfea79de5f80a4557c6b,217.87,sdxl_detail_pass
243,LoraLoader,W42-SDXL-0004 | jewelry_accessories,0,wave42/sdxl/jewelry_accessories/sdxl_realism_base_Aesthetic_Nails.safetensors,sdxl,jewelry_accessories,final_polish,installed,installed,2,True,44e486863e627b81aa694b90d4752176e292a90dc473e9e11b5cf03fe2b4e677,217.88,
244,LoraLoader,W42-SDXL-0013 | jewelry_accessories,0,wave42/sdxl/jewelry_accessories/sdxl_jewelry_accessories_ASSDXL_Realistic.safetensors,sdxl,jewelry_accessories,final_polish,installed,installed,2,True,ead6e59eb9f218dab5d24b73559c8152bff365b528b897cc6b590ed000a9cf91,36.11,
245,LoraLoader,W42-SDXL-0071 | jewelry_accessories,0,wave42/sdxl/jewelry_accessories/sdxl_jewelry_accessories_Double_Blow-000005.safetensors,sdxl,jewelry_accessories,final_polish,installed,installed,2,True,d12222d160fcba67ac78fd504b338e6b74bbd1ecafec204f4fa22d259d36b575,217.87,
246,LoraLoader,W42-SDXL-0173 | jewelry_accessories,0,wave42/sdxl/jewelry_accessories/sdxl_jewelry_accessories_focorlkntXLrd.safetensors,sdxl,jewelry_accessories,final_polish,installed,installed,2,True,2625831cb46a3d3e15e622dde14a74f6581bc876d480d784c1abd2f5b600ff92,870.28,
247,LoraLoader,W42-SDXL-0185 | jewelry_accessories,0,wave42/sdxl/jewelry_accessories/sdxl_jewelry_accessories_Hand_on_Head_V2.safetensors,sdxl,jewelry_accessories,final_polish,installed,installed,2,True,369719e3af9fb00d7785d96abe15ff1539d630868566a5884088fd713a6e48ba,217.88,
248,LoraLoader,W42-SDXL-0187 | jewelry_accessories,0,wave42/sdxl/jewelry_accessories/sdxl_jewelry_accessories_Hands.safetensors,sdxl,jewelry_accessories,final_polish,installed,installed,2,True,2b280402901408c3f5e2b02e9f197feb500796a4b93e57e638ba8454755be10c,217.88,
249,LoraLoader,W42-SDXL-0255 | jewelry_accessories,0,wave42/sdxl/jewelry_accessories/sdxl_jewelry_accessories_Riding_with_hands_on_front.safetensors,sdxl,jewelry_accessories,final_polish,installed,installed,2,True,91c76f423e1d5f9cc3ef7589f48e4fa9d80f59c8813c12e7b353376e41fba081,217.87,
250,LoraLoader,W42-SDXL-0269 | jewelry_accessories,0,wave42/sdxl/jewelry_accessories/sdxl_jewelry_accessories_Straightened_Hair.safetensors,sdxl,jewelry_accessories,final_polish,installed,installed,2,True,c09e8d7a080afe958300eb841164f8667f4e26f780dd8eb95514d36dd1a50e3c,217.87,
251,LoraLoader,W42-SDXL-0294 | jewelry_accessories,0,wave42/sdxl/jewelry_accessories/sdxl_realism_base_White_nails.safetensors,sdxl,jewelry_accessories,final_polish,installed,installed,2,True,f00b1bf47cf4f9fcc46571cb1f9a4fc08bee3d819dbd27ad099babc26b14b3fb,217.87,
252,LoraLoader,W42-SDXL-0298 | jewelry_accessories,0,wave42/sdxl/jewelry_accessories/sdxl_jewelry_accessories_amabjscXLrd.safetensors,sdxl,jewelry_accessories,final_polish,installed,installed,2,True,f1b2296921eaaa4322271f252922bafb306e650cddfe669872293c75178fe6bd,870.31,
253,LoraLoader,W42-SDXL-0313 | jewelry_accessories,0,wave42/sdxl/jewelry_accessories/sdxl_jewelry_accessories_cgpscoplnccXLrd.safetensors,sdxl,jewelry_accessories,final_polish,installed,installed,2,True,354db51d5dd6d2c548a02cb1cc5fd0a2ff11df9b7d3e6a08c106460ad99288cd,870.3,
254,LoraLoader,W42-SDXL-0315 | jewelry_accessories,0,wave42/sdxl/jewelry_accessories/sdxl_jewelry_accessories_ckknorlXLrd.safetensors,sdxl,jewelry_accessories,final_polish,installed,installed,2,True,7bc425b76400e60b0c64e2fc2413d5106c772f09963e2b8976a3ca513913dee9,870.3,
255,LoraLoader,W42-SDXL-0323 | jewelry_accessories,0,wave42/sdxl/jewelry_accessories/sdxl_jewelry_accessories_dpdggyorlsdlnccXLrd.safetensors,sdxl,jewelry_accessories,final_polish,rejected_or_superseded,disabled,2,True,85297cd1877dfc348b9be5dc939642ecc4d3f1d71d54f29e81bfb79c53978b09,870.29,
256,LoraLoader,W42-SDXL-0348 | jewelry_accessories,0,wave42/sdxl/jewelry_accessories/sdxl_jewelry_accessories_orltgmltfwdlnXLrd.safetensors,sdxl,jewelry_accessories,final_polish,rejected_or_superseded,disabled,2,True,00c044dbd088edd4483f21dfd3e25c6c1fdfbe31e6db2f35f896714bdac981e7,870.29,
257,LoraLoader,W42-SDXL-0351 | jewelry_accessories,0,wave42/sdxl/jewelry_accessories/sdxl_jewelry_accessories_pvctrorlXLrd.safetensors,sdxl,jewelry_accessories,final_polish,rejected_or_superseded,disabled,2,True,6a17b21f7b9195bb56df817a11dc23cfdb8846204a824d4393e88d94d12f6f8b,870.31,
258,LoraLoader,W42-SDXL-0355 | jewelry_accessories,0,wave42/sdxl/jewelry_accessories/sdxl_jewelry_accessories_thfmxscXLrd.safetensors,sdxl,jewelry_accessories,final_polish,rejected_or_superseded,disabled,2,True,3b9991e13d7e0578474f63d90c83ab436347c2296534999190c699b401873e0a,870.3,
259,LoraLoader,W42-SDXL-0073 | pose_camera | ACTIVE_COPY,0,wave42/sdxl/pose_camera/sdxl_adult_male_Double_Kiss_POV.safetensors,sdxl,pose_camera,pose_camera,installed,installed,2,True,81dfddb3246862a1353222a96b128ac0fe9e6113483563dbff7283a08487d6cd,217.87,sdxl_base_realism
260,LoraLoader,W42-SDXL-0001 | realism_base,0,wave42/sdxl/realism_base/sdxl_realism_base_085e8df4-6d89-4468-ae58-c33f29be0541.safetensors,sdxl,realism_base,global_base,installed,installed,2,True,cff57b64bc96e756ff6881316bd6383e8d651c9d40b9908a0609e62e91cd4a99,217.87,
261,LoraLoader,W42-SDXL-0007 | realism_base,0,wave42/sdxl/realism_base/sdxl_realism_base_Amateur_Double_Penetration_Close_UP.safetensors,sdxl,realism_base,global_base,installed,installed,2,True,92eaa7591b6c26ec3147e98fcddb2d653df3e218da1a5339964e0cd1ac22ea77,870.28,
262,LoraLoader,W42-SDXL-0347 | realism_base,0,wave42/sdxl/realism_base/sdxl_realism_base_orlswlscXLrd.safetensors,sdxl,realism_base,global_base,rejected_or_superseded,disabled,2,True,5fa003712116c5df5b695677f9dbd21904b37f2f7e9e63190f085d11e6823bdc,870.29,
263,LoraLoader,W42-SDXL-0189 | skin_imperfections | ACTIVE_COPY,0,wave42/sdxl/skin_imperfections/sdxl_hair_heavily_freckled_SDXL_NSFW.safetensors,sdxl,skin_imperfections,skin_detail,installed,installed,2,True,344fd9735f04ccbdaafd2d0f7c2ab4cf8bd7f39cdf07675a9d71a47396471e3a,217.88,sdxl_base_realism
264,LoraLoader,W42-SDXL-0293 | skin_texture | ACTIVE_COPY,0,wave42/sdxl/skin_texture/sdxl_skin_texture_Wet_Makeup__Runny_Mascara-000006.safetensors,sdxl,skin_texture,skin_detail,installed,installed,2,True,3234f2819f7dfc73e14c88eb3633e1d9bf671d22d4d269648c4bebf453e3f198,217.88,sdxl_base_realism
265,LoraLoader,W42-FLUX-0008 | adult,0,wave42/flux/adult/flux_adult_anal_missionary.safetensors,flux,adult,adult_act,installed,installed,2,True,ab7415b75c4e9474bbd35c0af9d37fd6c45625fef3ed1968d2da8f6b9af4440b,73.14,
266,LoraLoader,W42-FLUX-0009 | adult,0,wave42/flux/adult/flux_adult_Anal_sex_From_behind_All_fours_Bent_over.safetensors,flux,adult,adult_act,installed,installed,2,True,00af314a9d3d48b34e83817ff21da043ceb3486215706f08fdf6d39801a5fad9,18.36,
267,LoraLoader,W42-FLUX-0012 | adult,0,wave42/flux/adult/flux_adult_Areola_Flux_Mary.safetensors,flux,adult,adult_act,installed,installed,2,True,887f73c6429d106e8bfc9e636134bc60bd60bc43570cfc570efdfbe213bbda96,18.44,
268,LoraLoader,W42-FLUX-0029 | adult,0,wave42/flux/adult/flux_adult_BLACKED_double_BJ.safetensors,flux,adult,adult_act,installed,installed,2,True,0110969239125558220a6151859b835d38ed34377e664817cefbce16f7a687fe,584.36,
269,LoraLoader,W42-FLUX-0030 | adult,0,wave42/flux/adult/flux_adult_BLOWJOB_1_.safetensors,flux,adult,adult_act,installed,installed,2,True,e3399ea0bec51d579ba1fc174f506a2863b7d04ac328cf09c8ed37b6b41ac29e,18.39,
270,LoraLoader,W42-FLUX-0035 | adult,0,wave42/flux/adult/flux_adult_Blowjob_various.safetensors,flux,adult,adult_act,installed,installed,2,True,bc71db79ee7182acfb1982f83dc5ca147b01d9cccf2a103886096b61eec328de,18.37,
271,LoraLoader,W42-FLUX-0069 | adult,0,wave42/flux/adult/flux_experimental_dickie.safetensors,flux,adult,adult_act,installed,installed,2,True,46c862028e2b6b67dcb442255fd114e9cb2486d773d2701dd6ecd556a82bb42a,37.93,
272,LoraLoader,W42-FLUX-0164 | adult,0,wave42/flux/adult/flux_experimental_FK_paizuri.safetensors,flux,adult,adult_act,path_verified,path_verified,2,True,9653861b8a4565c31400ce0901729ae293b8a056d7b9d640eacb1e0e96205947,158.03,nsfw_scene_tittyfuck
273,LoraLoader,W42-FLUX-0168 | adult,0,wave42/flux/adult/flux_skin_flux_anal_cowgirl.safetensors,flux,adult,adult_act,path_verified,path_verified,2,True,c1d4e7c6995195ceb46ca83f96f7eab095d2cc745cea34c314b87fb2ca583e5e,36.68,
274,LoraLoader,W42-FLUX-0169 | adult,0,wave42/flux/adult/flux_adult_Flux_eye_contact_blowjob.safetensors,flux,adult,adult_act,path_verified,path_verified,2,True,b98cbc1a26c7b51191f77093605d8afa7f9285a5c40b1a1cb2e60c1951bb0c95,18.4,
275,LoraLoader,W42-FLUX-0170 | adult,0,wave42/flux/adult/flux_adult_flux_titjob_lora_v1.safetensors,flux,adult,adult_act,path_verified,path_verified,2,True,7d14f96d94772f236415b7fd73823e2a70f75f8e9f561d4eda769ff66393ed16,327.88,
276,LoraLoader,W42-FLUX-0179 | adult,0,wave42/flux/adult/flux_adult_Group_Blowjob_-_Flux.safetensors,flux,adult,adult_act,path_verified,path_verified,2,True,d6f21e234612d8f31fd69a1bccf6eb849ee1ac5c204545618ffc2c2deb0c1ed7,18.37,
277,LoraLoader,W42-FLUX-0199 | adult,0,wave42/flux/adult/flux_experimental_klein-tittyfuck-11epoc-k3nk.safetensors,flux,adult,adult_act,path_verified,path_verified,2,True,c3791231948315543adb3ad6167bd46455282cc90bbf10d3b5fcfadfe57f0bee,632.03,
278,LoraLoader,W42-FLUX-0219 | adult,0,wave42/flux/adult/flux_adult_nipplediffusion-f1.safetensors,flux,adult,adult_act,path_verified,path_verified,2,True,04c3e5af8314fccd00900aadb716dc01a109453e190d8c7683d42bc71c03b9e5,146.17,
279,LoraLoader,W42-FLUX-0222 | adult,0,wave42/flux/adult/flux_adult_Nsfw_Gloryhole.safetensors,flux,adult,adult_act,path_verified,path_verified,2,True,42e403a7144e483ff0504d70c09d9a8f18949416d3c5ad7871ecb50d36f15c56,73.14,
280,LoraLoader,W42-FLUX-0223 | adult,0,wave42/flux/adult/flux_adult_Nsfw_Balls_Sucking.safetensors,flux,adult,adult_act,path_verified,path_verified,2,True,e1b6b935a1991f4fba1b2948743ae432c1e2c763bfbbc7596929e751ff11d57b,18.37,
281,LoraLoader,W42-FLUX-0224 | adult,0,wave42/flux/adult/flux_adult_Nsfw_DAP_Missionary.safetensors,flux,adult,adult_act,path_verified,path_verified,2,True,80fdc11cf62c25a579c60d07b28163751c17152efd035f63e2f936e6f891ecc5,18.37,
282,LoraLoader,W42-FLUX-0227 | adult,0,wave42/flux/adult/flux_adult_NSFW_master.safetensors,flux,adult,adult_act,path_verified,path_verified,2,True,84ce473cdeaa1ddd016cdf0406e08b43bb14c01d2c94ef48da2a035bb0b925c2,164.0,
283,LoraLoader,W42-FLUX-0232 | adult,0,wave42/flux/adult/flux_skin_Penis_on_Face.safetensors,flux,adult,adult_act,path_verified,path_verified,2,True,9ff4650caa51e4b07338555c4b2941eac41c6fec84d8afa642bdb8df13556293,36.65,
284,LoraLoader,W42-FLUX-0237 | adult,0,wave42/flux/adult/flux_adult_Pov_Blowjob_Flux.safetensors,flux,adult,adult_act,path_verified,path_verified,2,True,60bb90c3979b11250a8505a81d8ca2c06fc7e75f31e2c0cbff835bc9c18df0ad,45.78,
285,LoraLoader,W42-FLUX-0241 | adult,0,wave42/flux/adult/flux_adult_povtitjobv2.safetensors,flux,adult,adult_act,path_verified,path_verified,2,True,29ae521e47d543c85c3a47b35ed83e34cef8afb0950dea9ce5b4d3c98f13cca6,138.45,
286,LoraLoader,W42-FLUX-0242 | adult,0,wave42/flux/adult/flux_adult_psgrFLUX_1_.safetensors,flux,adult,adult_act,path_verified,path_verified,2,True,d977405896ab1827a78ace04b9ddafc6e150e0272d55a86138068241e42fb6b9,584.36,
287,LoraLoader,W42-FLUX-0263 | adult,0,wave42/flux/adult/flux_adult_Side_View_Blowjobs_For_Flux_Photographic_And_Anime.safetensors,flux,adult,adult_act,path_verified,path_verified,2,True,80c6c81c3e247b5bd8476a5a25e965e8793141f6ac2545f1748f35b4df1eb2a4,146.18,
288,LoraLoader,W42-FLUX-0280 | adult,0,wave42/flux/adult/flux_skin_tiny_penis.safetensors,flux,adult,adult_act,path_verified,path_verified,2,True,445566bc8b64c1e24d6149c132e5b8b76a40eb583bf1dcf203b24413b7bd51dd,18.46,character_old_fat_male|nsfw_scene_tittyfuck|nsfw_scene_anal_cowgirl|nsfw_scene_ball_lick|nsfw_scene_ball_suck
289,LoraLoader,W42-FLUX-0290 | adult,0,wave42/flux/adult/flux_experimental_uncut_penis_klein.safetensors,flux,adult,adult_act,path_verified,path_verified,2,True,b9fe1f27dc5a85cad6ad379f708179eb76a9d7dfbc52417ee7422f0e7bb08404,316.03,
290,LoraLoader,W42-FLUX-0296 | adult,0,wave42/flux/adult/flux_lighting_xpenis-uncut-15.0-000098.safetensors,flux,adult,adult_act,path_verified,path_verified,2,True,93d1f7be2b7f1b3e5eca2da8932393a34e2310dfc09857876266c80d1338917b,2337.32,
291,LoraLoader,W42-FLUX-0327 | adult,0,wave42/flux/adult/flux_adult_flux_breasts_horny_areolas_v1_horny_areolas_ep25_own.safetensors,flux,adult,adult_act,rejected_or_superseded,disabled,2,True,d6a8725f4450c556f5671f1e95d4a67d8e88e5b6ebaef0b21752fff65ad28d43,146.21,
292,LoraLoader,W42-FLUX-0345 | adult,0,wave42/flux/adult/flux_adult_Naked_huge_natural_breasts_for_FLUX-000027.safetensors,flux,adult,adult_act,rejected_or_superseded,disabled,2,True,1520856902966524d99db3f0ca2639f7f024c6dd79c483e2c77b84ee57abf682,36.66,
293,LoraLoader,W42-FLUX-0349 | adult,0,wave42/flux/adult/flux_adult_povblowjoblorav2.safetensors,flux,adult,adult_act,rejected_or_superseded,disabled,2,True,4b2bd2d1ebb655661c92663f1164e727663b9b0cc2db77180c7ae86dbe1ff9a0,138.79,
294,LoraLoader,W42-FLUX-0359 | adult,0,wave42/flux/adult/flux_adult_Veiny_v3-step00007800.safetensors,flux,adult,adult_act,rejected_or_superseded,disabled,2,True,46c61d68c895b271acce082825d53241567f738e5ab39b876cf322cf75292c9b,474.82,
295,LoraLoader,W42-FLUX-0360 | adult,0,wave42/flux/adult/flux_adult_ZIB__BBWNSFW_Plus_Size_Sag.safetensors,flux,adult,adult_act,rejected_or_superseded,disabled,2,True,49a7a04d1786ce4b098813ee1bb4c4f4d041d773bbbe1040f0b07dcb90dbdb55,162.25,
296,LoraLoader,W42-FLUX-0002 | body,0,wave42/flux/body/flux_body_26b72fcf-4156-403b-a901-aac648be4122.TA_trained.safetensors,flux,body,body_shape,installed,installed,2,True,9057e47f59c6cc004b1f3cfef77f7f2f895e06fab3ccc082bdde5726ad53b98e,584.38,
297,LoraLoader,W42-FLUX-0011 | body,0,wave42/flux/body/flux_body_AQueensTits_v1-2_rank16_bf16.safetensors,flux,body,body_shape,installed,installed,2,True,f29b599290455f1c19f7f115e6145e4fc1e9e2d105b8fb74c56423ac0ca6f931,64.18,
298,LoraLoader,W42-FLUX-0014 | body,0,wave42/flux/body/flux_experimental_AssGrab.safetensors,flux,body,body_shape,installed,installed,2,True,82eed9409ca7a01d8e27d4f43074c5b410fd9bebc1af7b57fe45cbd7541f347d,584.37,
299,LoraLoader,W42-FLUX-0016 | body,0,wave42/flux/body/flux_skin_Assthroughthong.safetensors,flux,body,body_shape,installed,installed,2,True,bad78c39986170740b097604348df26d89ecf0f752855fd1fe8488aaf2ce5ffe,18.39,
300,LoraLoader,W42-FLUX-0020 | body,0,wave42/flux/body/flux_experimental_BBL_Thick_Thighs.safetensors,flux,body,body_shape,installed,installed,2,True,95f0ae81dc70bdeb3b0553b9ca84be77756209b3db8d6e59283051a9b532be3a,18.37,
301,LoraLoader,W42-FLUX-0022 | body,0,wave42/flux/body/flux_body_Bbw_flux.safetensors,flux,body,body_shape,installed,installed,2,True,e4d484102cceb9b481b391aa2f37682c52c7dc79846c35aad86413dd73262477,18.51,
302,LoraLoader,W42-FLUX-0025 | body,0,wave42/flux/body/flux_experimental_Big_Boobs.safetensors,flux,body,body_shape,installed,installed,2,True,e9ad4214a17c21493f30c92fc9142be244c604a79be0d9eae70d377260d82338,18.37,
303,LoraLoader,W42-FLUX-0026 | body,0,wave42/flux/body/flux_skin_Big_Butt_Grabbing-000001.safetensors,flux,body,body_shape,installed,installed,2,True,fef524cec80124495a36829bc2d16d70c560545ce02d152bfea771e49e6a3a4d,18.37,
304,LoraLoader,W42-FLUX-0036 | body,0,wave42/flux/body/flux_body_BodyLicious_Flux-V2.safetensors,flux,body,body_shape,installed,installed,2,True,1488a8c5965a62de881a5e2d5b8d428005fe5fc7f39beb158e71425e41c1a896,458.51,
305,LoraLoader,W42-FLUX-0038 | body,0,wave42/flux/body/flux_experimental_Breast_Grab_From_Behind_-_Concept__Flux_9B__epoch_10.safetensors,flux,body,body_shape,installed,installed,2,True,92d82b1a3820fcb73765023647a065b2ea93eaa654ac1218535580cda519b987,158.03,
306,LoraLoader,W42-FLUX-0039 | body,0,wave42/flux/body/flux_body_breastmassagev1_FLUX.safetensors,flux,body,body_shape,installed,installed,2,True,938a9ef0ded9740155730759179c407cd1bd020cca2224f5fa4c76320c5e8581,146.18,
307,LoraLoader,W42-FLUX-0040 | body,0,wave42/flux/body/flux_body_Breasts_overflow_large_boobs_in_small_bra_for_FLUX.safetensors,flux,body,body_shape,installed,installed,2,True,504b89371146fc17bfb3cb39a2fe268977b4675df53d57a41870d0175cd97eea,36.65,
308,LoraLoader,W42-FLUX-0042 | body,0,wave42/flux/body/flux_body_Busty_Ass-000003.safetensors,flux,body,body_shape,installed,installed,2,True,ce0585b8f8f8a804a7bbdbab641f4bf7a5c13e5624d53f318a9b96a30eec6eda,18.41,
309,LoraLoader,W42-FLUX-0044 | body,0,wave42/flux/body/flux_experimental_celluliteass-f2-klein-9b_v1.safetensors,flux,body,body_shape,installed,installed,2,True,0ee4fd3e064fe829ec3868d5b28e8d9e3e4e9d18c3419fe9923a169b78f095a1,158.03,
310,LoraLoader,W42-FLUX-0045 | body,0,wave42/flux/body/flux_experimental_cellulitecrazy_epoch_5.safetensors,flux,body,body_shape,installed,installed,2,True,fe971cdfc73c6a9ad421b77a60ec31af0b33bd6f8a82af6684745673832f6833,18.37,
311,LoraLoader,W42-FLUX-0053 | body,0,wave42/flux/body/flux_experimental_CoverBreastsWithTwoHandsFlux.1.0.safetensors,flux,body,body_shape,installed,installed,2,True,a2d6721fe8c164b463708b4014498faccd7d19eee77682543a6f250b9ac26d3d,409.82,
312,LoraLoader,W42-FLUX-0150 | body,0,wave42/flux/body/flux_body_Fatties.safetensors,flux,body,body_shape,path_verified,path_verified,2,True,8f929b5b003b658467ee8972e7090ff756d0030e6fecbccfcf82915852cb286f,18.42,
313,LoraLoader,W42-FLUX-0151 | body,0,wave42/flux/body/flux_experimental_FC_Flux_Perfect_Busts.safetensors,flux,body,body_shape,path_verified,path_verified,2,True,88f03d64eed0c646e3acd78c2e6db6b491a095a29223f14fdce8ba88dd6ac982,1186.3,
314,LoraLoader,W42-FLUX-0156 | body,0,wave42/flux/body/flux_experimental_femaleasshole-f2-klein-9b-musubituner.safetensors,flux,body,body_shape,path_verified,path_verified,2,True,3601cc529acc605cd11501655052fa8151fc4c23c8cf2c072f2bcc422b7c236d,158.04,
315,LoraLoader,W42-FLUX-0172 | body,0,wave42/flux/body/flux_body_fluxxy_sexy_soaking_wet_women.safetensors,flux,body,body_shape,path_verified,path_verified,2,True,64438d3e5799c944e7a6cc9206eb499ec03bd58a3b1f24e3fd912f03072e7385,18.44,
316,LoraLoader,W42-FLUX-0180 | body,0,wave42/flux/body/flux_body_Gyat_Body_Type_for_FLUX.safetensors,flux,body,body_shape,path_verified,path_verified,2,True,e87b4caeb93beb9f1809945b7c64feae3e32b6bfb0423946896e21ae7a16fc63,146.17,
317,LoraLoader,W42-FLUX-0192 | body,0,wave42/flux/body/flux_body_Huge_hips_and_buttocks_for_FLUX-000027.safetensors,flux,body,body_shape,path_verified,path_verified,2,True,b9d0ffa3dba725fea727232818b3e870bfe045342179ff1947168e2b369cdf13,18.48,
318,LoraLoader,W42-FLUX-0198 | body,0,wave42/flux/body/flux_experimental_klein-cellulite-massive-buttv2-2epoc-k3nk.safetensors,flux,body,body_shape,path_verified,path_verified,2,True,e32a8b6082fdc049a83090d7242d7d7f71580183e44b335070f386b1c660b447,158.03,
319,LoraLoader,W42-FLUX-0217 | body,0,wave42/flux/body/flux_body_Naked_large_hanging_breasts_for_FLUX.safetensors,flux,body,body_shape,path_verified,path_verified,2,True,4dfc36175bd5d93542868700856ec19628e38c9ae23c1dfdd3bfda59c6fb65a5,36.66,
320,LoraLoader,W42-FLUX-0233 | body,0,wave42/flux/body/flux_skin_Perfect_button_nose_small_upturned_nose_for_FLUX-000033.safetensors,flux,body,body_shape,path_verified,path_verified,2,True,0b8e857d0e17c2a3a5ed22d8c69dd648f2eb4de27f877a390e00797ce8e59c32,36.65,
321,LoraLoader,W42-FLUX-0239 | body,0,wave42/flux/body/flux_experimental_POV_Butt_Grab-000004.safetensors,flux,body,body_shape,path_verified,path_verified,2,True,23af4059ac8ee01b31f3684b8a07052aa35d398a5b6737f0c766990792b6f396,18.37,
322,LoraLoader,W42-FLUX-0253 | body,0,wave42/flux/body/flux_body_Realistic_Latina_Thick_Ass-GMR-000004.safetensors,flux,body,body_shape,path_verified,path_verified,2,True,6ca1174789e7429174e2ea010599ae1200a7fe1d3c63f7b1c23c73780f7256c7,18.39,
323,LoraLoader,W42-FLUX-0274 | body,0,wave42/flux/body/flux_experimental_thick_babes_002_f2k9b_000004080.safetensors,flux,body,body_shape,path_verified,path_verified,2,True,e22c391c0dc5d55724538463456d4a5db141cc3e326b8347692ab7e1341fa718,79.03,
324,LoraLoader,W42-FLUX-0275 | body,0,wave42/flux/body/flux_body_Thick_Body_Flux.safetensors,flux,body,body_shape,path_verified,path_verified,2,True,7b786bc8c384cd65eaa75d1905da489dce7774ed49047417d5a9ab66ef99dc35,18.37,
325,LoraLoader,W42-FLUX-0279 | body,0,wave42/flux/body/flux_body_TigOlBitties_rank16_bf16.safetensors,flux,body,body_shape,path_verified,path_verified,2,True,c1281c31d1d406525519ce4beba419e2dff5666f00ebf96dfc579ec639248a6f,64.18,
326,LoraLoader,W42-FLUX-0308 | body,0,wave42/flux/body/flux_body_busty-curvy.safetensors,flux,body,body_shape,rejected_or_superseded,disabled,2,True,dd37c5c7791636b14acc9d88523cc67f7f3865ecb58a4120f39842a53cd921a6,37.94,
327,LoraLoader,W42-FLUX-0325 | body,0,wave42/flux/body/flux_body_Fictional_Model_Vera_-_FLUX-000007.safetensors,flux,body,body_shape,rejected_or_superseded,disabled,2,True,8404542d4af5cc12da8e79c459528082cc99ddd8327a4cdab3e2f872668628ff,18.37,
328,LoraLoader,W42-FLUX-0328 | body,0,wave42/flux/body/flux_body_Flux_kissing_plus.safetensors,flux,body,body_shape,rejected_or_superseded,disabled,2,True,3119f85ab10a43d2f4eb2bca136aebddebc1bbb4743db5d2739c0440a197440c,36.66,
329,LoraLoader,W42-FLUX-0329 | body,0,wave42/flux/body/flux_body_fpov_cunnilingus.safetensors,flux,body,body_shape,rejected_or_superseded,disabled,2,True,fcf6009b9a2e0edbfc53dc3531489a9f2e0c77fc2646a5da2f9552bda5446227,146.22,
330,LoraLoader,W42-FLUX-0343 | body,0,wave42/flux/body/flux_experimental_lezdom-ass-domination.safetensors,flux,body,body_shape,rejected_or_superseded,disabled,2,True,e6264f3d47f0c96030f43708b4e744d8e099c93f3e7f27804a33f97d8dd575a5,331.1,
331,LoraLoader,W42-FLUX-0344 | body,0,wave42/flux/body/flux_body_LTX2.3_BBWBOUNCE_V1_MegaMilkMotion.safetensors,flux,body,body_shape,rejected_or_superseded,disabled,2,True,bdff17053d6271e54f862576599c00049ced075c4d2985b9fea050e8bbd4122f,643.01,
332,LoraLoader,W42-FLUX-0229 | character,0,wave42/flux/character/flux_experimental_orgasmface_flux_v2.safetensors,flux,character,character_identity,path_verified,path_verified,2,True,a2a853fb1122e47ed76889631f234cd7cb8dfae9c2a8ae0195d4310178364866,18.36,
333,LoraLoader,W42-FLUX-0006 | experimental,0,wave42/flux/experimental/flux_experimental_AJF2N6MW8BW29TT32YS5AY4ZC0.safetensors,flux,experimental,experimental,installed,installed,2,True,6afeb0cef5567dc0c05cb33c24da82f6051e62e860ab6ce6960a8cedbb0f682c,158.03,
334,LoraLoader,W42-FLUX-0046 | experimental,0,wave42/flux/experimental/flux_experimental_cheekjob.safetensors,flux,experimental,experimental,installed,installed,2,True,581f136b680b7adaf63f7dc2e66145c684af18ba116561e7f9754665cd11f2ce,36.64,
335,LoraLoader,W42-FLUX-0051 | experimental,0,wave42/flux/experimental/flux_experimental_cof6-batch6o-d16-n7-b2-lr8-512-768_1024.safetensors,flux,experimental,experimental,installed,installed,2,True,05fe0fa1b07f5364c3ac959771c6d8ecb478afe3cdb40a622c240f40689b3ac4,15.38,
336,LoraLoader,W42-FLUX-0056 | experimental,0,wave42/flux/experimental/flux_experimental_Cum_on_Tits_Flux.safetensors,flux,experimental,experimental,installed,installed,2,True,ce6255aa451126e22199d7a7267cefbbe798270a95bdc1abdbc592081235942f,18.4,
337,LoraLoader,W42-FLUX-0057 | experimental,0,wave42/flux/experimental/flux_experimental_Cuminator-000019.safetensors,flux,experimental,experimental,installed,installed,2,True,1c79e308d13adaec933df8164c9ceaa66258176a9e970f01c1c22db91fd3a3e2,292.24,
338,LoraLoader,W42-FLUX-0064 | experimental,0,wave42/flux/experimental/flux_experimental_denin-sh0rts.safetensors,flux,experimental,experimental,installed,installed,2,True,55dffdac84466e775c2128b36c7a1a07f38f79e36bc199d4be2bee41eb1c35e6,17.37,
339,LoraLoader,W42-FLUX-0065 | experimental,0,wave42/flux/experimental/flux_experimental_detail_enhancer_flux_v1.safetensors,flux,experimental,experimental,installed,installed,2,True,b83cb872820e61772d0e2a4ff41d6726262900eebb14d610fefb7e5cc15c4a93,655.63,
340,LoraLoader,W42-FLUX-0074 | experimental,0,wave42/flux/experimental/flux_experimental_Double_Penetration_v1.safetensors,flux,experimental,experimental,installed,installed,2,True,1b35d87ad06662c9e1b1e175a8b5f3554a10ec8d011946d1e9a938d94ac0a662,1209.14,
341,LoraLoader,W42-FLUX-0139 | experimental,0,wave42/flux/experimental/flux_experimental_dpdsFLUX.safetensors,flux,experimental,experimental,path_verified,path_verified,2,True,de5e3fef97ce79cc9ce0c1c716258e9db8fbdd5e32f87e4db75a4a7722b3c7f0,584.36,
342,LoraLoader,W42-FLUX-0141 | experimental,0,wave42/flux/experimental/flux_experimental_DroolingWoman_Flux.safetensors,flux,experimental,experimental,path_verified,path_verified,2,True,4eb2fd74c8fc0bea2a33238326c479b9b7907ea7ac3a1a4c6070bdfdd5be173f,18.38,
343,LoraLoader,W42-FLUX-0142 | experimental,0,wave42/flux/experimental/flux_experimental_dtsvFLUX_1_.safetensors,flux,experimental,experimental,path_verified,path_verified,2,True,2f4995159b223ad068d46ba15878a9be6df3d414bad04f191752fac08294621e,584.36,
344,LoraLoader,W42-FLUX-0145 | experimental,0,wave42/flux/experimental/flux_experimental_Eye_Detail_Flux_Lora_-_Inpainting.safetensors,flux,experimental,experimental,path_verified,path_verified,2,True,3107d1ffa5d185168fa33af4386dfb2b6ba813968e72f3c6de16ac7a7fb6bf7a,18.37,
345,LoraLoader,W42-FLUX-0153 | experimental,0,wave42/flux/experimental/flux_experimental_female_mouth.safetensors,flux,experimental,experimental,path_verified,path_verified,2,True,d7f5a7d4c88929f18eb21cf600b3c3d929c597cb1afe79c671e482c11ee51da8,18.37,
346,LoraLoader,W42-FLUX-0158 | experimental,0,wave42/flux/experimental/flux_experimental_fishhook-flux-15.safetensors,flux,experimental,experimental,path_verified,path_verified,2,True,80abd60acefde0f3e6c6640c04155a7d4819e358ebdbf56f06ad3d8f501dd766,32.1,
347,LoraLoader,W42-FLUX-0163 | experimental,0,wave42/flux/experimental/flux_experimental_fk_nelsondp.safetensors,flux,experimental,experimental,path_verified,path_verified,2,True,d87364bcff676843bbb20933f313d16715f095bae142ffad5b5c31a8c1acf25c,158.03,
348,LoraLoader,W42-FLUX-0167 | experimental,0,wave42/flux/experimental/flux_experimental_FLUX_Female_Anatomy.safetensors,flux,experimental,experimental,path_verified,path_verified,2,True,05080a865af3d3a7d527a41e28125bcf24eb141695f582a7ccc7906449b90d58,18.37,
349,LoraLoader,W42-FLUX-0176 | experimental,0,wave42/flux/experimental/flux_experimental_GodTierTits_v1-1_rank16_bf16.safetensors,flux,experimental,experimental,path_verified,path_verified,2,True,418d9ba46de99337a137b35d8f15a2bc4b5f26fe8938c2e7c519d195879a3c6c,64.18,
350,LoraLoader,W42-FLUX-0196 | experimental,0,wave42/flux/experimental/flux_experimental_kissing_with_extra_klein9b_v2_epoch.safetensors,flux,experimental,experimental,path_verified,path_verified,2,True,42ee4bc87d00f64a72497cb969656924bc3ad9da99ba98c675de37a809979486,158.03,
351,LoraLoader,W42-FLUX-0197 | experimental,0,wave42/flux/experimental/flux_experimental_klein-30O-cup-m4crom4sti4-v2-3epoc-k3nk.safetensors,flux,experimental,experimental,path_verified,path_verified,2,True,237ad6ff14e5df317db427837e680761e0613020049543ca0450843ba172a9ba,155.22,
352,LoraLoader,W42-FLUX-0202 | experimental,0,wave42/flux/experimental/flux_experimental_Licking_lips_sexy_expression_for_FLUX-000019.safetensors,flux,experimental,experimental,path_verified,path_verified,2,True,6e783ad6b9292f3808521bef48dd19f9475508d4f8730e375b76d212e34892ff,18.37,
353,LoraLoader,W42-FLUX-0207 | experimental,0,wave42/flux/experimental/flux_experimental_lora-000006.TA_trained.safetensors,flux,experimental,experimental,path_verified,path_verified,2,True,f010b1498b027c3fbbfa555195fd4e16e4ddea619e10ea02a4e75a0b60a34f65,584.36,
354,LoraLoader,W42-FLUX-0210 | experimental,0,wave42/flux/experimental/flux_experimental_MHBLicking_FLUX_epoch_18_Shurik.safetensors,flux,experimental,experimental,path_verified,path_verified,2,True,865263ca49f021b330312bbdefbf2b1e82fbb145deb3e6a7d7830f8092da768d,18.37,
355,LoraLoader,W42-FLUX-0220 | experimental,0,wave42/flux/experimental/flux_experimental_nipplediffusion-f2-klein-9b_v3.safetensors,flux,experimental,experimental,path_verified,path_verified,2,True,6ec8b53794a8303f696682496e26b0c727f9782b57e79a032f52ea9b6426d4ea,316.04,
356,LoraLoader,W42-FLUX-0235 | experimental,0,wave42/flux/experimental/flux_experimental_pm1sFlux.safetensors,flux,experimental,experimental,path_verified,path_verified,2,True,d291b50f5aac4c53b6c6be2a1dcb59c381205e254c643857834655d1af641642,584.36,
357,LoraLoader,W42-FLUX-0247 | experimental,0,wave42/flux/experimental/flux_experimental_pussydiffusion-f1.safetensors,flux,experimental,experimental,path_verified,path_verified,2,True,fc8bc42c38447d3755173c1c63a1d80638f519caa14cb4f30598ef50911fc323,146.17,
358,LoraLoader,W42-FLUX-0249 | experimental,0,wave42/flux/experimental/flux_experimental_r0up4s-v1.safetensors,flux,experimental,experimental,path_verified,path_verified,2,True,6f72f9cec3ff073ee09b55aee30926946f91b2841f2999645f63dee54679a80a,17.37,
359,LoraLoader,W42-FLUX-0256 | experimental,0,wave42/flux/experimental/flux_experimental_ridingsexscene_Flux_SMF_V01.safetensors,flux,experimental,experimental,path_verified,path_verified,2,True,94f946cae0eafc01202cbc85d59c8b09e51d10e6f3f034d11429072964a1f58c,82.92,
360,LoraLoader,W42-FLUX-0259 | experimental,0,wave42/flux/experimental/flux_experimental_saggy_flux.safetensors,flux,experimental,experimental,path_verified,path_verified,2,True,0c0625dbbd9b8d78350ba0d93e3012437c9577a1219dd8983e7a2d226401884c,128.3,
361,LoraLoader,W42-FLUX-0267 | experimental,0,wave42/flux/experimental/flux_experimental_standingdoggylora.safetensors,flux,experimental,experimental,path_verified,path_verified,2,True,2fff5ab5f388750431a8fa28db530acf8357a35693468b87401830d6c9573099,138.45,
362,LoraLoader,W42-FLUX-0272 | experimental,0,wave42/flux/experimental/flux_experimental_SuckingFingers-Flux-v1.safetensors,flux,experimental,experimental,path_verified,path_verified,2,True,da092e05ddf6a9044b170d052fc99bfce912d17217fead3117083985bee03dd0,36.63,
363,LoraLoader,W42-FLUX-0273 | experimental,0,wave42/flux/experimental/flux_experimental_tessuck.safetensors,flux,experimental,experimental,path_verified,path_verified,2,True,301588434f9830577bdbd306ec145ec98cab57263b66d5b3d707c7d11450781a,36.64,
364,LoraLoader,W42-FLUX-0284 | experimental,0,wave42/flux/experimental/flux_experimental_tittybed.safetensors,flux,experimental,experimental,path_verified,path_verified,2,True,a72c9f9b41dc78f031d5c46f00aef92500a3d53ae3029b4d1fd2961a6542704b,37.92,
365,LoraLoader,W42-FLUX-0285 | experimental,0,wave42/flux/experimental/flux_experimental_tng-all-v13.safetensors,flux,experimental,experimental,path_verified,path_verified,2,True,e3774fc0437696ef872ef3dff6b99dc7d0e129149bc8c3d1ff304a61c63d9700,360.22,
366,LoraLoader,W42-FLUX-0286 | experimental,0,wave42/flux/experimental/flux_experimental_tongue-flux-v2.1.safetensors,flux,experimental,experimental,path_verified,path_verified,2,True,201696f90e10eaf6fd98292ea6bde0fd9de637bab48e72ca9f597ba2a38d1cbd,64.16,
367,LoraLoader,W42-FLUX-0287 | experimental,0,wave42/flux/experimental/flux_experimental_tongue.safetensors,flux,experimental,experimental,path_verified,path_verified,2,True,e451edc9b843764189b44c61fc608882e560489cb1852d3fffedcd66396a9a68,36.11,
368,LoraLoader,W42-FLUX-0292 | experimental,0,wave42/flux/experimental/flux_experimental_wet-pussy-2.safetensors,flux,experimental,experimental,path_verified,path_verified,2,True,2eef3b2dfb67f0e4031a5e167779eeb0387d40df90b1de88b2f5a1c1f0b1dd4c,164.0,
369,LoraLoader,W42-FLUX-0302 | experimental,0,wave42/flux/experimental/flux_experimental_bbarl-flux.safetensors,flux,experimental,experimental,rejected_or_superseded,disabled,2,True,8576277a9331857d1cf864001c5d60f8a9ace9c99d542be54d4f599069c9d7a3,128.3,
370,LoraLoader,W42-FLUX-0310 | experimental,0,wave42/flux/experimental/flux_experimental_buxomBritsV12_v10.safetensors,flux,experimental,experimental,rejected_or_superseded,disabled,2,True,049d57a5e8670e87edc29a8e2f4a2bc24ddcd09776ccf42a91bb3d0abe0dfe15,5921.76,
371,LoraLoader,W42-FLUX-0311 | experimental,0,wave42/flux/experimental/flux_experimental_buxomUKHousewives_buxomUKHousewives.safetensors,flux,experimental,experimental,rejected_or_superseded,disabled,2,True,98f2f329a59b04757ef9262f101e5392acb072a7680fa12e1a9c63bc43734b8e,2033.83,
372,LoraLoader,W42-FLUX-0335 | experimental,0,wave42/flux/experimental/flux_experimental_HarunaHana-15.safetensors,flux,experimental,experimental,rejected_or_superseded,disabled,2,True,169feeef0f0500a3d27492ce39a22157b394fd1f60805123cf780a31ff5d0d01,36.13,
373,LoraLoader,W42-FLUX-0342 | experimental,0,wave42/flux/experimental/flux_experimental_lesbianPussyLicking.safetensors,flux,experimental,experimental,rejected_or_superseded,disabled,2,True,5c990be526980ff8940e96cce96dc3f2207dfca8cf39020971ca5c6d027021ac,327.88,
374,LoraLoader,W42-FLUX-0171 | lighting,0,wave42/flux/lighting/flux_lighting_FluxPawgV4.safetensors,flux,lighting,lighting_grade,path_verified,path_verified,2,True,95a3c96897720396115c256683fe2c2c043ff63b4424fb4c7b3ccb44bd41f9da,18.48,flux_detail_pass
375,LoraLoader,W42-FLUX-0188 | lighting,0,wave42/flux/lighting/flux_lighting_Hands_in_Pants-000004.safetensors,flux,lighting,lighting_grade,path_verified,path_verified,2,True,5557e0ad30add9aaa2223d2cb50f3081adc464baa60de5c7ab97da6008cf6a23,18.42,
376,LoraLoader,W42-FLUX-0201 | lighting,0,wave42/flux/lighting/flux_lighting_l.safetensors,flux,lighting,lighting_grade,path_verified,path_verified,2,True,8a2304d3ec427fd706f95d463e8ab07233754cf221702d50831b2e54c644a907,18.38,nsfw_scene_anal_cowgirl
377,LoraLoader,W42-FLUX-0212 | lighting,0,wave42/flux/lighting/flux_lighting_microbikini_v2b.safetensors,flux,lighting,lighting_grade,path_verified,path_verified,2,True,740558deb4be5c7bc0495d8c3bacb889f59bbc0641b4cf13118fb66b3abec3e3,54.92,
378,LoraLoader,W42-FLUX-0037 | skin,0,wave42/flux/skin/flux_skin_Bombshell_Flux_V3.safetensors,flux,skin,skin_detail,installed,installed,2,True,e4c1a7eb7e89415198aff67d52735964fca0a29025cc6b6cb9c4eea507832fd1,146.18,
379,LoraLoader,W42-FLUX-0067 | skin,0,wave42/flux/skin/flux_skin_Detailed_imperfect_skin_faces_and_torso_for_FLUX-000025.safetensors,flux,skin,skin_detail,installed,installed,2,True,b3a6605905af2e02d0c4802fef2f6645d943168d122a9c4b2d95e3764496df51,36.66,flux_detail_pass
380,LoraLoader,W42-FLUX-0152 | skin,0,wave42/flux/skin/flux_skin_FC-Bandeau.safetensors,flux,skin,skin_detail,path_verified,path_verified,2,True,766b3dfb3f665d49522c7e94b0a58ab94a7763dd65199c8ea51066ee82daaf43,151.27,
381,LoraLoader,W42-FLUX-0184 | skin,0,wave42/flux/skin/flux_skin_hairstyle-lora-001-v1-0-flux.safetensors,flux,skin,skin_detail,path_verified,path_verified,2,True,73ed69db1a87aeaf9d3d17940b86cfcaea92e6638450063ed34e27e436cc2ec3,37.92,
382,LoraLoader,W42-FLUX-0221 | skin,0,wave42/flux/skin/flux_skin_nipples_texture_closeup.safetensors,flux,skin,skin_detail,path_verified,path_verified,2,True,bc9fcfbac1701b7ec436e5e67388aa44ca8aa1368b64548d3df0115c77987a1d,164.0,
383,LoraLoader,W42-FLUX-0228 | skin,0,wave42/flux/skin/flux_skin_OiledSkin_FluxDev.safetensors,flux,skin,skin_detail,path_verified,path_verified,2,True,4a0c0f8e8c45587aa12ead2e785c1f21df452d933a51793ec7e3e4e3d6eb1c03,327.88,
384,LoraLoader,W42-FLUX-0234 | skin,0,wave42/flux/skin/flux_skin_Pink_Thong_Bikini-000007.safetensors,flux,skin,skin_detail,path_verified,path_verified,2,True,cbb57d91636575f9ed6676ef530f91d9eb86098be8a27fed0596d63de02c509c,18.37,
385,LoraLoader,W42-FLUX-0257 | skin,0,wave42/flux/skin/flux_skin_RingString_-_Thong_Concept.safetensors,flux,skin,skin_detail,path_verified,path_verified,2,True,f7c1ad8ebf209382cc4c3289ce680616130d502c93a51231d7083059ab02459e,36.11,
386,LoraLoader,W42-FLUX-0270 | skin,0,wave42/flux/skin/flux_skin_Stretch_Marks.safetensors,flux,skin,skin_detail,path_verified,path_verified,2,True,f55ba59c2e373e318d8427bd6f0538bada3e8acd11649fb2e22f539ec2bfbeb8,18.38,
387,LoraLoader,W42-FLUX-0282 | skin,0,wave42/flux/skin/flux_skin_titfuckv14_FLUX.safetensors,flux,skin,skin_detail,path_verified,path_verified,2,True,9ba8c3557d817cace47c254d259d12e24728b6f93f4d914738bf1cf79e82db37,292.26,
388,LoraLoader,W42-FLUX-0010 | style,0,wave42/flux/style/flux_experimental_anatomy_fineart_nudity_by_caith.safetensors,flux,style,environment_style,installed,installed,2,True,6243577c9719f1ec6f2e7f0bf9e0056cce4c85432eaf61693b556235e9cb819c,128.5,
389,LoraLoader,W42-FLUX-0182 | style,0,wave42/flux/style/flux_style_Hair_Style_Wet_Hair-Weak.safetensors,flux,style,environment_style,path_verified,path_verified,2,True,2d0c893944c97021c1b6a6e16ac17a6b2477811f883a2e0b56ade41522d3951d,219.25,
390,LoraLoader,W42-PONY-0055 | adult_acts,0,wave42/pony/adult_acts/pony_unclassified_Cum_on_Dark_Skin_Black_Girl_Facials_SDXLPONY_-_Black_Girl_Ebony_Cum_Helper.safetensors,pony,adult_acts,adult_act,installed,installed,2,True,2191ae9b9bb91452e5cd207487eab065c7d7d68828dc6e5342095d599b348cde,217.87,
391,LoraLoader,W42-PONY-0155 | adult_body_parts,0,wave42/pony/adult_body_parts/pony_unclassified_Female_Tongue_Mouth_and_Teeth_-_PONY-v2.safetensors,pony,adult_body_parts,adult_body_part,path_verified,path_verified,2,True,9be52c8d5f18cabf237b0f24dd2dd8b2509faa777979aabeaeafa4bea24a0d67,217.87,
392,LoraLoader,W42-PONY-0068 | general,0,wave42/pony/general/pony_unclassified_dggy.safetensors,pony,general,experimental,installed,installed,2,True,e66b792451eb28f12d1399c6a7cd680d7bdb60ca6c39a5229ca1788e08aeb5f8,435.34,
393,LoraLoader,W42-SD15-0281 | adult,0,wave42/sd15/adult/sd15_unclassified_titfuck.safetensors,sd15,adult,adult_act,path_verified,path_verified,2,True,8ba356ba0fd17fe77499a6d1943e302882772f3132b6c16575918a4283aa0aa0,327.88,
394,LoraLoader,W42-SD15-0214 | clothing,0,wave42/sd15/clothing/sd15_unclassified_MS_Real_Thong_Peek_Lite.safetensors,sd15,clothing,clothing_fabric,path_verified,path_verified,2,True,7aaf00f1db87270f804fc8f27e6484eb96e05979964e7a9ea9339dfe32c7144a,144.12,
395,LoraLoader,W42-SD15-0289 | detail,0,wave42/sd15/detail/sd15_unclassified_TonguesAndAhegaoV1.safetensors,sd15,detail,inpaint_detail,path_verified,path_verified,2,True,21257e7ded9abfe0d7dcc4aaa5b5707d16616016d98da1584d83372f4a4d7c29,74.41,
396,LoraLoader,W42-UNKNOWN-0300 | adult_review,0,wave42/disabled_review/adult_review/unknown_unclassified_BallLickingv2.safetensors,disabled_review,adult_review,adult_act,rejected_or_superseded,disabled,2,True,f141eba685ea5b8b9f4cad88b7891b7044f2d2e1cc8b9567cb5f9fdb4b0bd632,417.04,nsfw_scene_ball_lick|nsfw_scene_ball_suck|disabled_review
397,LoraLoader,W42-UNKNOWN-0306 | adult_review,0,wave42/disabled_review/adult_review/unknown_unclassified_bbwFantasy_v10.safetensors,disabled_review,adult_review,adult_act,rejected_or_superseded,disabled,2,True,9c53015fac181eab014ecc2abbf67883925ef115f4ffc36903697e3d16e936cb,2978.01,disabled_review
398,LoraLoader,W42-UNKNOWN-0048 | engine_mismatch,0,wave42/disabled_review/engine_mismatch/unknown_unclassified_closeupface-v1.1.safetensors,disabled_review,engine_mismatch,experimental,disabled_review,installed,2,True,1c21dffd1a476e2b71c1215602facef8c0f0550b7af8c7869ffef69ccc1c67da,307.58,disabled_review
399,LoraLoader,W42-UNKNOWN-0231 | engine_mismatch,0,wave42/disabled_review/engine_mismatch/unknown_unclassified_PassionateKissing_FINAL_HunYuan.safetensors,disabled_review,engine_mismatch,experimental,disabled_review,path_verified,2,True,9f82772cf08044c6a1c2f1009ea8181d9ef939bdd82d5cbaf5d82ef83417bcde,153.83,disabled_review
400,LoraLoader,W42-UNKNOWN-0066 | inpaint_detail,0,wave42/disabled_review/inpaint_detail/unknown_unclassified_Detailed_Hands-000001.safetensors,disabled_review,inpaint_detail,inpaint_detail,disabled_review,installed,2,True,db03488d97d57fc4024322ba799dbf4ef3c894dfeeb2560d1fbed994f842a335,85.59,disabled_review
401,LoraLoader,W42-UNKNOWN-0205 | inpaint_detail,0,wave42/disabled_review/inpaint_detail/unknown_unclassified_longtongue-v2.safetensors,disabled_review,inpaint_detail,inpaint_detail,disabled_review,path_verified,2,True,f7c968483fd7679739009708a12b8385babd0e87865f83773c5b94158c1b0409,29.06,disabled_review
402,LoraLoader,W42-UNKNOWN-0218 | inpaint_detail,0,wave42/disabled_review/inpaint_detail/unknown_unclassified_NEGATIVE_HANDS.safetensors,disabled_review,inpaint_detail,inpaint_detail,disabled_review,path_verified,2,True,1411f312e096b3a0313f9c03f489f39cc24b8c34466aecfa1c80c7e942b9f88b,0.02,disabled_review
403,LoraLoader,W42-UNKNOWN-0252 | inpaint_detail,0,wave42/disabled_review/inpaint_detail/unknown_unclassified_realistic_hands.safetensors,disabled_review,inpaint_detail,inpaint_detail,disabled_review,path_verified,2,True,7378e3b7644562e23df261999e6c7f0250ab976b81dbe169ef63d6cb39c52f62,164.0,disabled_review
404,LoraLoader,W42-UNKNOWN-0288 | sd15_candidate,0,wave42/disabled_review/sd15_candidate/unknown_unclassified_tongue28.safetensors,disabled_review,sd15_candidate,experimental,disabled_review,path_verified,2,True,5768ed1e62b3e32f43f2cf5e04aad7e0b03216a6a0373bd98d0e349ff136784b,207.08,disabled_review
405,LoraLoader,W42-UNKNOWN-0312 | sd15_candidate,0,wave42/disabled_review/sd15_candidate/unknown_unclassified_cellumixv3.safetensors,disabled_review,sd15_candidate,experimental,rejected_or_superseded,disabled,2,True,4fe6c86283a02493ef370d7fd10ac0f97774a6ca3fcc985bfdeb9f0cd4f04332,36.12,nsfw_scene_ass_spread|disabled_review
406,LoraLoader,W42-UNKNOWN-0018 | unclassified,0,wave42/disabled_review/unclassified/unknown_unclassified_b3ll13-d8nc3r-v2.0.safetensors,disabled_review,unclassified,experimental,disabled_review,installed,2,True,f9b06c84c94ffd9332e8891a334be901b2a54348e72e342e84f535455d30e553,307.58,disabled_review
407,LoraLoader,W42-UNKNOWN-0047 | unclassified,0,wave42/disabled_review/unclassified/unknown_unclassified_chest_adjust.safetensors,disabled_review,unclassified,experimental,disabled_review,installed,2,True,8ac92a436955dff44e3e86f24928ee11e491287bceb531b07f0c2272fc34723f,11.31,disabled_review
408,LoraLoader,W42-UNKNOWN-0203 | unclassified,0,wave42/disabled_review/unclassified/unknown_unclassified_LK66_2000_steps_03002_.safetensors,disabled_review,unclassified,experimental,disabled_review,path_verified,2,True,108774ed1132be0d0fa95befb127cce0a608979021bea5896b79945f3d51a541,121.28,disabled_review
409,LoraLoader,W42-UNKNOWN-0213 | unclassified,0,wave42/disabled_review/unclassified/unknown_unclassified_Mouth_Opening_Slider_-_PNY_alpha1.0_rank4_noxattn_last.safetensors,disabled_review,unclassified,experimental,disabled_review,path_verified,2,True,de27d3db23b4fec7e54654162cb6bcceaf1fd7cbe8d4336ce31d9bdf55e1392c,8.38,disabled_review
410,LoraLoader,W42-UNKNOWN-0264 | unclassified,0,wave42/disabled_review/unclassified/unknown_unclassified_skin_texture_style_v5.safetensors,disabled_review,unclassified,experimental,disabled_review,path_verified,2,True,8e429dc8232ea00d988d9502a7e9a68d4c6e2fa7405a8e02ac0976214d2e23b4,641.5,disabled_review
411,Lora Loader Stack (rgthree),,0,adult_body_parts/areola/huge_areola-000008.safetensors,,,,,,0,,,,
411,Lora Loader Stack (rgthree),,2,body_types/latina/Latina_XL.safetensors,,,,,,0,,,,
411,Lora Loader Stack (rgthree),,4,wave42/flux/skin/flux_skin_Bombshell_Flux_V3.safetensors,,,,,,0,,,,
10,CheckpointLoaderSimple,,0,flux1-dev-fp8.safetensors,,,,,,0,,,,
