"relative_path","full_path","size_bytes","sha256","extension","last_write_time","purpose","update_policy"
"Plan\Instructions\AI_PROJECT_MANAGER_DYNAMIC_OPERATING_MODEL.md","C:\Comfy_UI_Main\Plan\Instructions\AI_PROJECT_MANAGER_DYNAMIC_OPERATING_MODEL.md","9163","71b8a51bba566db3de61c038d3974d36ecbb2a68e3fd6fe04f44ecb2cd2ad1d3",".md","2026-07-06T05:21:42","Markdown documentation/instruction/reference file.","read_only_unless_instruction_wave_or_correction_requires_update"
"Plan\Instructions\AUTONOMOUS_CODEX_DESKTOP_MASTER_MANUAL.md","C:\Comfy_UI_Main\Plan\Instructions\AUTONOMOUS_CODEX_DESKTOP_MASTER_MANUAL.md","13909","ab82b62da2de9687deba23990a74ccb7b52eb1dba71dee5d7c75c60753e6e2d4",".md","2026-07-06T05:21:42","Markdown documentation/instruction/reference file.","read_only_unless_instruction_wave_or_correction_requires_update"
"Plan\Instructions\AUTONOMOUS_DECISION_TREE_AND_RECOVERY_PROTOCOL.md","C:\Comfy_UI_Main\Plan\Instructions\AUTONOMOUS_DECISION_TREE_AND_RECOVERY_PROTOCOL.md","8756","06eef1c34000b6c4ef700f47f78d650ef5bdbe621f74151210922f1cdcfe6057",".md","2026-07-06T05:21:42","Markdown documentation/instruction/reference file.","read_only_unless_instruction_wave_or_correction_requires_update"
"Plan\Instructions\COMPLETION_DEFINITION_AND_DONE_GATE.md","C:\Comfy_UI_Main\Plan\Instructions\COMPLETION_DEFINITION_AND_DONE_GATE.md","7592","9ec4aaa021178e9ede8a20722ff28ce7df72f0998dc26f2a72aced98b215349f",".md","2026-07-06T05:21:42","Markdown documentation/instruction/reference file.","read_only_unless_instruction_wave_or_correction_requires_update"
"Plan\Instructions\DAILY_SESSION_REHYDRATION_PROTOCOL.md","C:\Comfy_UI_Main\Plan\Instructions\DAILY_SESSION_REHYDRATION_PROTOCOL.md","6792","e1353f7fdbdc0f2abceb70a992bc30268ba4e40ef7990adf594b7c7e4daffb70",".md","2026-07-06T05:21:42","Markdown documentation/instruction/reference file.","read_only_unless_instruction_wave_or_correction_requires_update"
"Plan\Instructions\Hydration_Rehydration\AUTONOMOUS_SESSION_STATE_TEMPLATE.md","C:\Comfy_UI_Main\Plan\Instructions\Hydration_Rehydration\AUTONOMOUS_SESSION_STATE_TEMPLATE.md","1728","7fcf06794c55321b44daece299163f6876ee18af3da24490a8a4690338d30426",".md","2026-07-06T05:23:46","Session continuity state used for Codex rehydration/resume.","update_continuously_and_before_session_end"
"Plan\Instructions\Hydration_Rehydration\BLOCKERS.md","C:\Comfy_UI_Main\Plan\Instructions\Hydration_Rehydration\BLOCKERS.md","4289","8090ef0f2fb2ad5559015a6056f581db59145888b1c811ebcefa1526a9ed2011",".md","2026-07-06T03:11:59","Session continuity state used for Codex rehydration/resume.","update_continuously_and_before_session_end"
"Plan\Instructions\Hydration_Rehydration\BUG_ISSUE_FIX_LOG_PROTOCOL.md","C:\Comfy_UI_Main\Plan\Instructions\Hydration_Rehydration\BUG_ISSUE_FIX_LOG_PROTOCOL.md","1328","a28c6178b4ae3ef24e306ec42f38dbb90dc0bd9352f7b0c98d715ff092ad76fa",".md","2026-07-06T05:23:46","Session continuity state used for Codex rehydration/resume.","update_continuously_and_before_session_end"
"Plan\Instructions\Hydration_Rehydration\CUMULATIVE_WAVE_PACK_BUILD_PROTOCOL.md","C:\Comfy_UI_Main\Plan\Instructions\Hydration_Rehydration\CUMULATIVE_WAVE_PACK_BUILD_PROTOCOL.md","1929","514cafd560c5345b5d6060d04ed7f05301448b4c782e5287fe017afc4359fad1",".md","2026-07-06T05:23:46","Session continuity state used for Codex rehydration/resume.","update_continuously_and_before_session_end"
"Plan\Instructions\Hydration_Rehydration\CURRENT_PURSUING_GOAL.md","C:\Comfy_UI_Main\Plan\Instructions\Hydration_Rehydration\CURRENT_PURSUING_GOAL.md","1237","db5798be9fd658ab1171050f4840d3dbb7e46decd4e4517ee4c1ffff032bacfd",".md","2026-07-06T03:11:28","Session continuity state used for Codex rehydration/resume.","update_continuously_and_before_session_end"
"Plan\Instructions\Hydration_Rehydration\CURRENT_SESSION_STATE.md","C:\Comfy_UI_Main\Plan\Instructions\Hydration_Rehydration\CURRENT_SESSION_STATE.md","6050","dfbec5d2633d94ba20814f8f92ffbb1e167376936ec5ef228f808d749f9eddfb",".md","2026-07-06T03:13:08","Session continuity state used for Codex rehydration/resume.","update_continuously_and_before_session_end"
"Plan\Instructions\Hydration_Rehydration\CURRENT_STATUS_AND_NEXT_ACTION_TEMPLATE.md","C:\Comfy_UI_Main\Plan\Instructions\Hydration_Rehydration\CURRENT_STATUS_AND_NEXT_ACTION_TEMPLATE.md","732","dce12938feab963cebf2aec93432b0bd22b7e6e92bb40f594f4a9626a9e1b070",".md","2026-07-06T05:23:46","Session continuity state used for Codex rehydration/resume.","update_continuously_and_before_session_end"
"Plan\Instructions\Hydration_Rehydration\ISSUE_FIX_LOG.md","C:\Comfy_UI_Main\Plan\Instructions\Hydration_Rehydration\ISSUE_FIX_LOG.md","6955","4214a4d8b5e1c76173d571a27aea99a4a7ffdb2eefde8e42a9b785f50768f8d9",".md","2026-07-06T02:00:09","Session continuity state used for Codex rehydration/resume.","update_continuously_and_before_session_end"
"Plan\Instructions\Hydration_Rehydration\ITEMIZED_LIST_UPDATE_PROTOCOL.md","C:\Comfy_UI_Main\Plan\Instructions\Hydration_Rehydration\ITEMIZED_LIST_UPDATE_PROTOCOL.md","1205","771dff9f7a48c62910adb5a89d8deb3156b9bf6efdde47978f7f6b1c000c864f",".md","2026-07-06T05:23:46","Session continuity state used for Codex rehydration/resume.","update_continuously_and_before_session_end"
"Plan\Instructions\Hydration_Rehydration\KNOWN_ISSUES.md","C:\Comfy_UI_Main\Plan\Instructions\Hydration_Rehydration\KNOWN_ISSUES.md","2983","169bc62059b18119f9eee5f4f9e16d3072320107b5fa114169ff306441b342f8",".md","2026-07-06T03:12:05","Session continuity state used for Codex rehydration/resume.","update_continuously_and_before_session_end"
"Plan\Instructions\Hydration_Rehydration\NEXT_ACTION.md","C:\Comfy_UI_Main\Plan\Instructions\Hydration_Rehydration\NEXT_ACTION.md","2318","55201e5803c2dba76290cef40e355dc5a75e79af8abe386a58502d9f0235361a",".md","2026-07-06T03:11:42","Session continuity state used for Codex rehydration/resume.","update_continuously_and_before_session_end"
"Plan\Instructions\Hydration_Rehydration\PROOF_OF_MOVEMENT_LOG.csv","C:\Comfy_UI_Main\Plan\Instructions\Hydration_Rehydration\PROOF_OF_MOVEMENT_LOG.csv","12963","0accf8b81f5c2f4269b25434293744655b638cf2615bb31c0d7a03e6064c1918",".csv","2026-07-06T03:12:23","Session continuity state used for Codex rehydration/resume.","update_continuously_and_before_session_end"
"Plan\Instructions\Hydration_Rehydration\QA_EVIDENCE_INDEX.md","C:\Comfy_UI_Main\Plan\Instructions\Hydration_Rehydration\QA_EVIDENCE_INDEX.md","9858","de84e7f3fb605ee08954fec437ccc38037e3341f83f36e6f78d771b047daa02b",".md","2026-07-06T03:12:12","Session continuity state used for Codex rehydration/resume.","update_continuously_and_before_session_end"
"Plan\Instructions\Hydration_Rehydration\QA_EVIDENCE_LOG_PROTOCOL.md","C:\Comfy_UI_Main\Plan\Instructions\Hydration_Rehydration\QA_EVIDENCE_LOG_PROTOCOL.md","1289","7ce349779f43c33f8e638f4d9e3b14f70d5abaac4b53e5e32ad2c6a5a1b3a7b2",".md","2026-07-06T05:23:46","Session continuity state used for Codex rehydration/resume.","update_continuously_and_before_session_end"
"Plan\Instructions\Hydration_Rehydration\README_HYDRATION_REHYDRATION_WAVE62.md","C:\Comfy_UI_Main\Plan\Instructions\Hydration_Rehydration\README_HYDRATION_REHYDRATION_WAVE62.md","2571","cef796b22228b0fe73c50a004431c0ac04eacee28e7197b0c493f745bc1b772f",".md","2026-07-06T05:23:46","Session continuity state used for Codex rehydration/resume.","update_continuously_and_before_session_end"
"Plan\Instructions\Hydration_Rehydration\RECENT_DECISIONS.md","C:\Comfy_UI_Main\Plan\Instructions\Hydration_Rehydration\RECENT_DECISIONS.md","5219","e6b162683c451baa4b721d50efa844914cec4a94b0e27e7764127b112b588e14",".md","2026-07-06T03:12:28","Session continuity state used for Codex rehydration/resume.","update_continuously_and_before_session_end"
"Plan\Instructions\Hydration_Rehydration\RESUME_HERE_NEXT_CODEX_SESSION.md","C:\Comfy_UI_Main\Plan\Instructions\Hydration_Rehydration\RESUME_HERE_NEXT_CODEX_SESSION.md","6562","baee257e7e3d291eccf3b30878b6e3fcbe249dfca850a22d47e56e618f877f25",".md","2026-07-06T03:11:51","Session continuity state used for Codex rehydration/resume.","update_continuously_and_before_session_end"
"Plan\Instructions\Hydration_Rehydration\Scripts\New-SessionState.ps1","C:\Comfy_UI_Main\Plan\Instructions\Hydration_Rehydration\Scripts\New-SessionState.ps1","692","068da59aa1e955c3bf802cddae4d3e7746a8af5dcedb30c623714593ab33ec3c",".ps1","2026-07-06T05:23:46","Session continuity state used for Codex rehydration/resume.","update_continuously_and_before_session_end"
"Plan\Instructions\Hydration_Rehydration\Scripts\Test-CumulativeWavePack.ps1","C:\Comfy_UI_Main\Plan\Instructions\Hydration_Rehydration\Scripts\Test-CumulativeWavePack.ps1","1161","2f8f52c2dbd6ed0dffab48217d78d7210c289a5e3e96294bd842348a69ed7bfa",".ps1","2026-07-06T05:23:46","Session continuity state used for Codex rehydration/resume.","update_continuously_and_before_session_end"
"Plan\Instructions\Hydration_Rehydration\SESSION_END_HYDRATION_CHECKLIST.md","C:\Comfy_UI_Main\Plan\Instructions\Hydration_Rehydration\SESSION_END_HYDRATION_CHECKLIST.md","2108","94207cd5cef531ee8f4ee8f05156fdbe970b901ab6a18f72e0464f2a39c4c314",".md","2026-07-06T05:23:46","Session continuity state used for Codex rehydration/resume.","update_continuously_and_before_session_end"
"Plan\Instructions\Hydration_Rehydration\SESSION_START_REHYDRATION_CHECKLIST.md","C:\Comfy_UI_Main\Plan\Instructions\Hydration_Rehydration\SESSION_START_REHYDRATION_CHECKLIST.md","4877","c25a4a7ace0b8575a9d586c3f1c577fa6483dfa5156940324b6801ef3da17818",".md","2026-07-06T05:23:46","Session continuity state used for Codex rehydration/resume.","update_continuously_and_before_session_end"
"Plan\Instructions\Hydration_Rehydration\Templates\bug_issue_fix_log.template.csv","C:\Comfy_UI_Main\Plan\Instructions\Hydration_Rehydration\Templates\bug_issue_fix_log.template.csv","182","3d2c03dc731e636ab796d5c76f1990c61682b04d6689760e8ec8dd18cce05b72",".csv","2026-07-06T05:23:46","Session continuity state used for Codex rehydration/resume.","update_continuously_and_before_session_end"
"Plan\Instructions\Hydration_Rehydration\Templates\qa_evidence_index.template.csv","C:\Comfy_UI_Main\Plan\Instructions\Hydration_Rehydration\Templates\qa_evidence_index.template.csv","117","9228e4c894920c1cc274a9bb59d00d63727d78cfed067f3f571e12f3f0070e9d",".csv","2026-07-06T05:23:46","Session continuity state used for Codex rehydration/resume.","update_continuously_and_before_session_end"
"Plan\Instructions\Hydration_Rehydration\Templates\session_state.template.json","C:\Comfy_UI_Main\Plan\Instructions\Hydration_Rehydration\Templates\session_state.template.json","368","7f2a9046ebaf702768cd1796af26a9c2b6b6312ca2a9e19bacf19657694dca8c",".json","2026-07-06T05:23:46","Session continuity state used for Codex rehydration/resume.","update_continuously_and_before_session_end"
"Plan\Instructions\Hydration_Rehydration\TRACKER_UPDATE_PROTOCOL.md","C:\Comfy_UI_Main\Plan\Instructions\Hydration_Rehydration\TRACKER_UPDATE_PROTOCOL.md","1661","84beab623c50890ad8067b40917fc73e114994ee02422701a769fee1fa367ef1",".md","2026-07-06T05:23:46","Session continuity state used for Codex rehydration/resume.","update_continuously_and_before_session_end"
"Plan\Instructions\Hydration_Rehydration\WAVE58_62_FINAL_COMPLETION_CERTIFICATION.md","C:\Comfy_UI_Main\Plan\Instructions\Hydration_Rehydration\WAVE58_62_FINAL_COMPLETION_CERTIFICATION.md","3057","adb4f489fd5d3b1a39f1d45b71e6f2e2a0b366167e3ea743c62b65d24b1dde8b",".md","2026-07-06T01:20:12","Session continuity state used for Codex rehydration/resume.","update_continuously_and_before_session_end"
"Plan\Instructions\Indexes\AWS_RESOURCE_INDEX.md","C:\Comfy_UI_Main\Plan\Instructions\Indexes\AWS_RESOURCE_INDEX.md","3694","9a7a7d5ccd07e87a916fe7dc9ed02766664a00911f9c673df3a44cdc6c9a44ff",".md","2026-07-06T05:21:42","Location/file/resource index used for project awareness.","read_only_unless_instruction_wave_or_correction_requires_update"
"Plan\Instructions\Indexes\EC2_GPU_SERVER_OPERATING_INDEX.md","C:\Comfy_UI_Main\Plan\Instructions\Indexes\EC2_GPU_SERVER_OPERATING_INDEX.md","4104","d4470d5aee4b713d1cb2ca1a8af1ae5e52d51798b26fe0ece4ff5e36d9e7eaeb",".md","2026-07-06T05:21:42","Location/file/resource index used for project awareness.","read_only_unless_instruction_wave_or_correction_requires_update"
"Plan\Instructions\Indexes\Generated\instructions_file_index.csv","C:\Comfy_UI_Main\Plan\Instructions\Indexes\Generated\instructions_file_index.csv","73692","91930c32a7e31da7b7c10cb2fd81e2c0788d5ff46d3e8e93265530be1c2cd14c",".csv","2026-07-06T03:03:00","Location/file/resource index used for project awareness.","regenerate_when_file_tree_changes"
"Plan\Instructions\Indexes\Generated\instructions_file_index.json","C:\Comfy_UI_Main\Plan\Instructions\Indexes\Generated\instructions_file_index.json","117381","eefde8467ca5b4745bf5cc01d8d07950cf804d68c06092fb4d71a08ef83ab661",".json","2026-07-06T03:03:00","Location/file/resource index used for project awareness.","regenerate_when_file_tree_changes"
"Plan\Instructions\Indexes\Generated\items_file_index.csv","C:\Comfy_UI_Main\Plan\Instructions\Indexes\Generated\items_file_index.csv","13664","797acef1e53e952bdc82915064652a2efe8f54b8cc5e1d5679420cc2dcbfc0c5",".csv","2026-07-06T03:13:16","Location/file/resource index used for project awareness.","regenerate_when_file_tree_changes"
"Plan\Instructions\Indexes\Generated\items_file_index.json","C:\Comfy_UI_Main\Plan\Instructions\Indexes\Generated\items_file_index.json","23537","1cadb806a117f90107d641ca674efc47f7bf3482ff4b3df9cafd8c7424403904",".json","2026-07-06T03:13:16","Location/file/resource index used for project awareness.","regenerate_when_file_tree_changes"
"Plan\Instructions\Indexes\Generated\plan_file_index.csv","C:\Comfy_UI_Main\Plan\Instructions\Indexes\Generated\plan_file_index.csv","809706","d8023fd73cd368b141bef777a3626615cd05ca67d685897f32558a48468bb7aa",".csv","2026-07-06T03:13:15","Location/file/resource index used for project awareness.","regenerate_when_file_tree_changes"
"Plan\Instructions\Indexes\Generated\plan_file_index.json","C:\Comfy_UI_Main\Plan\Instructions\Indexes\Generated\plan_file_index.json","1342936","26e7e40cf27700da64e49f128ae2a5248e58cddeea184e6ed995545f91450a93",".json","2026-07-06T03:13:16","Location/file/resource index used for project awareness.","regenerate_when_file_tree_changes"
"Plan\Instructions\Indexes\Generated\tracker_file_index.csv","C:\Comfy_UI_Main\Plan\Instructions\Indexes\Generated\tracker_file_index.csv","8066","baae848ba6b88c5721e3e7b75c26e70fa8a9a5057bb54355225ec619d82e36be",".csv","2026-07-06T03:13:17","Location/file/resource index used for project awareness.","regenerate_when_file_tree_changes"
"Plan\Instructions\Indexes\Generated\tracker_file_index.json","C:\Comfy_UI_Main\Plan\Instructions\Indexes\Generated\tracker_file_index.json","13722","c1ff727b71d5aff090605adeca0c013181e6f189a870b50678ba1bc75bf148d9",".json","2026-07-06T03:13:17","Location/file/resource index used for project awareness.","regenerate_when_file_tree_changes"
"Plan\Instructions\Indexes\GITHUB_REPOSITORY_OPERATING_INDEX.md","C:\Comfy_UI_Main\Plan\Instructions\Indexes\GITHUB_REPOSITORY_OPERATING_INDEX.md","4354","904552d6c32c0235853782e160906447a62f33fd3586223677ba1d073ea0d55c",".md","2026-07-06T05:21:42","Location/file/resource index used for project awareness.","read_only_unless_instruction_wave_or_correction_requires_update"
"Plan\Instructions\Indexes\HYDRATION_REHYDRATION_DIRECTORY_INDEX.md","C:\Comfy_UI_Main\Plan\Instructions\Indexes\HYDRATION_REHYDRATION_DIRECTORY_INDEX.md","4361","6a2e710d5443a71fd2df7047c30ae8b4abbf358dce11e132b783aeda89674893",".md","2026-07-06T05:21:42","Location/file/resource index used for project awareness.","read_only_unless_instruction_wave_or_correction_requires_update"
"Plan\Instructions\Indexes\INSTRUCTIONS_DIRECTORY_FILE_INDEX.md","C:\Comfy_UI_Main\Plan\Instructions\Indexes\INSTRUCTIONS_DIRECTORY_FILE_INDEX.md","15029","9c7a4820e8e72402e154e5bf2f71d27a1e1aa742939c32ecbf52119dd77db47d",".md","2026-07-06T05:21:42","Location/file/resource index used for project awareness.","read_only_unless_instruction_wave_or_correction_requires_update"
"Plan\Instructions\Indexes\ITEMS_DIRECTORY_FILE_INDEX.md","C:\Comfy_UI_Main\Plan\Instructions\Indexes\ITEMS_DIRECTORY_FILE_INDEX.md","6838","7e40bba0ef2bbe8fc5a833f5542f9a8bfd2609572fb935dc28932d1e3d61a53f",".md","2026-07-06T05:21:42","Location/file/resource index used for project awareness.","read_only_unless_instruction_wave_or_correction_requires_update"
"Plan\Instructions\Indexes\LOCAL_DIRECTORY_CATALOGUE.md","C:\Comfy_UI_Main\Plan\Instructions\Indexes\LOCAL_DIRECTORY_CATALOGUE.md","6844","a2fa2dd0d35b35ee84bf773fcf7403894093930fc80bec6ad844ed9738ebb346",".md","2026-07-06T05:21:42","Location/file/resource index used for project awareness.","read_only_unless_instruction_wave_or_correction_requires_update"
"Plan\Instructions\Indexes\MASTER_PROJECT_LOCATION_INDEX.md","C:\Comfy_UI_Main\Plan\Instructions\Indexes\MASTER_PROJECT_LOCATION_INDEX.md","6334","5b888daef28b496c8b1d2b20774308e654eefa6577c2e8f60b4966c4aaa71a04",".md","2026-07-06T05:21:42","Location/file/resource index used for project awareness.","read_only_unless_instruction_wave_or_correction_requires_update"
"Plan\Instructions\Indexes\PLAN_DIRECTORY_FILE_INDEX.md","C:\Comfy_UI_Main\Plan\Instructions\Indexes\PLAN_DIRECTORY_FILE_INDEX.md","826474","ff1e15161a9dd42d61d48dffe6a36cc3d01de99b6bd42536be52e747005783bf",".md","2026-07-06T05:21:42","Location/file/resource index used for project awareness.","read_only_unless_instruction_wave_or_correction_requires_update"
"Plan\Instructions\Indexes\TRACKER_DIRECTORY_FILE_INDEX.md","C:\Comfy_UI_Main\Plan\Instructions\Indexes\TRACKER_DIRECTORY_FILE_INDEX.md","7441","5c639dec6f1497f2b7b929a3f7c8fb3b792fc607181df30a8deaf765a0ba9b81",".md","2026-07-06T05:21:42","Location/file/resource index used for project awareness.","read_only_unless_instruction_wave_or_correction_requires_update"
"Plan\Instructions\Manifests\wave58_package_manifest.json","C:\Comfy_UI_Main\Plan\Instructions\Manifests\wave58_package_manifest.json","13947","026eb6ee827e7a35f302de9e5979946a166e966e0960faa5b324e86b12821cc8",".json","2026-07-06T05:21:42","Machine-readable package manifest.","regenerate_per_cumulative_pack"
"Plan\Instructions\Manifests\wave59_package_manifest.json","C:\Comfy_UI_Main\Plan\Instructions\Manifests\wave59_package_manifest.json","725866","b63fbba01e4082def0d792d4f98e43cf3c406f8215116824f00e4abd7508944f",".json","2026-07-06T05:21:42","Machine-readable package manifest.","regenerate_per_cumulative_pack"
"Plan\Instructions\Manifests\wave60_package_manifest.json","C:\Comfy_UI_Main\Plan\Instructions\Manifests\wave60_package_manifest.json","5278","2ee784239a565561afba5a547f9412d53696480b6204d731bc85a000177cd6ea",".json","2026-07-06T05:21:42","Machine-readable package manifest.","regenerate_per_cumulative_pack"
"Plan\Instructions\Manifests\wave61_package_manifest.json","C:\Comfy_UI_Main\Plan\Instructions\Manifests\wave61_package_manifest.json","4765","964f2a6293982007f5f4e131a1241a909ab15b2278daa5a7c1c1e678fed188f5",".json","2026-07-06T05:21:42","Machine-readable package manifest.","regenerate_per_cumulative_pack"
"Plan\Instructions\Manifests\wave62_package_manifest.json","C:\Comfy_UI_Main\Plan\Instructions\Manifests\wave62_package_manifest.json","7075","41e8911c52f369d3ee109c0d9704e29dfb020f3d1b0a48b7efe3e1223562e7e2",".json","2026-07-06T05:24:30","Machine-readable package manifest.","regenerate_per_cumulative_pack"
"Plan\Instructions\NO_LOOP_NO_DRIFT_PROGRESS_CONTROL.md","C:\Comfy_UI_Main\Plan\Instructions\NO_LOOP_NO_DRIFT_PROGRESS_CONTROL.md","7627","93c390ffd82fa60d746a43cab42252ef96280543b323be6e34eba6dc7e8fe2d1",".md","2026-07-06T05:21:42","Markdown documentation/instruction/reference file.","read_only_unless_instruction_wave_or_correction_requires_update"
"Plan\Instructions\Operations\AWS_EC2_GPU_SERVER_START_STOP_PROTOCOL.md","C:\Comfy_UI_Main\Plan\Instructions\Operations\AWS_EC2_GPU_SERVER_START_STOP_PROTOCOL.md","8241","29868d9da0f3e75aaf0cc798f83f905dafc0c1d22eec4d6090f356a30fce002e",".md","2026-07-06T05:21:42","Markdown documentation/instruction/reference file.","read_only_unless_instruction_wave_or_correction_requires_update"
"Plan\Instructions\Operations\CIVITAI_API_OPERATING_PROTOCOL.md","C:\Comfy_UI_Main\Plan\Instructions\Operations\CIVITAI_API_OPERATING_PROTOCOL.md","9320","392d96c40e8332a774ce5267ddae5338637e5034f488bb0c2d29abe196d9867b",".md","2026-07-06T05:21:42","Markdown documentation/instruction/reference file.","read_only_unless_instruction_wave_or_correction_requires_update"
"Plan\Instructions\Operations\EC2_TO_LOCAL_ARTIFACT_PULLBACK_PROTOCOL.md","C:\Comfy_UI_Main\Plan\Instructions\Operations\EC2_TO_LOCAL_ARTIFACT_PULLBACK_PROTOCOL.md","6092","bc92b4e82aafd692b78eda6ce202e3a6dc23ba885e126140e12118eaad52026d",".md","2026-07-06T05:21:42","Markdown documentation/instruction/reference file.","read_only_unless_instruction_wave_or_correction_requires_update"
"Plan\Instructions\Operations\GITHUB_MINIMAL_PERSONAL_PROJECT_PROTOCOL.md","C:\Comfy_UI_Main\Plan\Instructions\Operations\GITHUB_MINIMAL_PERSONAL_PROJECT_PROTOCOL.md","9157","4d682b24940d4f936a9b43d46e9a9324c3c57705a5fc613552fbb3dac448b7b9",".md","2026-07-06T05:21:42","Markdown documentation/instruction/reference file.","read_only_unless_instruction_wave_or_correction_requires_update"
"Plan\Instructions\Operations\LOCAL_TO_EC2_SYNC_PROTOCOL.md","C:\Comfy_UI_Main\Plan\Instructions\Operations\LOCAL_TO_EC2_SYNC_PROTOCOL.md","6569","7c99cf1a51c6e34b4f9cb49d9411b16c26f3076cb3e027adae3cb364c0be7b49",".md","2026-07-06T05:21:42","Markdown documentation/instruction/reference file.","read_only_unless_instruction_wave_or_correction_requires_update"
"Plan\Instructions\Operations\MODEL_DOWNLOAD_AND_REGISTRY_UPDATE_PROTOCOL.md","C:\Comfy_UI_Main\Plan\Instructions\Operations\MODEL_DOWNLOAD_AND_REGISTRY_UPDATE_PROTOCOL.md","7022","aefeb83fdfd4973c16f5852a1b27ce9b608d3ee940a96cf04e0e88ac25f47f7a",".md","2026-07-06T05:21:42","Markdown documentation/instruction/reference file.","read_only_unless_instruction_wave_or_correction_requires_update"
"Plan\Instructions\Operations\MODEL_METADATA_LOOKUP_PROTOCOL.md","C:\Comfy_UI_Main\Plan\Instructions\Operations\MODEL_METADATA_LOOKUP_PROTOCOL.md","5164","ec8a63b658dfc403895eec1f55566f69b88b31d28ba36108ee80aa79d008f6a5",".md","2026-07-06T05:21:42","Markdown documentation/instruction/reference file.","read_only_unless_instruction_wave_or_correction_requires_update"
"Plan\Instructions\Operations\MODEL_REGISTRY_FIELD_DICTIONARY.md","C:\Comfy_UI_Main\Plan\Instructions\Operations\MODEL_REGISTRY_FIELD_DICTIONARY.md","1972","2fe3a1702e9da13941bea2e7215967afad1a0ebeddf030f4c9fdcb10ebd2b7ff",".md","2026-07-06T05:21:42","Markdown documentation/instruction/reference file.","read_only_unless_instruction_wave_or_correction_requires_update"
"Plan\Instructions\Operations\MODEL_STORAGE_AND_COMPATIBILITY_PROTOCOL.md","C:\Comfy_UI_Main\Plan\Instructions\Operations\MODEL_STORAGE_AND_COMPATIBILITY_PROTOCOL.md","5980","21e2274c2c9616fff4104d853eb12121ab499b3119208d8f0389b25d8db5482c",".md","2026-07-06T05:21:42","Markdown documentation/instruction/reference file.","read_only_unless_instruction_wave_or_correction_requires_update"
"Plan\Instructions\Operations\OPERATIONAL_DONE_GATES.md","C:\Comfy_UI_Main\Plan\Instructions\Operations\OPERATIONAL_DONE_GATES.md","1044","cf7755d0a0a549bbff928169a29fdf443090b0a0472d9152ce8c46fbaef56271",".md","2026-07-06T05:21:42","Markdown documentation/instruction/reference file.","read_only_unless_instruction_wave_or_correction_requires_update"
"Plan\Instructions\Operations\Pulled_Back_Artifacts\README_PULLBACK_ARTIFACTS.md","C:\Comfy_UI_Main\Plan\Instructions\Operations\Pulled_Back_Artifacts\README_PULLBACK_ARTIFACTS.md","407","9ccb39927e6841729b9d35fa4d6779eccb313f4989d015624ed483bec26f7b5a",".md","2026-07-06T05:21:42","Markdown documentation/instruction/reference file.","read_only_unless_instruction_wave_or_correction_requires_update"
"Plan\Instructions\Operations\README_OPERATIONS_WAVE60.md","C:\Comfy_UI_Main\Plan\Instructions\Operations\README_OPERATIONS_WAVE60.md","1209","ea30c4119e41389b7a129db5fa25a3e33b18bafa28e7c689398ed570aa6ed71c",".md","2026-07-06T05:21:42","Markdown documentation/instruction/reference file.","read_only_unless_instruction_wave_or_correction_requires_update"
"Plan\Instructions\Operations\Run_Records\aws_gpu_run_20260706T012748-0500.json","C:\Comfy_UI_Main\Plan\Instructions\Operations\Run_Records\aws_gpu_run_20260706T012748-0500.json","3373","0a16bc1de51f939c1a90bd3ce9b88aee564d45ed0ac84b1857b3180127b635fa",".json","2026-07-06T01:46:48","Machine-readable manifest/configuration/validation data.","read_only_unless_instruction_wave_or_correction_requires_update"
"Plan\Instructions\Operations\Run_Records\aws_gpu_run_20260706T015022-0500.json","C:\Comfy_UI_Main\Plan\Instructions\Operations\Run_Records\aws_gpu_run_20260706T015022-0500.json","2074","21299060beb356abb51534033a12711ac08abc90493b4aa973d4dcec8876c7a4",".json","2026-07-06T01:59:37","Machine-readable manifest/configuration/validation data.","read_only_unless_instruction_wave_or_correction_requires_update"
"Plan\Instructions\Operations\Run_Records\aws_gpu_run_20260706T020209-0500.json","C:\Comfy_UI_Main\Plan\Instructions\Operations\Run_Records\aws_gpu_run_20260706T020209-0500.json","3470","74797067a95e6ea0529a5c912436c5e7e4b5af5aabc1f8ba1f30b59a5357b289",".json","2026-07-06T02:11:37","Machine-readable manifest/configuration/validation data.","read_only_unless_instruction_wave_or_correction_requires_update"
"Plan\Instructions\Operations\Run_Records\aws_gpu_run_20260706T022710-0500.json","C:\Comfy_UI_Main\Plan\Instructions\Operations\Run_Records\aws_gpu_run_20260706T022710-0500.json","2775","8df0926396c7167da9d414c1d8f6558b25e9053ffd99f95ad57ecfa9c517e4b3",".json","2026-07-06T02:41:14","Machine-readable manifest/configuration/validation data.","read_only_unless_instruction_wave_or_correction_requires_update"
"Plan\Instructions\Operations\Run_Records\README_RUN_RECORDS.md","C:\Comfy_UI_Main\Plan\Instructions\Operations\Run_Records\README_RUN_RECORDS.md","361","f98eb2232efd60df66aa6b7f9f53238c5fa98e2ca948a5badc2fbfb46a3838b3",".md","2026-07-06T05:21:42","Markdown documentation/instruction/reference file.","read_only_unless_instruction_wave_or_correction_requires_update"
"Plan\Instructions\Operations\Schemas\model_registry_entry.schema.json","C:\Comfy_UI_Main\Plan\Instructions\Operations\Schemas\model_registry_entry.schema.json","2407","e4330f8d397b6a19f553ca8e2726f658c850e4b264749f287d984c238bf99b6a",".json","2026-07-06T05:21:42","Machine-readable manifest/configuration/validation data.","read_only_unless_instruction_wave_or_correction_requires_update"
"Plan\Instructions\Operations\Schemas\sync_manifest.schema.json","C:\Comfy_UI_Main\Plan\Instructions\Operations\Schemas\sync_manifest.schema.json","856","4f84721daeb26c154c63dee42bf2898e03ed5858437dc8cf850453229b5af7f0",".json","2026-07-06T05:21:42","Machine-readable manifest/configuration/validation data.","read_only_unless_instruction_wave_or_correction_requires_update"
"Plan\Instructions\Operations\Scripts\Invoke-CivitaiModelLookup.ps1","C:\Comfy_UI_Main\Plan\Instructions\Operations\Scripts\Invoke-CivitaiModelLookup.ps1","1371","6f63544f415e5cc8b0329eeaa440cbccdf60d0be5429b7cbfc4912bd7b90080b",".ps1","2026-07-06T05:21:42","PowerShell automation/helper script.","read_only_unless_instruction_wave_or_correction_requires_update"
"Plan\Instructions\Operations\Scripts\Invoke-ComfyWorkflowSmoke.ps1","C:\Comfy_UI_Main\Plan\Instructions\Operations\Scripts\Invoke-ComfyWorkflowSmoke.ps1","11709","70f165ce72084f5a83f10b212c34df0e3a1b3ffb3de7f79fbd3098a7cb2dfd19",".ps1","2026-07-06T02:55:27","PowerShell automation/helper script.","read_only_unless_instruction_wave_or_correction_requires_update"
"Plan\Instructions\Operations\Scripts\Invoke-EC2LaneStaticProof.ps1","C:\Comfy_UI_Main\Plan\Instructions\Operations\Scripts\Invoke-EC2LaneStaticProof.ps1","11689","117b7ba374f2da72cde8c4ac79ab0005506cf233dcd58fb68140f94ca593c8ed",".ps1","2026-07-06T02:51:28","PowerShell automation/helper script.","read_only_unless_instruction_wave_or_correction_requires_update"
"Plan\Instructions\Operations\Scripts\Invoke-GitHubCheckpoint.ps1","C:\Comfy_UI_Main\Plan\Instructions\Operations\Scripts\Invoke-GitHubCheckpoint.ps1","1432","4db1dbdbe1c6e3ec70ed0aec62a8da3d386037bc79281ca0be4bfb7e86ac699c",".ps1","2026-07-06T05:21:42","PowerShell automation/helper script.","read_only_unless_instruction_wave_or_correction_requires_update"
"Plan\Instructions\Operations\Scripts\Load-ComfyEnv.ps1","C:\Comfy_UI_Main\Plan\Instructions\Operations\Scripts\Load-ComfyEnv.ps1","815","8b415c098ee3f0439d3c18bf0c4d24c0cecd946c0a0d766cb9152640c5d2bc29",".ps1","2026-07-06T05:21:42","PowerShell automation/helper script.","read_only_unless_instruction_wave_or_correction_requires_update"
"Plan\Instructions\Operations\Scripts\New-ModelRegistryRecord.ps1","C:\Comfy_UI_Main\Plan\Instructions\Operations\Scripts\New-ModelRegistryRecord.ps1","1803","12591efc2666b92f067292fe3748d960261ba31cfd0e6aabb419d6ae2d3bfba6",".ps1","2026-07-06T05:21:42","PowerShell automation/helper script.","read_only_unless_instruction_wave_or_correction_requires_update"
"Plan\Instructions\Operations\Scripts\Start-ComfyUIGpuServer.ps1","C:\Comfy_UI_Main\Plan\Instructions\Operations\Scripts\Start-ComfyUIGpuServer.ps1","1664","3fa4669f481129d02739a9707dc12b6dcb1241d40887c26a8bfbc6de85727f85",".ps1","2026-07-06T05:21:42","PowerShell automation/helper script.","read_only_unless_instruction_wave_or_correction_requires_update"
"Plan\Instructions\Operations\Scripts\Stop-ComfyUIGpuServer.ps1","C:\Comfy_UI_Main\Plan\Instructions\Operations\Scripts\Stop-ComfyUIGpuServer.ps1","1380","5ae31a29e6031c87284a43331e35fd968c750a3fa415ab962711c73568a92a24",".ps1","2026-07-06T05:21:42","PowerShell automation/helper script.","read_only_unless_instruction_wave_or_correction_requires_update"
"Plan\Instructions\Operations\Scripts\Test-AwsAuthGate.ps1","C:\Comfy_UI_Main\Plan\Instructions\Operations\Scripts\Test-AwsAuthGate.ps1","8069","917176904a2c04bfe362af768e119aafbd9a4534f91eb49a5352c3d51159c435",".ps1","2026-07-06T03:09:57","PowerShell automation/helper script.","read_only_unless_instruction_wave_or_correction_requires_update"
"Plan\Instructions\Operations\Scripts\Test-AwsComfyGpuIdentity.ps1","C:\Comfy_UI_Main\Plan\Instructions\Operations\Scripts\Test-AwsComfyGpuIdentity.ps1","2796","814dd52fc28024d5284326a1ec7ef5bd19af20bc27e53f3ed24631a21c12d856",".ps1","2026-07-06T05:21:42","PowerShell automation/helper script.","read_only_unless_instruction_wave_or_correction_requires_update"
"Plan\Instructions\Operations\SECRETS_ENV_HANDLING_PROTOCOL.md","C:\Comfy_UI_Main\Plan\Instructions\Operations\SECRETS_ENV_HANDLING_PROTOCOL.md","4947","57a483879af36fda85eb666d6f185f67664fdd7cad7a26824e2bfe981269bbc4",".md","2026-07-06T05:21:42","Markdown documentation/instruction/reference file.","read_only_unless_instruction_wave_or_correction_requires_update"
"Plan\Instructions\Operations\Templates\aws_gpu_run_record.template.json","C:\Comfy_UI_Main\Plan\Instructions\Operations\Templates\aws_gpu_run_record.template.json","453","6011eaa94e851f28d591124b25fe12ca92ccf84047a79dddec94ddda0afaca64",".json","2026-07-06T05:21:42","Machine-readable manifest/configuration/validation data.","read_only_unless_instruction_wave_or_correction_requires_update"
"Plan\Instructions\Operations\Templates\civitai_model_download_record.template.json","C:\Comfy_UI_Main\Plan\Instructions\Operations\Templates\civitai_model_download_record.template.json","834","e1bad8898d870be108526aebcca925e1e655237a0bc7e15fa11f83a124d867af",".json","2026-07-06T05:21:42","Machine-readable manifest/configuration/validation data.","read_only_unless_instruction_wave_or_correction_requires_update"
"Plan\Instructions\Operations\Templates\sync_manifest.template.json","C:\Comfy_UI_Main\Plan\Instructions\Operations\Templates\sync_manifest.template.json","384","d78230f0698bd504a026695dd93dc70c134d55f73aba07d205b390089d96a601",".json","2026-07-06T05:21:42","Machine-readable manifest/configuration/validation data.","read_only_unless_instruction_wave_or_correction_requires_update"
"Plan\Instructions\PURSUING_GOAL_TEXT_UPDATE_PROTOCOL.md","C:\Comfy_UI_Main\Plan\Instructions\PURSUING_GOAL_TEXT_UPDATE_PROTOCOL.md","5933","730b5dd008d6434ba108a47304199fe579d5f34617247f9dff5b3dc9ef8aa7b9",".md","2026-07-06T05:21:42","Markdown documentation/instruction/reference file.","read_only_unless_instruction_wave_or_correction_requires_update"
"Plan\Instructions\QA\AUDIO_GENERATION_REVIEW_PROTOCOL.md","C:\Comfy_UI_Main\Plan\Instructions\QA\AUDIO_GENERATION_REVIEW_PROTOCOL.md","1393","c017a64f5946f493f1217f450dad80fd7816399a178891b11fe6b37fcf72d848",".md","2026-07-06T05:21:42","Markdown documentation/instruction/reference file.","read_only_unless_instruction_wave_or_correction_requires_update"
"Plan\Instructions\QA\COMFYUI_WORKFLOW_TESTING_PROTOCOL.md","C:\Comfy_UI_Main\Plan\Instructions\QA\COMFYUI_WORKFLOW_TESTING_PROTOCOL.md","2007","a19d329ee6323b675017790ee788d3889bca95e1acf80d5c113c45add900dac9",".md","2026-07-06T05:21:42","Markdown documentation/instruction/reference file.","read_only_unless_instruction_wave_or_correction_requires_update"
"Plan\Instructions\QA\DONE_CERTIFICATION_EVIDENCE_PROTOCOL.md","C:\Comfy_UI_Main\Plan\Instructions\QA\DONE_CERTIFICATION_EVIDENCE_PROTOCOL.md","1411","9944d2973861c2f4af7d954cf77abbcad9e90c53f5f860aea7453358889a4b7c",".md","2026-07-06T05:21:42","Markdown documentation/instruction/reference file.","read_only_unless_instruction_wave_or_correction_requires_update"
"Plan\Instructions\QA\Evidence\Done_Certifications\CERT_W59_LIVE_INDEX_VALIDATION_20260706T003608-0500.md","C:\Comfy_UI_Main\Plan\Instructions\QA\Evidence\Done_Certifications\CERT_W59_LIVE_INDEX_VALIDATION_20260706T003608-0500.md","2691","a4a5920e6801e6199df2df9fa710b485d1626d70a151cc9ed3686825e0316e86",".md","2026-07-06T00:41:03","Markdown documentation/instruction/reference file.","read_only_unless_instruction_wave_or_correction_requires_update"
"Plan\Instructions\QA\Evidence\Done_Certifications\CERT_W60_OPERATIONS_STATIC_VALIDATION_20260706T004632-0500.md","C:\Comfy_UI_Main\Plan\Instructions\QA\Evidence\Done_Certifications\CERT_W60_OPERATIONS_STATIC_VALIDATION_20260706T004632-0500.md","2087","e1abb56128673420235409f54d8a5c9e8198b90df019f339d8ee1eb212e07039",".md","2026-07-06T00:49:42","Markdown documentation/instruction/reference file.","read_only_unless_instruction_wave_or_correction_requires_update"
"Plan\Instructions\QA\Evidence\Done_Certifications\CERT_W60_W61_AWS_AUTH_GATE_HELPER_20260706T031007-0500.md","C:\Comfy_UI_Main\Plan\Instructions\QA\Evidence\Done_Certifications\CERT_W60_W61_AWS_AUTH_GATE_HELPER_20260706T031007-0500.md","1030","8e81a47745cd07678f8da707045b5ea769a0c950e86cf3d140007eda65f8fc13",".md","2026-07-06T03:10:59","Markdown documentation/instruction/reference file.","read_only_unless_instruction_wave_or_correction_requires_update"
"Plan\Instructions\QA\Evidence\Done_Certifications\CERT_W60_W61_EC2_PROJECT_SYNC_20260706T015022-0500.md","C:\Comfy_UI_Main\Plan\Instructions\QA\Evidence\Done_Certifications\CERT_W60_W61_EC2_PROJECT_SYNC_20260706T015022-0500.md","2103","f80b6994154c0fe7e26c017b7bc72eed0f027e3d8e8505999fd92a4396c50150",".md","2026-07-06T01:59:37","Markdown documentation/instruction/reference file.","read_only_unless_instruction_wave_or_correction_requires_update"
"Plan\Instructions\QA\Evidence\Done_Certifications\CERT_W60_W61_EC2_RUNTIME_DISCOVERY_20260706T012748-0500.md","C:\Comfy_UI_Main\Plan\Instructions\QA\Evidence\Done_Certifications\CERT_W60_W61_EC2_RUNTIME_DISCOVERY_20260706T012748-0500.md","2229","efa99fd733f149c529c1916becd4dbcfe7bffc4bc5b3b4bb77d90b42b8a6bfa9",".md","2026-07-06T01:47:33","Markdown documentation/instruction/reference file.","read_only_unless_instruction_wave_or_correction_requires_update"
"Plan\Instructions\QA\Evidence\Done_Certifications\CERT_W60_W61_EC2_RUNTIME_INVENTORY_20260706T020209-0500.md","C:\Comfy_UI_Main\Plan\Instructions\QA\Evidence\Done_Certifications\CERT_W60_W61_EC2_RUNTIME_INVENTORY_20260706T020209-0500.md","1760","475b242ad09b1236bd412b8d905b4ed890216dd201f84f03ffb6ffe88ef7eddc",".md","2026-07-06T02:11:37","Markdown documentation/instruction/reference file.","read_only_unless_instruction_wave_or_correction_requires_update"
"Plan\Instructions\QA\Evidence\Done_Certifications\CERT_W60_W61_RUNTIME_READINESS_PREFLIGHT_20260706T012301-0500.md","C:\Comfy_UI_Main\Plan\Instructions\QA\Evidence\Done_Certifications\CERT_W60_W61_RUNTIME_READINESS_PREFLIGHT_20260706T012301-0500.md","2464","c99ce4316629f90108f7602a97d252b57dc1fa2e90360281f0cd5d2825adeb6a",".md","2026-07-06T01:26:50","Markdown documentation/instruction/reference file.","read_only_unless_instruction_wave_or_correction_requires_update"
"Plan\Instructions\QA\Evidence\Done_Certifications\CERT_W61_COMFY_WORKFLOW_SMOKE_HELPER_DRY_RUN_20260706T025536-0500.md","C:\Comfy_UI_Main\Plan\Instructions\QA\Evidence\Done_Certifications\CERT_W61_COMFY_WORKFLOW_SMOKE_HELPER_DRY_RUN_20260706T025536-0500.md","1539","35cdba65bc1083de632b80532e74dba47f4fca40b3aba12f1b7eb08dcdc1059b",".md","2026-07-06T02:56:34","Markdown documentation/instruction/reference file.","read_only_unless_instruction_wave_or_correction_requires_update"
"Plan\Instructions\QA\Evidence\Done_Certifications\CERT_W61_IMAGE_ARTIFACT_QA_HELPER_DRY_RUN_20260706T030037-0500.md","C:\Comfy_UI_Main\Plan\Instructions\QA\Evidence\Done_Certifications\CERT_W61_IMAGE_ARTIFACT_QA_HELPER_DRY_RUN_20260706T030037-0500.md","1526","7e5ea07477c664ca012e606920e833b0786396e7d72957518a2391083609b5ec",".md","2026-07-06T03:01:25","Markdown documentation/instruction/reference file.","read_only_unless_instruction_wave_or_correction_requires_update"
"Plan\Instructions\QA\Evidence\Done_Certifications\CERT_W61_QA_HELPER_STATIC_VALIDATION_20260706T005111-0500.md","C:\Comfy_UI_Main\Plan\Instructions\QA\Evidence\Done_Certifications\CERT_W61_QA_HELPER_STATIC_VALIDATION_20260706T005111-0500.md","2254","95283a372aaa9ac3febb7830fac1fd4e9c34f35d275313c3bf55aa630745ed05",".md","2026-07-06T00:53:19","Markdown documentation/instruction/reference file.","read_only_unless_instruction_wave_or_correction_requires_update"
"Plan\Instructions\QA\Evidence\Done_Certifications\CERT_W61_SDXL_LOW_RISK_WORKFLOW_STATIC_VALIDATION_20260706T024811-0500.md","C:\Comfy_UI_Main\Plan\Instructions\QA\Evidence\Done_Certifications\CERT_W61_SDXL_LOW_RISK_WORKFLOW_STATIC_VALIDATION_20260706T024811-0500.md","1688","ce8ddf55f435337575f825c95fcb41790a058f6ded70a9266134c68984417f95",".md","2026-07-06T02:49:38","Markdown documentation/instruction/reference file.","read_only_unless_instruction_wave_or_correction_requires_update"
"Plan\Instructions\QA\Evidence\Done_Certifications\CERT_W61_WORKFLOW_LANE_SELECTION_20260706T024025-0500.md","C:\Comfy_UI_Main\Plan\Instructions\QA\Evidence\Done_Certifications\CERT_W61_WORKFLOW_LANE_SELECTION_20260706T024025-0500.md","1443","6210caab73260e3cdf1f56c8ee9637de3f083c2aa9cdd06bede862d5c602f548",".md","2026-07-06T02:41:14","Markdown documentation/instruction/reference file.","read_only_unless_instruction_wave_or_correction_requires_update"
"Plan\Instructions\QA\Evidence\Done_Certifications\CERT_W62_CUMULATIVE_PACK_VALIDATION_20260706T011548-0500.md","C:\Comfy_UI_Main\Plan\Instructions\QA\Evidence\Done_Certifications\CERT_W62_CUMULATIVE_PACK_VALIDATION_20260706T011548-0500.md","2147","cc75215a11b17cdc1e08ff25803c26b3d412a6c03f590098e496b61cd1ff7f43",".md","2026-07-06T01:20:12","Markdown documentation/instruction/reference file.","read_only_unless_instruction_wave_or_correction_requires_update"
"Plan\Instructions\QA\Evidence\Done_Certifications\CERT_W62_SESSION_STATE_HELPER_VALIDATION_20260706T005425-0500.md","C:\Comfy_UI_Main\Plan\Instructions\QA\Evidence\Done_Certifications\CERT_W62_SESSION_STATE_HELPER_VALIDATION_20260706T005425-0500.md","2023","66cf77ad104c23d281e327d14d98911803ee2009e05d4e23fd263181dc1cd2b8",".md","2026-07-06T00:57:00","Markdown documentation/instruction/reference file.","read_only_unless_instruction_wave_or_correction_requires_update"
"Plan\Instructions\QA\Evidence\EC2_Project_Sync\W60_W61_EC2_PROJECT_SYNC_20260706T015022-0500.json","C:\Comfy_UI_Main\Plan\Instructions\QA\Evidence\EC2_Project_Sync\W60_W61_EC2_PROJECT_SYNC_20260706T015022-0500.json","1478","f9840c523c89d90bfa4c43e222551c342184a325078d214e6d9db17657154600",".json","2026-07-06T01:59:37","Machine-readable manifest/configuration/validation data.","read_only_unless_instruction_wave_or_correction_requires_update"
"Plan\Instructions\QA\Evidence\EC2_Runtime_Discovery\W60_W61_EC2_RUNTIME_DISCOVERY_20260706T012748-0500.json","C:\Comfy_UI_Main\Plan\Instructions\QA\Evidence\EC2_Runtime_Discovery\W60_W61_EC2_RUNTIME_DISCOVERY_20260706T012748-0500.json","2089","6dea46b0bbfb6dd4baed38f8a9c943e45109ddf0c3faa1b839dc9c26ba1e092c",".json","2026-07-06T01:47:33","Machine-readable manifest/configuration/validation data.","read_only_unless_instruction_wave_or_correction_requires_update"
"Plan\Instructions\QA\Evidence\EC2_Runtime_Inventory\W60_W61_EC2_RUNTIME_INVENTORY_20260706T020209-0500.json","C:\Comfy_UI_Main\Plan\Instructions\QA\Evidence\EC2_Runtime_Inventory\W60_W61_EC2_RUNTIME_INVENTORY_20260706T020209-0500.json","2855","c5f0ef858b276f008ef5b96a1e086f25675144a4d065a3c4c821ced0de341ff8",".json","2026-07-06T02:11:37","Machine-readable manifest/configuration/validation data.","read_only_unless_instruction_wave_or_correction_requires_update"
"Plan\Instructions\QA\Evidence\Git_Verification\W59_W60_GIT_LOCAL_VERIFICATION_20260706T004200-0500.json","C:\Comfy_UI_Main\Plan\Instructions\QA\Evidence\Git_Verification\W59_W60_GIT_LOCAL_VERIFICATION_20260706T004200-0500.json","3241","635c323d00949f9200c05901956bfca96052726ef69a1aecc79e4ab4507aa4ac",".json","2026-07-06T00:45:36","Machine-readable manifest/configuration/validation data.","read_only_unless_instruction_wave_or_correction_requires_update"
"Plan\Instructions\QA\Evidence\Git_Verification\W59_W60_GIT_RECOVERY_EVIDENCE_COMMIT_VERIFICATION_20260706T011016-0500.json","C:\Comfy_UI_Main\Plan\Instructions\QA\Evidence\Git_Verification\W59_W60_GIT_RECOVERY_EVIDENCE_COMMIT_VERIFICATION_20260706T011016-0500.json","1995","1c64a4a8750e4454d2f228d7193af69dce8ece3f8d25aceb31628f6c84196024",".json","2026-07-06T01:11:24","Machine-readable manifest/configuration/validation data.","read_only_unless_instruction_wave_or_correction_requires_update"
"Plan\Instructions\QA\Evidence\Git_Verification\W59_W60_GIT_RECOVERY_INITIAL_COMMIT_20260706T010603-0500.json","C:\Comfy_UI_Main\Plan\Instructions\QA\Evidence\Git_Verification\W59_W60_GIT_RECOVERY_INITIAL_COMMIT_20260706T010603-0500.json","3445","59bccd86124e8c3ceec2275ccf0b4b2be34633cf67ed894c1d741ea78afcafcd",".json","2026-07-06T01:07:28","Machine-readable manifest/configuration/validation data.","read_only_unless_instruction_wave_or_correction_requires_update"
"Plan\Instructions\QA\Evidence\Hydration_Helper_Static_Validation\samples\sample_session_state.json","C:\Comfy_UI_Main\Plan\Instructions\QA\Evidence\Hydration_Helper_Static_Validation\samples\sample_session_state.json","732","d4666c2b21c3a25c251ff82693e434af0401e7159fec396760d91629839ce3f0",".json","2026-07-06T00:55:26","Machine-readable manifest/configuration/validation data.","read_only_unless_instruction_wave_or_correction_requires_update"
"Plan\Instructions\QA\Evidence\Hydration_Helper_Static_Validation\W62_CUMULATIVE_PACK_VALIDATION_20260706T011548-0500.json","C:\Comfy_UI_Main\Plan\Instructions\QA\Evidence\Hydration_Helper_Static_Validation\W62_CUMULATIVE_PACK_VALIDATION_20260706T011548-0500.json","2203","3aa8be8d5b89d47ff1d5901688fa04579f0bcf0257648794f8f8185a569fc038",".json","2026-07-06T01:20:12","Machine-readable manifest/configuration/validation data.","read_only_unless_instruction_wave_or_correction_requires_update"
"Plan\Instructions\QA\Evidence\Hydration_Helper_Static_Validation\W62_HYDRATION_HELPER_STATIC_VALIDATION_20260706T005425-0500.json","C:\Comfy_UI_Main\Plan\Instructions\QA\Evidence\Hydration_Helper_Static_Validation\W62_HYDRATION_HELPER_STATIC_VALIDATION_20260706T005425-0500.json","2430","dc456034c7e8655d87d453d8bbab8608963fcc4e237c29c8263742bb6326d0db",".json","2026-07-06T00:57:00","Machine-readable manifest/configuration/validation data.","read_only_unless_instruction_wave_or_correction_requires_update"
"Plan\Instructions\QA\Evidence\Image_Artifact_QA\W61_IMAGE_QA_CHECKLIST_DRY_RUN_20260706T030037-0500.md","C:\Comfy_UI_Main\Plan\Instructions\QA\Evidence\Image_Artifact_QA\W61_IMAGE_QA_CHECKLIST_DRY_RUN_20260706T030037-0500.md","1436","af1f5c76ff408613d1c0466c9d01bee633fb123bd4cbefed2d026da3432392fa",".md","2026-07-06T03:02:49","Markdown documentation/instruction/reference file.","read_only_unless_instruction_wave_or_correction_requires_update"
"Plan\Instructions\QA\Evidence\Image_Artifact_QA\W61_IMAGE_QA_DRY_RUN_20260706T030037-0500.json","C:\Comfy_UI_Main\Plan\Instructions\QA\Evidence\Image_Artifact_QA\W61_IMAGE_QA_DRY_RUN_20260706T030037-0500.json","1904","3492d30dd3f528fb99b36a14fe549082174455fe18d5a0257e6f5aabe18959ed",".json","2026-07-06T03:00:37","Machine-readable manifest/configuration/validation data.","read_only_unless_instruction_wave_or_correction_requires_update"
"Plan\Instructions\QA\Evidence\Index_Validation\W59_LIVE_INDEX_REGENERATION_20260706T003608-0500.json","C:\Comfy_UI_Main\Plan\Instructions\QA\Evidence\Index_Validation\W59_LIVE_INDEX_REGENERATION_20260706T003608-0500.json","3317","638ef45e24faa7db26d26b91968f6a873ff5aab134959d0531d48ce6d8b97b8c",".json","2026-07-06T00:39:34","Machine-readable manifest/configuration/validation data.","read_only_unless_instruction_wave_or_correction_requires_update"
"Plan\Instructions\QA\Evidence\Operations_Static_Validation\W60_OPERATIONS_STATIC_VALIDATION_20260706T004632-0500.json","C:\Comfy_UI_Main\Plan\Instructions\QA\Evidence\Operations_Static_Validation\W60_OPERATIONS_STATIC_VALIDATION_20260706T004632-0500.json","3799","d8a7874257823f1a420cdb5e7f1f84d63896bfd6fcc253ea23c391bf7c8ec006",".json","2026-07-06T00:49:42","Machine-readable manifest/configuration/validation data.","read_only_unless_instruction_wave_or_correction_requires_update"
"Plan\Instructions\QA\Evidence\QA_Helper_Static_Validation\samples\sample_done_certification.md","C:\Comfy_UI_Main\Plan\Instructions\QA\Evidence\QA_Helper_Static_Validation\samples\sample_done_certification.md","375","8395ab988678dbb0a749f353a0d199711bb8540cd6ac16fd59200d85433aaef0",".md","2026-07-06T00:52:14","Markdown documentation/instruction/reference file.","read_only_unless_instruction_wave_or_correction_requires_update"
"Plan\Instructions\QA\Evidence\QA_Helper_Static_Validation\samples\sample_qa_record.json","C:\Comfy_UI_Main\Plan\Instructions\QA\Evidence\QA_Helper_Static_Validation\samples\sample_qa_record.json","459","5183ac4b72d9b79dbf71b741341d9419f9d85e9779acb73b7c4b37ef6e39d964",".json","2026-07-06T00:52:13","Machine-readable manifest/configuration/validation data.","read_only_unless_instruction_wave_or_correction_requires_update"
"Plan\Instructions\QA\Evidence\QA_Helper_Static_Validation\W61_QA_HELPER_STATIC_VALIDATION_20260706T005111-0500.json","C:\Comfy_UI_Main\Plan\Instructions\QA\Evidence\QA_Helper_Static_Validation\W61_QA_HELPER_STATIC_VALIDATION_20260706T005111-0500.json","3086","d8e07c058af6b05ed39589baf127bfa95beb4d6b680586d1c65379329cc51caa",".json","2026-07-06T00:53:19","Machine-readable manifest/configuration/validation data.","read_only_unless_instruction_wave_or_correction_requires_update"
"Plan\Instructions\QA\Evidence\README_QA_EVIDENCE.md","C:\Comfy_UI_Main\Plan\Instructions\QA\Evidence\README_QA_EVIDENCE.md","403","33e3665c744c48b1ea1d551ebdc7e6e2cbd47a1c755beb6eb4ea557774e3b309",".md","2026-07-06T05:21:42","Markdown documentation/instruction/reference file.","read_only_unless_instruction_wave_or_correction_requires_update"
"Plan\Instructions\QA\Evidence\Runtime_Readiness\W60_W61_AWS_AUTH_GATE_20260706T031007-0500.json","C:\Comfy_UI_Main\Plan\Instructions\QA\Evidence\Runtime_Readiness\W60_W61_AWS_AUTH_GATE_20260706T031007-0500.json","2272","15d09853ed61dd703ea1c98c216bad8e73b7fc238cda940c72056eb656763455",".json","2026-07-06T03:10:11","Machine-readable manifest/configuration/validation data.","read_only_unless_instruction_wave_or_correction_requires_update"
"Plan\Instructions\QA\Evidence\Runtime_Readiness\W60_W61_RUNTIME_READINESS_PREFLIGHT_20260706T012301-0500.json","C:\Comfy_UI_Main\Plan\Instructions\QA\Evidence\Runtime_Readiness\W60_W61_RUNTIME_READINESS_PREFLIGHT_20260706T012301-0500.json","4747","348f3a40681c69d7c6de4689ce958f3831180bb7a9b5834cfb889f21f18548f1",".json","2026-07-06T01:24:48","Machine-readable manifest/configuration/validation data.","read_only_unless_instruction_wave_or_correction_requires_update"
"Plan\Instructions\QA\Evidence\Workflow_Prerequisite_Matching\W61_WORKFLOW_LANE_SELECTION_20260706T024025-0500.json","C:\Comfy_UI_Main\Plan\Instructions\QA\Evidence\Workflow_Prerequisite_Matching\W61_WORKFLOW_LANE_SELECTION_20260706T024025-0500.json","4898","ff5666deddecff2fb08395bf26323be519222b3ed9339a086a25830395f7b611",".json","2026-07-06T02:41:14","Machine-readable manifest/configuration/validation data.","read_only_unless_instruction_wave_or_correction_requires_update"
"Plan\Instructions\QA\Evidence\Workflow_Runtime\README_WORKFLOW_RUNTIME_EVIDENCE.md","C:\Comfy_UI_Main\Plan\Instructions\QA\Evidence\Workflow_Runtime\README_WORKFLOW_RUNTIME_EVIDENCE.md","537","5ec750dc3ff2bddbac339faa86c4fe24aed9b8a7bcc6f9d9c0f0129bd9c74893",".md","2026-07-06T02:57:11","Markdown documentation/instruction/reference file.","read_only_unless_instruction_wave_or_correction_requires_update"
"Plan\Instructions\QA\Evidence\Workflow_Static_Validation\W61_COMFY_WORKFLOW_SMOKE_DRY_RUN_20260706T025536-0500.json","C:\Comfy_UI_Main\Plan\Instructions\QA\Evidence\Workflow_Static_Validation\W61_COMFY_WORKFLOW_SMOKE_DRY_RUN_20260706T025536-0500.json","1956","d2addc36d9b5790cdd061985429dbbf7f9eac69128e0af1f43a7b874ed8534ec",".json","2026-07-06T02:55:36","Machine-readable manifest/configuration/validation data.","read_only_unless_instruction_wave_or_correction_requires_update"
"Plan\Instructions\QA\Evidence\Workflow_Static_Validation\W61_COMFY_WORKFLOW_SMOKE_REQUEST_20260706T025536-0500.json","C:\Comfy_UI_Main\Plan\Instructions\QA\Evidence\Workflow_Static_Validation\W61_COMFY_WORKFLOW_SMOKE_REQUEST_20260706T025536-0500.json","4875","91dbef66635b9a0d63b2e537864b6448530fe291839e50d72c0d92703b784c8f",".json","2026-07-06T02:55:36","Machine-readable manifest/configuration/validation data.","read_only_unless_instruction_wave_or_correction_requires_update"
"Plan\Instructions\QA\Evidence\Workflow_Static_Validation\W61_EC2_LANE_STATIC_PROOF_DRY_RUN_20260706T024845-0500.json","C:\Comfy_UI_Main\Plan\Instructions\QA\Evidence\Workflow_Static_Validation\W61_EC2_LANE_STATIC_PROOF_DRY_RUN_20260706T024845-0500.json","844","a2b827b1df6530831e253bba8b615db43b3706f736588642f43479b98c46dfa2",".json","2026-07-06T02:48:46","Machine-readable manifest/configuration/validation data.","read_only_unless_instruction_wave_or_correction_requires_update"
"Plan\Instructions\QA\Evidence\Workflow_Static_Validation\W61_SDXL_LOW_RISK_WORKFLOW_STATIC_VALIDATION_20260706T024811-0500.json","C:\Comfy_UI_Main\Plan\Instructions\QA\Evidence\Workflow_Static_Validation\W61_SDXL_LOW_RISK_WORKFLOW_STATIC_VALIDATION_20260706T024811-0500.json","1914","8784007deceba5e69644a79a63f7ce9f98427eb597c7c90b495c89b25872c992",".json","2026-07-06T02:48:11","Machine-readable manifest/configuration/validation data.","read_only_unless_instruction_wave_or_correction_requires_update"
"Plan\Instructions\QA\FAILURE_CLASSIFICATION_AND_RETEST_PROTOCOL.md","C:\Comfy_UI_Main\Plan\Instructions\QA\FAILURE_CLASSIFICATION_AND_RETEST_PROTOCOL.md","1481","7560134a21905d09c72404527843d366f87feb03731dd124cdb55a6bd9e1699f",".md","2026-07-06T05:21:42","Markdown documentation/instruction/reference file.","read_only_unless_instruction_wave_or_correction_requires_update"
"Plan\Instructions\QA\IMAGE_GENERATION_VISUAL_REVIEW_PROTOCOL.md","C:\Comfy_UI_Main\Plan\Instructions\QA\IMAGE_GENERATION_VISUAL_REVIEW_PROTOCOL.md","2493","c06b1644e031e35ee5821a5fc122de5d169ac3f787466ee895bfe2982d3b954b",".md","2026-07-06T05:21:42","Markdown documentation/instruction/reference file.","read_only_unless_instruction_wave_or_correction_requires_update"
"Plan\Instructions\QA\MODEL_LORA_CHECKPOINT_VALIDATION_PROTOCOL.md","C:\Comfy_UI_Main\Plan\Instructions\QA\MODEL_LORA_CHECKPOINT_VALIDATION_PROTOCOL.md","1373","fa4ac3b930408fa5444bb9aa0e6e7364205e2a25538d9cae08c3cf185a149029",".md","2026-07-06T05:21:42","Markdown documentation/instruction/reference file.","read_only_unless_instruction_wave_or_correction_requires_update"
"Plan\Instructions\QA\MULTIMODAL_ARTIFACT_REVIEW_SCORECARD.md","C:\Comfy_UI_Main\Plan\Instructions\QA\MULTIMODAL_ARTIFACT_REVIEW_SCORECARD.md","1626","b27ce8e76d35115786c729e986b58bc983dff61ae0601bbb7612716a63f729a2",".md","2026-07-06T05:21:42","Markdown documentation/instruction/reference file.","read_only_unless_instruction_wave_or_correction_requires_update"
"Plan\Instructions\QA\PROMPT_NEGATIVE_PROMPT_QA_PROTOCOL.md","C:\Comfy_UI_Main\Plan\Instructions\QA\PROMPT_NEGATIVE_PROMPT_QA_PROTOCOL.md","1500","75762076f1ed69613da3924a9fd9cb9d6c52f00e5a785f09710fdecc6d9a2ca5",".md","2026-07-06T05:21:42","Markdown documentation/instruction/reference file.","read_only_unless_instruction_wave_or_correction_requires_update"
"Plan\Instructions\QA\README_QA_WAVE61.md","C:\Comfy_UI_Main\Plan\Instructions\QA\README_QA_WAVE61.md","1322","5944c00b5e5c144eb5b60d9e91719de7c58c533dfc52745480ab7357351c4d4c",".md","2026-07-06T05:21:42","Markdown documentation/instruction/reference file.","read_only_unless_instruction_wave_or_correction_requires_update"
"Plan\Instructions\QA\Schemas\done_certification.schema.json","C:\Comfy_UI_Main\Plan\Instructions\QA\Schemas\done_certification.schema.json","722","79aea221d94f0b41d9fd56298a83ac9ee8318d72a254fb2205f82ce485466edd",".json","2026-07-06T05:21:42","Machine-readable manifest/configuration/validation data.","read_only_unless_instruction_wave_or_correction_requires_update"
"Plan\Instructions\QA\Schemas\qa_record.schema.json","C:\Comfy_UI_Main\Plan\Instructions\QA\Schemas\qa_record.schema.json","721","51d2b9dd8ec3e6f2bd7d701120b4def0874211ac32a152e8a430733e37fd5c6e",".json","2026-07-06T05:21:42","Machine-readable manifest/configuration/validation data.","read_only_unless_instruction_wave_or_correction_requires_update"
"Plan\Instructions\QA\Scripts\Initialize-QARecord.ps1","C:\Comfy_UI_Main\Plan\Instructions\QA\Scripts\Initialize-QARecord.ps1","621","0e24c802f4bd738bc8bde7e2563e16acf854e2641dfe4fafd5215fb3a254014a",".ps1","2026-07-06T05:21:42","PowerShell automation/helper script.","read_only_unless_instruction_wave_or_correction_requires_update"
"Plan\Instructions\QA\Scripts\New-DoneCertification.ps1","C:\Comfy_UI_Main\Plan\Instructions\QA\Scripts\New-DoneCertification.ps1","607","893aa12105c2f7b8763c84612670a69d6bbc335d770b027a1c3689b49f11134d",".ps1","2026-07-06T05:21:42","PowerShell automation/helper script.","read_only_unless_instruction_wave_or_correction_requires_update"
"Plan\Instructions\QA\Scripts\New-ImageArtifactQARecord.ps1","C:\Comfy_UI_Main\Plan\Instructions\QA\Scripts\New-ImageArtifactQARecord.ps1","9277","0ee4e4edf16af177885f375ab280ed935c12040ee795819a7ba37d751954e4f3",".ps1","2026-07-06T03:02:49","PowerShell automation/helper script.","read_only_unless_instruction_wave_or_correction_requires_update"
"Plan\Instructions\QA\Scripts\Test-ComfyWorkflowStatic.ps1","C:\Comfy_UI_Main\Plan\Instructions\QA\Scripts\Test-ComfyWorkflowStatic.ps1","10960","26ddb84151469cef9d0c6547631946c3bdd83106948d1de844f09194bc491580",".ps1","2026-07-06T02:47:49","PowerShell automation/helper script.","read_only_unless_instruction_wave_or_correction_requires_update"
"Plan\Instructions\QA\STRICT_AUTONOMOUS_QA_MASTER_PROTOCOL.md","C:\Comfy_UI_Main\Plan\Instructions\QA\STRICT_AUTONOMOUS_QA_MASTER_PROTOCOL.md","5015","5562a651d8e114194babc8d9eb2830992fa193bb43dfc8ece9c003d6b19549d9",".md","2026-07-06T05:21:42","Markdown documentation/instruction/reference file.","read_only_unless_instruction_wave_or_correction_requires_update"
"Plan\Instructions\QA\Templates\artifact_qa_record.template.json","C:\Comfy_UI_Main\Plan\Instructions\QA\Templates\artifact_qa_record.template.json","387","1e2168e341740d1a8c08102cb94a25bc5b5c18d2439e3c66e5de460197f6e90a",".json","2026-07-06T05:21:42","Machine-readable manifest/configuration/validation data.","read_only_unless_instruction_wave_or_correction_requires_update"
"Plan\Instructions\QA\Templates\audio_review_checklist.template.md","C:\Comfy_UI_Main\Plan\Instructions\QA\Templates\audio_review_checklist.template.md","442","9f9069658c178ffa381dab16cb5b2f6151b28bc346b58eff6263afc820e681f2",".md","2026-07-06T05:21:42","Markdown documentation/instruction/reference file.","read_only_unless_instruction_wave_or_correction_requires_update"
"Plan\Instructions\QA\Templates\done_certification.template.md","C:\Comfy_UI_Main\Plan\Instructions\QA\Templates\done_certification.template.md","277","5df157698457f203f9b1cd1eb0cf85fb2c5c6283698fe20ad33ce6ec5f248692",".md","2026-07-06T05:21:42","Markdown documentation/instruction/reference file.","read_only_unless_instruction_wave_or_correction_requires_update"
"Plan\Instructions\QA\Templates\image_review_checklist.template.md","C:\Comfy_UI_Main\Plan\Instructions\QA\Templates\image_review_checklist.template.md","626","1392c2306d8d7e1922f1d3fd33e2801b0638f8edd20e7d8c1e10a317a0742683",".md","2026-07-06T05:21:42","Markdown documentation/instruction/reference file.","read_only_unless_instruction_wave_or_correction_requires_update"
"Plan\Instructions\QA\Templates\video_review_checklist.template.md","C:\Comfy_UI_Main\Plan\Instructions\QA\Templates\video_review_checklist.template.md","512","b061cd04943c847cad8d545a806cbd81e32d1a2e24a4f0ea2ef8f4dba4d9ebbe",".md","2026-07-06T05:21:42","Markdown documentation/instruction/reference file.","read_only_unless_instruction_wave_or_correction_requires_update"
"Plan\Instructions\QA\Templates\workflow_validation_record.template.json","C:\Comfy_UI_Main\Plan\Instructions\QA\Templates\workflow_validation_record.template.json","401","7e03efd4376b7fbc462fd558b3a1774eeed8cb80e9ee06b8471331e9cd93ebf8",".json","2026-07-06T05:21:42","Machine-readable manifest/configuration/validation data.","read_only_unless_instruction_wave_or_correction_requires_update"
"Plan\Instructions\QA\VIDEO_GENERATION_REVIEW_PROTOCOL.md","C:\Comfy_UI_Main\Plan\Instructions\QA\VIDEO_GENERATION_REVIEW_PROTOCOL.md","1844","7057f79a7f63881ccf508b4f2a847aad79f6c5876258fdf440572b2dc7649028",".md","2026-07-06T05:21:42","Markdown documentation/instruction/reference file.","read_only_unless_instruction_wave_or_correction_requires_update"
"Plan\Instructions\README_WAVE58.md","C:\Comfy_UI_Main\Plan\Instructions\README_WAVE58.md","1159","d2c48000624f94276137f26fa3dee615b71c4fa328147159eff24bd7f29c77bd",".md","2026-07-06T05:21:42","Markdown documentation/instruction/reference file.","read_only_unless_instruction_wave_or_correction_requires_update"
"Plan\Instructions\README_WAVE59.md","C:\Comfy_UI_Main\Plan\Instructions\README_WAVE59.md","1592","da0750773331278e5b1537db53529ffa89ee2b60baa0fe553f9d239f8411e995",".md","2026-07-06T05:21:42","Markdown documentation/instruction/reference file.","read_only_unless_instruction_wave_or_correction_requires_update"
"Plan\Instructions\README_WAVE60.md","C:\Comfy_UI_Main\Plan\Instructions\README_WAVE60.md","932","294c435165c612c88cca3477e78d208979b5c450a68f45076d022e241e84181a",".md","2026-07-06T05:21:42","Markdown documentation/instruction/reference file.","read_only_unless_instruction_wave_or_correction_requires_update"
"Plan\Instructions\README_WAVE61.md","C:\Comfy_UI_Main\Plan\Instructions\README_WAVE61.md","801","ca4efc2b9a63d11c9bb58878c8f30451a551e8b1e29b517bb33eb0e78159ef07",".md","2026-07-06T05:21:42","Markdown documentation/instruction/reference file.","read_only_unless_instruction_wave_or_correction_requires_update"
"Plan\Instructions\Reports\WAVE58_DELIVERY_REPORT.md","C:\Comfy_UI_Main\Plan\Instructions\Reports\WAVE58_DELIVERY_REPORT.md","2281","87c15643fd12aa94e68184d1e5e773beb9169962ad14a25bbaa30d121d076916",".md","2026-07-06T05:21:42","Wave delivery, validation, or file report.","add_or_regenerate_per_wave"
"Plan\Instructions\Reports\WAVE58_FILE_INDEX.md","C:\Comfy_UI_Main\Plan\Instructions\Reports\WAVE58_FILE_INDEX.md","4658","86b60a496f1d9556432e71f7987f301b903aa9cf29b308e6b3914df6a1bcc522",".md","2026-07-06T05:21:42","Wave delivery, validation, or file report.","add_or_regenerate_per_wave"
"Plan\Instructions\Reports\WAVE58_VALIDATION_REPORT.json","C:\Comfy_UI_Main\Plan\Instructions\Reports\WAVE58_VALIDATION_REPORT.json","9360","1498e97f51f166490153ec6e345469827eb4ae8d79372a065c5cfffe4e4f1a84",".json","2026-07-06T05:21:42","Wave delivery, validation, or file report.","add_or_regenerate_per_wave"
"Plan\Instructions\Reports\WAVE59_DELIVERY_REPORT.md","C:\Comfy_UI_Main\Plan\Instructions\Reports\WAVE59_DELIVERY_REPORT.md","3148","4d3c455dc36ec1117d3c4de0bf9401ee4c9d65538627b34769074dde0891ce6d",".md","2026-07-06T05:21:42","Wave delivery, validation, or file report.","add_or_regenerate_per_wave"
"Plan\Instructions\Reports\WAVE59_FILE_INDEX.md","C:\Comfy_UI_Main\Plan\Instructions\Reports\WAVE59_FILE_INDEX.md","426899","525903d6013e07dfcbbe5eaaaacfab5b06bcbef519d2da1d6d9e7788ed7c29e1",".md","2026-07-06T05:21:42","Wave delivery, validation, or file report.","add_or_regenerate_per_wave"
"Plan\Instructions\Reports\WAVE59_VALIDATION_REPORT.json","C:\Comfy_UI_Main\Plan\Instructions\Reports\WAVE59_VALIDATION_REPORT.json","6109","6a8cf2f14db3d846558247a97759a161a7aa43c466f2aaf8ebb6ded881a2d2b8",".json","2026-07-06T05:21:42","Wave delivery, validation, or file report.","add_or_regenerate_per_wave"
"Plan\Instructions\Reports\WAVE60_DELIVERY_REPORT.md","C:\Comfy_UI_Main\Plan\Instructions\Reports\WAVE60_DELIVERY_REPORT.md","2881","76c60f95a1f53c88532e280dba27514578ac94df1222dbdab3be2f796c7f1002",".md","2026-07-06T05:21:42","Wave delivery, validation, or file report.","add_or_regenerate_per_wave"
"Plan\Instructions\Reports\WAVE60_FILE_INDEX.md","C:\Comfy_UI_Main\Plan\Instructions\Reports\WAVE60_FILE_INDEX.md","4903","77b8d74ae8e2586cb8aa0967c7b72efc17f7b50c4e0f78ef98408d378c266e8b",".md","2026-07-06T05:21:42","Wave delivery, validation, or file report.","add_or_regenerate_per_wave"
"Plan\Instructions\Reports\WAVE60_VALIDATION_REPORT.json","C:\Comfy_UI_Main\Plan\Instructions\Reports\WAVE60_VALIDATION_REPORT.json","4882","a7980d9d7e530088aef446835e6fb6772d8c7cb43516fd9e6c81b1010d8ae14f",".json","2026-07-06T05:21:42","Wave delivery, validation, or file report.","add_or_regenerate_per_wave"
"Plan\Instructions\Reports\WAVE61_DELIVERY_REPORT.md","C:\Comfy_UI_Main\Plan\Instructions\Reports\WAVE61_DELIVERY_REPORT.md","1252","c5807474152f29e2776224da6cfbbedf976a9c6214fe75a3b46dc9c3005f00ad",".md","2026-07-06T05:21:42","Wave delivery, validation, or file report.","add_or_regenerate_per_wave"
"Plan\Instructions\Reports\WAVE61_FILE_INDEX.md","C:\Comfy_UI_Main\Plan\Instructions\Reports\WAVE61_FILE_INDEX.md","1952","7830fc5ce7c1dd9dd1b1cb6533339a4d1360de2167db36db2ef0c3ba9940025b",".md","2026-07-06T05:21:42","Wave delivery, validation, or file report.","add_or_regenerate_per_wave"
"Plan\Instructions\Reports\WAVE61_VALIDATION_REPORT.json","C:\Comfy_UI_Main\Plan\Instructions\Reports\WAVE61_VALIDATION_REPORT.json","885","b21dcd8c15d935932b6670a26de23bdfbc25342de68aa420fc553a28c16c595a",".json","2026-07-06T05:21:42","Wave delivery, validation, or file report.","add_or_regenerate_per_wave"
"Plan\Instructions\Reports\WAVE62_DELIVERY_REPORT.md","C:\Comfy_UI_Main\Plan\Instructions\Reports\WAVE62_DELIVERY_REPORT.md","1999","bbf41a1c32b909e69fd30123f288d6a51bc003d8fac9a63bba54f3bf997df9b3",".md","2026-07-06T05:24:30","Wave delivery, validation, or file report.","add_or_regenerate_per_wave"
"Plan\Instructions\Reports\WAVE62_FILE_INDEX.md","C:\Comfy_UI_Main\Plan\Instructions\Reports\WAVE62_FILE_INDEX.md","1937","2cd3604ea333d13b4c5c5d68228380df2c1063a0df497d67fb6695c65af19b68",".md","2026-07-06T05:24:30","Wave delivery, validation, or file report.","add_or_regenerate_per_wave"
"Plan\Instructions\Reports\WAVE62_VALIDATION_REPORT.json","C:\Comfy_UI_Main\Plan\Instructions\Reports\WAVE62_VALIDATION_REPORT.json","1500","ef2585b0eeb6b4c29d6964f2644464108fbdf65dec6b09b6229fb3bbe1216262",".json","2026-07-06T05:24:30","Wave delivery, validation, or file report.","add_or_regenerate_per_wave"
"Plan\Instructions\Reports\WAVES58_62_CUMULATIVE_FILE_MANIFEST.csv","C:\Comfy_UI_Main\Plan\Instructions\Reports\WAVES58_62_CUMULATIVE_FILE_MANIFEST.csv","535812","7fc15ca7754bda07f3d2b806802141a7cdaaa8ad53d5c210f47ae4308426dce1",".csv","2026-07-06T05:24:30","Wave delivery, validation, or file report.","add_or_regenerate_per_wave"
"Plan\Instructions\Scripts\Generate-Project-Indexes.ps1","C:\Comfy_UI_Main\Plan\Instructions\Scripts\Generate-Project-Indexes.ps1","6262","8b7875db9a08690a51644935e9ed01dbd51ff6a70e72a98c483a5ec18b0afef4",".ps1","2026-07-06T00:37:29","PowerShell automation/helper script.","read_only_unless_instruction_wave_or_correction_requires_update"
"Plan\Instructions\Scripts\README_INDEX_GENERATOR.md","C:\Comfy_UI_Main\Plan\Instructions\Scripts\README_INDEX_GENERATOR.md","484","5342de82f8f72f2c347b30a7383c2ca9e8e2d2aab4b58ee2642217cabe067614",".md","2026-07-06T05:21:42","Markdown documentation/instruction/reference file.","read_only_unless_instruction_wave_or_correction_requires_update"
"Plan\Instructions\Source_Context\source_uploads_summary.json","C:\Comfy_UI_Main\Plan\Instructions\Source_Context\source_uploads_summary.json","12405","d46ad05283a48700a331b4bacd1934570e883ac1c3bd85713b4659de55366a48",".json","2026-07-06T05:21:42","Source upload context, hash, or inventory summary.","read_only_unless_instruction_wave_or_correction_requires_update"
"Plan\Instructions\Source_Context\SOURCE_UPLOADS_SUMMARY.md","C:\Comfy_UI_Main\Plan\Instructions\Source_Context\SOURCE_UPLOADS_SUMMARY.md","1000","bab6a6b56b5c9972eee46654f4e53627ae3957fa6f170cf10d2cfef54e8e0152",".md","2026-07-06T05:21:42","Source upload context, hash, or inventory summary.","read_only_unless_instruction_wave_or_correction_requires_update"
"Plan\Instructions\Source_Context\wave59_source_package_inventory.csv","C:\Comfy_UI_Main\Plan\Instructions\Source_Context\wave59_source_package_inventory.csv","1099","a6f2a9fd5152eca3328dbeb627ffbae7e736064c07de707ec20a26b28c61b4cb",".csv","2026-07-06T05:21:42","Source upload context, hash, or inventory summary.","read_only_unless_instruction_wave_or_correction_requires_update"
"Plan\Instructions\Source_Context\wave59_source_package_inventory.json","C:\Comfy_UI_Main\Plan\Instructions\Source_Context\wave59_source_package_inventory.json","1677","e6e64f2634865814476ef905de7a3d6133e77c43e75b33a27f551e5d92e9c60b",".json","2026-07-06T05:21:42","Source upload context, hash, or inventory summary.","read_only_unless_instruction_wave_or_correction_requires_update"
"Plan\Instructions\Source_Context\WAVE59_SOURCE_PACKAGE_INVENTORY.md","C:\Comfy_UI_Main\Plan\Instructions\Source_Context\WAVE59_SOURCE_PACKAGE_INVENTORY.md","907","0f0453b17884bc9daf77af59dc069afe52f8788fb8aec384352c8d60031b5613",".md","2026-07-06T05:21:42","Source upload context, hash, or inventory summary.","read_only_unless_instruction_wave_or_correction_requires_update"
"Plan\Instructions\Source_Context\WAVE60_REFERENCE_SOURCE_NOTES.md","C:\Comfy_UI_Main\Plan\Instructions\Source_Context\WAVE60_REFERENCE_SOURCE_NOTES.md","893","2c830d2b7957ee109630a38978874c28e0d46b216353c13793beb3d77bbd518c",".md","2026-07-06T05:21:42","Source upload context, hash, or inventory summary.","read_only_unless_instruction_wave_or_correction_requires_update"
"Plan\Instructions\Source_Context\WAVE61_REFERENCE_SOURCE_NOTES.md","C:\Comfy_UI_Main\Plan\Instructions\Source_Context\WAVE61_REFERENCE_SOURCE_NOTES.md","418","c542fccf7ca7a41375939cf4a4baa463cd91567311aad744203be2ce80224e1d",".md","2026-07-06T05:21:42","Source upload context, hash, or inventory summary.","read_only_unless_instruction_wave_or_correction_requires_update"
"Plan\Instructions\Source_Context\WAVE62_REFERENCE_SOURCE_NOTES.md","C:\Comfy_UI_Main\Plan\Instructions\Source_Context\WAVE62_REFERENCE_SOURCE_NOTES.md","406","2c1060918fd36b9bb6fc50bbf46001f9d943811d4f9b0305e9a08eac07956fd7",".md","2026-07-06T05:23:46","Source upload context, hash, or inventory summary.","read_only_unless_instruction_wave_or_correction_requires_update"
"Plan\Instructions\Templates\CURRENT_PURSUING_GOAL_TEMPLATE.md","C:\Comfy_UI_Main\Plan\Instructions\Templates\CURRENT_PURSUING_GOAL_TEMPLATE.md","275","c53e241ced6c3347b55d58b4f6f6013f9702d21a18e74d1d384247994f110243",".md","2026-07-06T05:21:42","Reusable Codex instruction or certification template.","read_only_unless_template_upgrade_requested"
"Plan\Instructions\Templates\TASK_DONE_CERTIFICATION_TEMPLATE.md","C:\Comfy_UI_Main\Plan\Instructions\Templates\TASK_DONE_CERTIFICATION_TEMPLATE.md","374","68988669dde0a949c1c31902c9dd8cd9a130aa7fb22dd1a7a9dac03c67e1ff1b",".md","2026-07-06T05:21:42","Reusable Codex instruction or certification template.","read_only_unless_template_upgrade_requested"
"Plan\Instructions\Waves\Wave58\WAVE58_AUTONOMOUS_TRACKER_SUPPLEMENT.csv","C:\Comfy_UI_Main\Plan\Instructions\Waves\Wave58\WAVE58_AUTONOMOUS_TRACKER_SUPPLEMENT.csv","1568","a632452a4dd0ffce10208892389e7bdcaf9bbf69d9c71dab4e8ed4fcae742814",".csv","2026-07-06T05:21:42","Wave-specific supplement, report, or package artifact.","add_per_wave"
"Plan\Instructions\Waves\Wave58\WAVE58_DELIVERY_REPORT.md","C:\Comfy_UI_Main\Plan\Instructions\Waves\Wave58\WAVE58_DELIVERY_REPORT.md","2281","87c15643fd12aa94e68184d1e5e773beb9169962ad14a25bbaa30d121d076916",".md","2026-07-06T05:21:42","Wave-specific supplement, report, or package artifact.","add_per_wave"
"Plan\Instructions\Waves\Wave58\WAVE58_FILE_INDEX.md","C:\Comfy_UI_Main\Plan\Instructions\Waves\Wave58\WAVE58_FILE_INDEX.md","4658","86b60a496f1d9556432e71f7987f301b903aa9cf29b308e6b3914df6a1bcc522",".md","2026-07-06T05:21:42","Wave-specific supplement, report, or package artifact.","add_per_wave"
"Plan\Instructions\Waves\Wave58\WAVE58_ITEMIZED_LIST_SUPPLEMENT.csv","C:\Comfy_UI_Main\Plan\Instructions\Waves\Wave58\WAVE58_ITEMIZED_LIST_SUPPLEMENT.csv","2335","68673d3e79d0ac032fb336df478e5d9933ee1c77e96089c0fd11fba863224473",".csv","2026-07-06T05:21:42","Wave-specific supplement, report, or package artifact.","add_per_wave"
"Plan\Instructions\Waves\Wave58\WAVE58_VALIDATION_REPORT.json","C:\Comfy_UI_Main\Plan\Instructions\Waves\Wave58\WAVE58_VALIDATION_REPORT.json","9360","1498e97f51f166490153ec6e345469827eb4ae8d79372a065c5cfffe4e4f1a84",".json","2026-07-06T05:21:42","Wave-specific supplement, report, or package artifact.","add_per_wave"
"Plan\Instructions\Waves\Wave59\WAVE59_ITEMIZED_LIST_SUPPLEMENT.csv","C:\Comfy_UI_Main\Plan\Instructions\Waves\Wave59\WAVE59_ITEMIZED_LIST_SUPPLEMENT.csv","2717","35d09072fd48c424aa6f2b2b9db1f20e8c5b482a34f78c13a546c6f0222e0dcc",".csv","2026-07-06T01:07:28","Wave-specific supplement, report, or package artifact.","add_per_wave"
"Plan\Instructions\Waves\Wave59\WAVE59_SCOPE.md","C:\Comfy_UI_Main\Plan\Instructions\Waves\Wave59\WAVE59_SCOPE.md","906","03359e5e3968e15c56bf8d709f0817498cdce1dadde2709419ba8d13acbe6957",".md","2026-07-06T05:21:42","Wave-specific supplement, report, or package artifact.","add_per_wave"
"Plan\Instructions\Waves\Wave59\WAVE59_TRACKER_SUPPLEMENT.csv","C:\Comfy_UI_Main\Plan\Instructions\Waves\Wave59\WAVE59_TRACKER_SUPPLEMENT.csv","1758","762e769ee0fc499580643c6123aa89ce10ff0e0159e4554ea5b6e6f890ff3b90",".csv","2026-07-06T01:07:28","Wave-specific supplement, report, or package artifact.","add_per_wave"
"Plan\Instructions\Waves\Wave60\WAVE60_ITEMIZED_LIST_SUPPLEMENT.csv","C:\Comfy_UI_Main\Plan\Instructions\Waves\Wave60\WAVE60_ITEMIZED_LIST_SUPPLEMENT.csv","4306","a611b100a300e82e5fde20e1428c799459a1c6266108fbe2df4a5ad5f7fa2132",".csv","2026-07-06T03:13:00","Wave-specific supplement, report, or package artifact.","add_per_wave"
"Plan\Instructions\Waves\Wave60\WAVE60_SCOPE.md","C:\Comfy_UI_Main\Plan\Instructions\Waves\Wave60\WAVE60_SCOPE.md","1879","bb3e116da479d9906fedd21d591c88e9be7e211b0237f961217bc28bae47e91f",".md","2026-07-06T05:21:42","Wave-specific supplement, report, or package artifact.","add_per_wave"
"Plan\Instructions\Waves\Wave60\WAVE60_TRACKER_SUPPLEMENT.csv","C:\Comfy_UI_Main\Plan\Instructions\Waves\Wave60\WAVE60_TRACKER_SUPPLEMENT.csv","3990","d67a1df98cb4750d66d0af7289059721266c2401cf7a38658dafc6879cc7f919",".csv","2026-07-06T03:12:59","Wave-specific supplement, report, or package artifact.","add_per_wave"
"Plan\Instructions\Waves\Wave61\WAVE61_ITEMIZED_LIST_SUPPLEMENT.csv","C:\Comfy_UI_Main\Plan\Instructions\Waves\Wave61\WAVE61_ITEMIZED_LIST_SUPPLEMENT.csv","4630","273082ac7d571064dcb7bfca644bb942cc444bfef05b1e44741bf7333f8da26c",".csv","2026-07-06T03:13:00","Wave-specific supplement, report, or package artifact.","add_per_wave"
"Plan\Instructions\Waves\Wave61\WAVE61_SCOPE.md","C:\Comfy_UI_Main\Plan\Instructions\Waves\Wave61\WAVE61_SCOPE.md","923","ed018212e61c3e7502f2abe4659896002904a341dbd54b807b218b5ffc78c60a",".md","2026-07-06T05:21:42","Wave-specific supplement, report, or package artifact.","add_per_wave"
"Plan\Instructions\Waves\Wave61\WAVE61_TRACKER_SUPPLEMENT.csv","C:\Comfy_UI_Main\Plan\Instructions\Waves\Wave61\WAVE61_TRACKER_SUPPLEMENT.csv","4358","b6fce1c971cee1d287143d8601095b4a1ea8ed39e3f436d284b8578d3ddcb9e8",".csv","2026-07-06T03:13:00","Wave-specific supplement, report, or package artifact.","add_per_wave"
"Plan\Instructions\Waves\Wave62\WAVE62_ITEMIZED_LIST_SUPPLEMENT.csv","C:\Comfy_UI_Main\Plan\Instructions\Waves\Wave62\WAVE62_ITEMIZED_LIST_SUPPLEMENT.csv","3019","2e2cfceaf8f3408386c94f74ef9ea68bbfa179a3234ca759ba849f1c688c5b31",".csv","2026-07-06T01:18:27","Wave-specific supplement, report, or package artifact.","add_per_wave"
"Plan\Instructions\Waves\Wave62\WAVE62_SCOPE.md","C:\Comfy_UI_Main\Plan\Instructions\Waves\Wave62\WAVE62_SCOPE.md","822","71bc2133aee6766437bd8f1d605f6b2355779b3b534cc3ed23507e2763670a6e",".md","2026-07-06T05:23:46","Wave-specific supplement, report, or package artifact.","add_per_wave"
"Plan\Instructions\Waves\Wave62\WAVE62_TRACKER_SUPPLEMENT.csv","C:\Comfy_UI_Main\Plan\Instructions\Waves\Wave62\WAVE62_TRACKER_SUPPLEMENT.csv","2537","fced76e4bbef293a57fb047e30c1d6ad81728dd15fe516354f8d116646c36373",".csv","2026-07-06T01:18:27","Wave-specific supplement, report, or package artifact.","add_per_wave"
