row_number,item_id,tracker_id,workstream_id,workstream,phase,title,objective,dependencies,required_artifacts,acceptance_tests,external_gates,status,runtime_completion_claimed,source_citations,tracker_state,next_action,blocker
261,ITEM-W64-261,TRK-W64-261,HVAA-01,video_project_clock_reference_authority,contract,Publish strict schemas and canonical record boundaries: video project clock reference authority,"Freeze project, rational media clock, reference authority, color pipeline, and output contracts.",ITEM-W64-220,video_project_clock_reference_authority_contract_record|video_project_clock_reference_authority_contract_evidence|append_only_decision_or_status_record,schema_and_semantic_validation|authority_and_reference_resolution|negative_path_fail_closed|no_runtime_completion_from_planning,exact_model_bundle_certificate_when_execution_is_requested|durable_controller_and_comfyui_runtime_release_when_execution_is_requested|maskfactory_certificate_for_mask_authority_when_required|autonomous_policy_perceptual_release_gate_with_optional_explicit_human_override,Planned_Autonomous_Implementation_Required,False,Plan/01_CURRENT_SYSTEM_REVIEW/WAVE64_HYPERREAL_VIDEO_AUDIO_APP_THIRD_PASS_GAP_AUDIT.md|Plan/02_TARGET_ARCHITECTURE/WAVE64_HYPERREAL_VIDEO_AUDIO_APP_CONTROL_ARCHITECTURE.md,planned_not_started,main_task_review_and_formal_adoption,runtime_and_empirical_evidence_not_yet_implemented
262,ITEM-W64-262,TRK-W64-262,HVAA-01,video_project_clock_reference_authority,policy,"Freeze registries, policies, thresholds, and authority: video project clock reference authority","Freeze project, rational media clock, reference authority, color pipeline, and output contracts.",ITEM-W64-261,video_project_clock_reference_authority_policy_record|video_project_clock_reference_authority_policy_evidence|append_only_decision_or_status_record,schema_and_semantic_validation|authority_and_reference_resolution|negative_path_fail_closed|no_runtime_completion_from_planning,exact_model_bundle_certificate_when_execution_is_requested|durable_controller_and_comfyui_runtime_release_when_execution_is_requested|maskfactory_certificate_for_mask_authority_when_required|autonomous_policy_perceptual_release_gate_with_optional_explicit_human_override,Planned_Autonomous_Implementation_Required,False,Plan/01_CURRENT_SYSTEM_REVIEW/WAVE64_HYPERREAL_VIDEO_AUDIO_APP_THIRD_PASS_GAP_AUDIT.md|Plan/02_TARGET_ARCHITECTURE/WAVE64_HYPERREAL_VIDEO_AUDIO_APP_CONTROL_ARCHITECTURE.md,planned_not_started,main_task_review_and_formal_adoption,runtime_and_empirical_evidence_not_yet_implemented
263,ITEM-W64-263,TRK-W64-263,HVAA-01,video_project_clock_reference_authority,implementation,Implement the bounded runtime/application slice with synthetic fixtures first: video project clock reference authority,"Freeze project, rational media clock, reference authority, color pipeline, and output contracts.",ITEM-W64-262,video_project_clock_reference_authority_implementation_record|video_project_clock_reference_authority_implementation_evidence|append_only_decision_or_status_record,schema_and_semantic_validation|authority_and_reference_resolution|negative_path_fail_closed|no_runtime_completion_from_planning,exact_model_bundle_certificate_when_execution_is_requested|durable_controller_and_comfyui_runtime_release_when_execution_is_requested|maskfactory_certificate_for_mask_authority_when_required|autonomous_policy_perceptual_release_gate_with_optional_explicit_human_override,Planned_Autonomous_Implementation_Required,False,Plan/01_CURRENT_SYSTEM_REVIEW/WAVE64_HYPERREAL_VIDEO_AUDIO_APP_THIRD_PASS_GAP_AUDIT.md|Plan/02_TARGET_ARCHITECTURE/WAVE64_HYPERREAL_VIDEO_AUDIO_APP_CONTROL_ARCHITECTURE.md,planned_not_started,main_task_review_and_formal_adoption,runtime_and_empirical_evidence_not_yet_implemented
264,ITEM-W64-264,TRK-W64-264,HVAA-01,video_project_clock_reference_authority,assurance,"Prove positive, negative, fault, perceptual, and release behavior: video project clock reference authority","Freeze project, rational media clock, reference authority, color pipeline, and output contracts.",ITEM-W64-263,video_project_clock_reference_authority_assurance_record|video_project_clock_reference_authority_assurance_evidence|append_only_decision_or_status_record,schema_and_semantic_validation|authority_and_reference_resolution|negative_path_fail_closed|no_runtime_completion_from_planning,exact_model_bundle_certificate_when_execution_is_requested|durable_controller_and_comfyui_runtime_release_when_execution_is_requested|maskfactory_certificate_for_mask_authority_when_required|autonomous_policy_perceptual_release_gate_with_optional_explicit_human_override,Planned_Autonomous_Implementation_Required,False,Plan/01_CURRENT_SYSTEM_REVIEW/WAVE64_HYPERREAL_VIDEO_AUDIO_APP_THIRD_PASS_GAP_AUDIT.md|Plan/02_TARGET_ARCHITECTURE/WAVE64_HYPERREAL_VIDEO_AUDIO_APP_CONTROL_ARCHITECTURE.md,planned_not_started,main_task_review_and_formal_adoption,runtime_and_empirical_evidence_not_yet_implemented
265,ITEM-W64-265,TRK-W64-265,HVAA-02,video_shot_keyframe_continuity,contract,Publish strict schemas and canonical record boundaries: video shot keyframe continuity,"Publish shot, keyframe, camera, identity, anatomy, lighting, and material continuity authority.",ITEM-W64-264,video_shot_keyframe_continuity_contract_record|video_shot_keyframe_continuity_contract_evidence|append_only_decision_or_status_record,schema_and_semantic_validation|authority_and_reference_resolution|negative_path_fail_closed|no_runtime_completion_from_planning,exact_model_bundle_certificate_when_execution_is_requested|durable_controller_and_comfyui_runtime_release_when_execution_is_requested|maskfactory_certificate_for_mask_authority_when_required|autonomous_policy_perceptual_release_gate_with_optional_explicit_human_override,Planned_Autonomous_Implementation_Required,False,Plan/01_CURRENT_SYSTEM_REVIEW/WAVE64_HYPERREAL_VIDEO_AUDIO_APP_THIRD_PASS_GAP_AUDIT.md|Plan/02_TARGET_ARCHITECTURE/WAVE64_HYPERREAL_VIDEO_AUDIO_APP_CONTROL_ARCHITECTURE.md,planned_not_started,main_task_review_and_formal_adoption,runtime_and_empirical_evidence_not_yet_implemented
266,ITEM-W64-266,TRK-W64-266,HVAA-02,video_shot_keyframe_continuity,policy,"Freeze registries, policies, thresholds, and authority: video shot keyframe continuity","Publish shot, keyframe, camera, identity, anatomy, lighting, and material continuity authority.",ITEM-W64-265,video_shot_keyframe_continuity_policy_record|video_shot_keyframe_continuity_policy_evidence|append_only_decision_or_status_record,schema_and_semantic_validation|authority_and_reference_resolution|negative_path_fail_closed|no_runtime_completion_from_planning,exact_model_bundle_certificate_when_execution_is_requested|durable_controller_and_comfyui_runtime_release_when_execution_is_requested|maskfactory_certificate_for_mask_authority_when_required|autonomous_policy_perceptual_release_gate_with_optional_explicit_human_override,Planned_Autonomous_Implementation_Required,False,Plan/01_CURRENT_SYSTEM_REVIEW/WAVE64_HYPERREAL_VIDEO_AUDIO_APP_THIRD_PASS_GAP_AUDIT.md|Plan/02_TARGET_ARCHITECTURE/WAVE64_HYPERREAL_VIDEO_AUDIO_APP_CONTROL_ARCHITECTURE.md,planned_not_started,main_task_review_and_formal_adoption,runtime_and_empirical_evidence_not_yet_implemented
267,ITEM-W64-267,TRK-W64-267,HVAA-02,video_shot_keyframe_continuity,implementation,Implement the bounded runtime/application slice with synthetic fixtures first: video shot keyframe continuity,"Publish shot, keyframe, camera, identity, anatomy, lighting, and material continuity authority.",ITEM-W64-266,video_shot_keyframe_continuity_implementation_record|video_shot_keyframe_continuity_implementation_evidence|append_only_decision_or_status_record,schema_and_semantic_validation|authority_and_reference_resolution|negative_path_fail_closed|no_runtime_completion_from_planning,exact_model_bundle_certificate_when_execution_is_requested|durable_controller_and_comfyui_runtime_release_when_execution_is_requested|maskfactory_certificate_for_mask_authority_when_required|autonomous_policy_perceptual_release_gate_with_optional_explicit_human_override,Planned_Autonomous_Implementation_Required,False,Plan/01_CURRENT_SYSTEM_REVIEW/WAVE64_HYPERREAL_VIDEO_AUDIO_APP_THIRD_PASS_GAP_AUDIT.md|Plan/02_TARGET_ARCHITECTURE/WAVE64_HYPERREAL_VIDEO_AUDIO_APP_CONTROL_ARCHITECTURE.md,planned_not_started,main_task_review_and_formal_adoption,runtime_and_empirical_evidence_not_yet_implemented
268,ITEM-W64-268,TRK-W64-268,HVAA-02,video_shot_keyframe_continuity,assurance,"Prove positive, negative, fault, perceptual, and release behavior: video shot keyframe continuity","Publish shot, keyframe, camera, identity, anatomy, lighting, and material continuity authority.",ITEM-W64-267,video_shot_keyframe_continuity_assurance_record|video_shot_keyframe_continuity_assurance_evidence|append_only_decision_or_status_record,schema_and_semantic_validation|authority_and_reference_resolution|negative_path_fail_closed|no_runtime_completion_from_planning,exact_model_bundle_certificate_when_execution_is_requested|durable_controller_and_comfyui_runtime_release_when_execution_is_requested|maskfactory_certificate_for_mask_authority_when_required|autonomous_policy_perceptual_release_gate_with_optional_explicit_human_override,Planned_Autonomous_Implementation_Required,False,Plan/01_CURRENT_SYSTEM_REVIEW/WAVE64_HYPERREAL_VIDEO_AUDIO_APP_THIRD_PASS_GAP_AUDIT.md|Plan/02_TARGET_ARCHITECTURE/WAVE64_HYPERREAL_VIDEO_AUDIO_APP_CONTROL_ARCHITECTURE.md,planned_not_started,main_task_review_and_formal_adoption,runtime_and_empirical_evidence_not_yet_implemented
269,ITEM-W64-269,TRK-W64-269,HVAA-03,video_motion_physics_interaction,contract,Publish strict schemas and canonical record boundaries: video motion physics interaction,"Model primary, micro, secondary, contact, fabric, hair, fluid, camera, and settling motion.",ITEM-W64-268,video_motion_physics_interaction_contract_record|video_motion_physics_interaction_contract_evidence|append_only_decision_or_status_record,schema_and_semantic_validation|authority_and_reference_resolution|negative_path_fail_closed|no_runtime_completion_from_planning,exact_model_bundle_certificate_when_execution_is_requested|durable_controller_and_comfyui_runtime_release_when_execution_is_requested|maskfactory_certificate_for_mask_authority_when_required|autonomous_policy_perceptual_release_gate_with_optional_explicit_human_override,Planned_Autonomous_Implementation_Required,False,Plan/01_CURRENT_SYSTEM_REVIEW/WAVE64_HYPERREAL_VIDEO_AUDIO_APP_THIRD_PASS_GAP_AUDIT.md|Plan/02_TARGET_ARCHITECTURE/WAVE64_HYPERREAL_VIDEO_AUDIO_APP_CONTROL_ARCHITECTURE.md,planned_not_started,main_task_review_and_formal_adoption,runtime_and_empirical_evidence_not_yet_implemented
270,ITEM-W64-270,TRK-W64-270,HVAA-03,video_motion_physics_interaction,policy,"Freeze registries, policies, thresholds, and authority: video motion physics interaction","Model primary, micro, secondary, contact, fabric, hair, fluid, camera, and settling motion.",ITEM-W64-269,video_motion_physics_interaction_policy_record|video_motion_physics_interaction_policy_evidence|append_only_decision_or_status_record,schema_and_semantic_validation|authority_and_reference_resolution|negative_path_fail_closed|no_runtime_completion_from_planning,exact_model_bundle_certificate_when_execution_is_requested|durable_controller_and_comfyui_runtime_release_when_execution_is_requested|maskfactory_certificate_for_mask_authority_when_required|autonomous_policy_perceptual_release_gate_with_optional_explicit_human_override,Planned_Autonomous_Implementation_Required,False,Plan/01_CURRENT_SYSTEM_REVIEW/WAVE64_HYPERREAL_VIDEO_AUDIO_APP_THIRD_PASS_GAP_AUDIT.md|Plan/02_TARGET_ARCHITECTURE/WAVE64_HYPERREAL_VIDEO_AUDIO_APP_CONTROL_ARCHITECTURE.md,planned_not_started,main_task_review_and_formal_adoption,runtime_and_empirical_evidence_not_yet_implemented
271,ITEM-W64-271,TRK-W64-271,HVAA-03,video_motion_physics_interaction,implementation,Implement the bounded runtime/application slice with synthetic fixtures first: video motion physics interaction,"Model primary, micro, secondary, contact, fabric, hair, fluid, camera, and settling motion.",ITEM-W64-270,video_motion_physics_interaction_implementation_record|video_motion_physics_interaction_implementation_evidence|append_only_decision_or_status_record,schema_and_semantic_validation|authority_and_reference_resolution|negative_path_fail_closed|no_runtime_completion_from_planning,exact_model_bundle_certificate_when_execution_is_requested|durable_controller_and_comfyui_runtime_release_when_execution_is_requested|maskfactory_certificate_for_mask_authority_when_required|autonomous_policy_perceptual_release_gate_with_optional_explicit_human_override,Planned_Autonomous_Implementation_Required,False,Plan/01_CURRENT_SYSTEM_REVIEW/WAVE64_HYPERREAL_VIDEO_AUDIO_APP_THIRD_PASS_GAP_AUDIT.md|Plan/02_TARGET_ARCHITECTURE/WAVE64_HYPERREAL_VIDEO_AUDIO_APP_CONTROL_ARCHITECTURE.md,planned_not_started,main_task_review_and_formal_adoption,runtime_and_empirical_evidence_not_yet_implemented
272,ITEM-W64-272,TRK-W64-272,HVAA-03,video_motion_physics_interaction,assurance,"Prove positive, negative, fault, perceptual, and release behavior: video motion physics interaction","Model primary, micro, secondary, contact, fabric, hair, fluid, camera, and settling motion.",ITEM-W64-271,video_motion_physics_interaction_assurance_record|video_motion_physics_interaction_assurance_evidence|append_only_decision_or_status_record,schema_and_semantic_validation|authority_and_reference_resolution|negative_path_fail_closed|no_runtime_completion_from_planning,exact_model_bundle_certificate_when_execution_is_requested|durable_controller_and_comfyui_runtime_release_when_execution_is_requested|maskfactory_certificate_for_mask_authority_when_required|autonomous_policy_perceptual_release_gate_with_optional_explicit_human_override,Planned_Autonomous_Implementation_Required,False,Plan/01_CURRENT_SYSTEM_REVIEW/WAVE64_HYPERREAL_VIDEO_AUDIO_APP_THIRD_PASS_GAP_AUDIT.md|Plan/02_TARGET_ARCHITECTURE/WAVE64_HYPERREAL_VIDEO_AUDIO_APP_CONTROL_ARCHITECTURE.md,planned_not_started,main_task_review_and_formal_adoption,runtime_and_empirical_evidence_not_yet_implemented
273,ITEM-W64-273,TRK-W64-273,HVAA-04,video_engine_candidate_multipass_routing,contract,Publish strict schemas and canonical record boundaries: video engine candidate multipass routing,Route exact video bundles per shot/pass and compare bounded candidates without latent-family leakage.,ITEM-W64-272,video_engine_candidate_multipass_routing_contract_record|video_engine_candidate_multipass_routing_contract_evidence|append_only_decision_or_status_record,schema_and_semantic_validation|authority_and_reference_resolution|negative_path_fail_closed|no_runtime_completion_from_planning,exact_model_bundle_certificate_when_execution_is_requested|durable_controller_and_comfyui_runtime_release_when_execution_is_requested|maskfactory_certificate_for_mask_authority_when_required|autonomous_policy_perceptual_release_gate_with_optional_explicit_human_override,Planned_Autonomous_Implementation_Required,False,Plan/01_CURRENT_SYSTEM_REVIEW/WAVE64_HYPERREAL_VIDEO_AUDIO_APP_THIRD_PASS_GAP_AUDIT.md|Plan/02_TARGET_ARCHITECTURE/WAVE64_HYPERREAL_VIDEO_AUDIO_APP_CONTROL_ARCHITECTURE.md,planned_not_started,main_task_review_and_formal_adoption,runtime_and_empirical_evidence_not_yet_implemented
274,ITEM-W64-274,TRK-W64-274,HVAA-04,video_engine_candidate_multipass_routing,policy,"Freeze registries, policies, thresholds, and authority: video engine candidate multipass routing",Route exact video bundles per shot/pass and compare bounded candidates without latent-family leakage.,ITEM-W64-273,video_engine_candidate_multipass_routing_policy_record|video_engine_candidate_multipass_routing_policy_evidence|append_only_decision_or_status_record,schema_and_semantic_validation|authority_and_reference_resolution|negative_path_fail_closed|no_runtime_completion_from_planning,exact_model_bundle_certificate_when_execution_is_requested|durable_controller_and_comfyui_runtime_release_when_execution_is_requested|maskfactory_certificate_for_mask_authority_when_required|autonomous_policy_perceptual_release_gate_with_optional_explicit_human_override,Planned_Autonomous_Implementation_Required,False,Plan/01_CURRENT_SYSTEM_REVIEW/WAVE64_HYPERREAL_VIDEO_AUDIO_APP_THIRD_PASS_GAP_AUDIT.md|Plan/02_TARGET_ARCHITECTURE/WAVE64_HYPERREAL_VIDEO_AUDIO_APP_CONTROL_ARCHITECTURE.md,planned_not_started,main_task_review_and_formal_adoption,runtime_and_empirical_evidence_not_yet_implemented
275,ITEM-W64-275,TRK-W64-275,HVAA-04,video_engine_candidate_multipass_routing,implementation,Implement the bounded runtime/application slice with synthetic fixtures first: video engine candidate multipass routing,Route exact video bundles per shot/pass and compare bounded candidates without latent-family leakage.,ITEM-W64-274,video_engine_candidate_multipass_routing_implementation_record|video_engine_candidate_multipass_routing_implementation_evidence|append_only_decision_or_status_record,schema_and_semantic_validation|authority_and_reference_resolution|negative_path_fail_closed|no_runtime_completion_from_planning,exact_model_bundle_certificate_when_execution_is_requested|durable_controller_and_comfyui_runtime_release_when_execution_is_requested|maskfactory_certificate_for_mask_authority_when_required|autonomous_policy_perceptual_release_gate_with_optional_explicit_human_override,Planned_Autonomous_Implementation_Required,False,Plan/01_CURRENT_SYSTEM_REVIEW/WAVE64_HYPERREAL_VIDEO_AUDIO_APP_THIRD_PASS_GAP_AUDIT.md|Plan/02_TARGET_ARCHITECTURE/WAVE64_HYPERREAL_VIDEO_AUDIO_APP_CONTROL_ARCHITECTURE.md,planned_not_started,main_task_review_and_formal_adoption,runtime_and_empirical_evidence_not_yet_implemented
276,ITEM-W64-276,TRK-W64-276,HVAA-04,video_engine_candidate_multipass_routing,assurance,"Prove positive, negative, fault, perceptual, and release behavior: video engine candidate multipass routing",Route exact video bundles per shot/pass and compare bounded candidates without latent-family leakage.,ITEM-W64-275,video_engine_candidate_multipass_routing_assurance_record|video_engine_candidate_multipass_routing_assurance_evidence|append_only_decision_or_status_record,schema_and_semantic_validation|authority_and_reference_resolution|negative_path_fail_closed|no_runtime_completion_from_planning,exact_model_bundle_certificate_when_execution_is_requested|durable_controller_and_comfyui_runtime_release_when_execution_is_requested|maskfactory_certificate_for_mask_authority_when_required|autonomous_policy_perceptual_release_gate_with_optional_explicit_human_override,Planned_Autonomous_Implementation_Required,False,Plan/01_CURRENT_SYSTEM_REVIEW/WAVE64_HYPERREAL_VIDEO_AUDIO_APP_THIRD_PASS_GAP_AUDIT.md|Plan/02_TARGET_ARCHITECTURE/WAVE64_HYPERREAL_VIDEO_AUDIO_APP_CONTROL_ARCHITECTURE.md,planned_not_started,main_task_review_and_formal_adoption,runtime_and_empirical_evidence_not_yet_implemented
277,ITEM-W64-277,TRK-W64-277,HVAA-05,video_frame_qa_and_local_span_repair,contract,Publish strict schemas and canonical record boundaries: video frame qa and local span repair,"Create frame truth, calibrated temporal QA, defect localization, and immutable-parent span repair.",ITEM-W64-276,video_frame_qa_and_local_span_repair_contract_record|video_frame_qa_and_local_span_repair_contract_evidence|append_only_decision_or_status_record,schema_and_semantic_validation|authority_and_reference_resolution|negative_path_fail_closed|no_runtime_completion_from_planning,exact_model_bundle_certificate_when_execution_is_requested|durable_controller_and_comfyui_runtime_release_when_execution_is_requested|maskfactory_certificate_for_mask_authority_when_required|autonomous_policy_perceptual_release_gate_with_optional_explicit_human_override,Planned_Autonomous_Implementation_Required,False,Plan/01_CURRENT_SYSTEM_REVIEW/WAVE64_HYPERREAL_VIDEO_AUDIO_APP_THIRD_PASS_GAP_AUDIT.md|Plan/02_TARGET_ARCHITECTURE/WAVE64_HYPERREAL_VIDEO_AUDIO_APP_CONTROL_ARCHITECTURE.md,planned_not_started,main_task_review_and_formal_adoption,runtime_and_empirical_evidence_not_yet_implemented
278,ITEM-W64-278,TRK-W64-278,HVAA-05,video_frame_qa_and_local_span_repair,policy,"Freeze registries, policies, thresholds, and authority: video frame qa and local span repair","Create frame truth, calibrated temporal QA, defect localization, and immutable-parent span repair.",ITEM-W64-277,video_frame_qa_and_local_span_repair_policy_record|video_frame_qa_and_local_span_repair_policy_evidence|append_only_decision_or_status_record,schema_and_semantic_validation|authority_and_reference_resolution|negative_path_fail_closed|no_runtime_completion_from_planning,exact_model_bundle_certificate_when_execution_is_requested|durable_controller_and_comfyui_runtime_release_when_execution_is_requested|maskfactory_certificate_for_mask_authority_when_required|autonomous_policy_perceptual_release_gate_with_optional_explicit_human_override,Planned_Autonomous_Implementation_Required,False,Plan/01_CURRENT_SYSTEM_REVIEW/WAVE64_HYPERREAL_VIDEO_AUDIO_APP_THIRD_PASS_GAP_AUDIT.md|Plan/02_TARGET_ARCHITECTURE/WAVE64_HYPERREAL_VIDEO_AUDIO_APP_CONTROL_ARCHITECTURE.md,planned_not_started,main_task_review_and_formal_adoption,runtime_and_empirical_evidence_not_yet_implemented
279,ITEM-W64-279,TRK-W64-279,HVAA-05,video_frame_qa_and_local_span_repair,implementation,Implement the bounded runtime/application slice with synthetic fixtures first: video frame qa and local span repair,"Create frame truth, calibrated temporal QA, defect localization, and immutable-parent span repair.",ITEM-W64-278,video_frame_qa_and_local_span_repair_implementation_record|video_frame_qa_and_local_span_repair_implementation_evidence|append_only_decision_or_status_record,schema_and_semantic_validation|authority_and_reference_resolution|negative_path_fail_closed|no_runtime_completion_from_planning,exact_model_bundle_certificate_when_execution_is_requested|durable_controller_and_comfyui_runtime_release_when_execution_is_requested|maskfactory_certificate_for_mask_authority_when_required|autonomous_policy_perceptual_release_gate_with_optional_explicit_human_override,Planned_Autonomous_Implementation_Required,False,Plan/01_CURRENT_SYSTEM_REVIEW/WAVE64_HYPERREAL_VIDEO_AUDIO_APP_THIRD_PASS_GAP_AUDIT.md|Plan/02_TARGET_ARCHITECTURE/WAVE64_HYPERREAL_VIDEO_AUDIO_APP_CONTROL_ARCHITECTURE.md,planned_not_started,main_task_review_and_formal_adoption,runtime_and_empirical_evidence_not_yet_implemented
280,ITEM-W64-280,TRK-W64-280,HVAA-05,video_frame_qa_and_local_span_repair,assurance,"Prove positive, negative, fault, perceptual, and release behavior: video frame qa and local span repair","Create frame truth, calibrated temporal QA, defect localization, and immutable-parent span repair.",ITEM-W64-279,video_frame_qa_and_local_span_repair_assurance_record|video_frame_qa_and_local_span_repair_assurance_evidence|append_only_decision_or_status_record,schema_and_semantic_validation|authority_and_reference_resolution|negative_path_fail_closed|no_runtime_completion_from_planning,exact_model_bundle_certificate_when_execution_is_requested|durable_controller_and_comfyui_runtime_release_when_execution_is_requested|maskfactory_certificate_for_mask_authority_when_required|autonomous_policy_perceptual_release_gate_with_optional_explicit_human_override,Planned_Autonomous_Implementation_Required,False,Plan/01_CURRENT_SYSTEM_REVIEW/WAVE64_HYPERREAL_VIDEO_AUDIO_APP_THIRD_PASS_GAP_AUDIT.md|Plan/02_TARGET_ARCHITECTURE/WAVE64_HYPERREAL_VIDEO_AUDIO_APP_CONTROL_ARCHITECTURE.md,planned_not_started,main_task_review_and_formal_adoption,runtime_and_empirical_evidence_not_yet_implemented
281,ITEM-W64-281,TRK-W64-281,HVAA-06,video_longform_benchmark_and_promotion,contract,Publish strict schemas and canonical record boundaries: video longform benchmark and promotion,"Qualify long-form continuity, benchmark engines, measure uncertainty, and issue scoped video certificates.",ITEM-W64-280,video_longform_benchmark_and_promotion_contract_record|video_longform_benchmark_and_promotion_contract_evidence|append_only_decision_or_status_record,schema_and_semantic_validation|authority_and_reference_resolution|negative_path_fail_closed|no_runtime_completion_from_planning,exact_model_bundle_certificate_when_execution_is_requested|durable_controller_and_comfyui_runtime_release_when_execution_is_requested|maskfactory_certificate_for_mask_authority_when_required|autonomous_policy_perceptual_release_gate_with_optional_explicit_human_override,Planned_Autonomous_Implementation_Required,False,Plan/01_CURRENT_SYSTEM_REVIEW/WAVE64_HYPERREAL_VIDEO_AUDIO_APP_THIRD_PASS_GAP_AUDIT.md|Plan/02_TARGET_ARCHITECTURE/WAVE64_HYPERREAL_VIDEO_AUDIO_APP_CONTROL_ARCHITECTURE.md,planned_not_started,main_task_review_and_formal_adoption,runtime_and_empirical_evidence_not_yet_implemented
282,ITEM-W64-282,TRK-W64-282,HVAA-06,video_longform_benchmark_and_promotion,policy,"Freeze registries, policies, thresholds, and authority: video longform benchmark and promotion","Qualify long-form continuity, benchmark engines, measure uncertainty, and issue scoped video certificates.",ITEM-W64-281,video_longform_benchmark_and_promotion_policy_record|video_longform_benchmark_and_promotion_policy_evidence|append_only_decision_or_status_record,schema_and_semantic_validation|authority_and_reference_resolution|negative_path_fail_closed|no_runtime_completion_from_planning,exact_model_bundle_certificate_when_execution_is_requested|durable_controller_and_comfyui_runtime_release_when_execution_is_requested|maskfactory_certificate_for_mask_authority_when_required|autonomous_policy_perceptual_release_gate_with_optional_explicit_human_override,Planned_Autonomous_Implementation_Required,False,Plan/01_CURRENT_SYSTEM_REVIEW/WAVE64_HYPERREAL_VIDEO_AUDIO_APP_THIRD_PASS_GAP_AUDIT.md|Plan/02_TARGET_ARCHITECTURE/WAVE64_HYPERREAL_VIDEO_AUDIO_APP_CONTROL_ARCHITECTURE.md,planned_not_started,main_task_review_and_formal_adoption,runtime_and_empirical_evidence_not_yet_implemented
283,ITEM-W64-283,TRK-W64-283,HVAA-06,video_longform_benchmark_and_promotion,implementation,Implement the bounded runtime/application slice with synthetic fixtures first: video longform benchmark and promotion,"Qualify long-form continuity, benchmark engines, measure uncertainty, and issue scoped video certificates.",ITEM-W64-282,video_longform_benchmark_and_promotion_implementation_record|video_longform_benchmark_and_promotion_implementation_evidence|append_only_decision_or_status_record,schema_and_semantic_validation|authority_and_reference_resolution|negative_path_fail_closed|no_runtime_completion_from_planning,exact_model_bundle_certificate_when_execution_is_requested|durable_controller_and_comfyui_runtime_release_when_execution_is_requested|maskfactory_certificate_for_mask_authority_when_required|autonomous_policy_perceptual_release_gate_with_optional_explicit_human_override,Planned_Autonomous_Implementation_Required,False,Plan/01_CURRENT_SYSTEM_REVIEW/WAVE64_HYPERREAL_VIDEO_AUDIO_APP_THIRD_PASS_GAP_AUDIT.md|Plan/02_TARGET_ARCHITECTURE/WAVE64_HYPERREAL_VIDEO_AUDIO_APP_CONTROL_ARCHITECTURE.md,planned_not_started,main_task_review_and_formal_adoption,runtime_and_empirical_evidence_not_yet_implemented
284,ITEM-W64-284,TRK-W64-284,HVAA-06,video_longform_benchmark_and_promotion,assurance,"Prove positive, negative, fault, perceptual, and release behavior: video longform benchmark and promotion","Qualify long-form continuity, benchmark engines, measure uncertainty, and issue scoped video certificates.",ITEM-W64-283,video_longform_benchmark_and_promotion_assurance_record|video_longform_benchmark_and_promotion_assurance_evidence|append_only_decision_or_status_record,schema_and_semantic_validation|authority_and_reference_resolution|negative_path_fail_closed|no_runtime_completion_from_planning,exact_model_bundle_certificate_when_execution_is_requested|durable_controller_and_comfyui_runtime_release_when_execution_is_requested|maskfactory_certificate_for_mask_authority_when_required|autonomous_policy_perceptual_release_gate_with_optional_explicit_human_override,Planned_Autonomous_Implementation_Required,False,Plan/01_CURRENT_SYSTEM_REVIEW/WAVE64_HYPERREAL_VIDEO_AUDIO_APP_THIRD_PASS_GAP_AUDIT.md|Plan/02_TARGET_ARCHITECTURE/WAVE64_HYPERREAL_VIDEO_AUDIO_APP_CONTROL_ARCHITECTURE.md,planned_not_started,main_task_review_and_formal_adoption,runtime_and_empirical_evidence_not_yet_implemented
285,ITEM-W64-285,TRK-W64-285,HVAA-07,audio_event_graph_and_source_strategy,contract,Publish strict schemas and canonical record boundaries: audio event graph and source strategy,"Compile owned audio events and route recorded, retrieved, procedural, neural, synthesized, or hybrid sources.",ITEM-W64-284,audio_event_graph_and_source_strategy_contract_record|audio_event_graph_and_source_strategy_contract_evidence|append_only_decision_or_status_record,schema_and_semantic_validation|authority_and_reference_resolution|negative_path_fail_closed|no_runtime_completion_from_planning,exact_model_bundle_certificate_when_execution_is_requested|durable_controller_and_comfyui_runtime_release_when_execution_is_requested|maskfactory_certificate_for_mask_authority_when_required|autonomous_policy_perceptual_release_gate_with_optional_explicit_human_override,Planned_Autonomous_Implementation_Required,False,Plan/01_CURRENT_SYSTEM_REVIEW/WAVE64_HYPERREAL_VIDEO_AUDIO_APP_THIRD_PASS_GAP_AUDIT.md|Plan/02_TARGET_ARCHITECTURE/WAVE64_HYPERREAL_VIDEO_AUDIO_APP_CONTROL_ARCHITECTURE.md,planned_not_started,main_task_review_and_formal_adoption,runtime_and_empirical_evidence_not_yet_implemented
286,ITEM-W64-286,TRK-W64-286,HVAA-07,audio_event_graph_and_source_strategy,policy,"Freeze registries, policies, thresholds, and authority: audio event graph and source strategy","Compile owned audio events and route recorded, retrieved, procedural, neural, synthesized, or hybrid sources.",ITEM-W64-285,audio_event_graph_and_source_strategy_policy_record|audio_event_graph_and_source_strategy_policy_evidence|append_only_decision_or_status_record,schema_and_semantic_validation|authority_and_reference_resolution|negative_path_fail_closed|no_runtime_completion_from_planning,exact_model_bundle_certificate_when_execution_is_requested|durable_controller_and_comfyui_runtime_release_when_execution_is_requested|maskfactory_certificate_for_mask_authority_when_required|autonomous_policy_perceptual_release_gate_with_optional_explicit_human_override,Planned_Autonomous_Implementation_Required,False,Plan/01_CURRENT_SYSTEM_REVIEW/WAVE64_HYPERREAL_VIDEO_AUDIO_APP_THIRD_PASS_GAP_AUDIT.md|Plan/02_TARGET_ARCHITECTURE/WAVE64_HYPERREAL_VIDEO_AUDIO_APP_CONTROL_ARCHITECTURE.md,planned_not_started,main_task_review_and_formal_adoption,runtime_and_empirical_evidence_not_yet_implemented
287,ITEM-W64-287,TRK-W64-287,HVAA-07,audio_event_graph_and_source_strategy,implementation,Implement the bounded runtime/application slice with synthetic fixtures first: audio event graph and source strategy,"Compile owned audio events and route recorded, retrieved, procedural, neural, synthesized, or hybrid sources.",ITEM-W64-286,audio_event_graph_and_source_strategy_implementation_record|audio_event_graph_and_source_strategy_implementation_evidence|append_only_decision_or_status_record,schema_and_semantic_validation|authority_and_reference_resolution|negative_path_fail_closed|no_runtime_completion_from_planning,exact_model_bundle_certificate_when_execution_is_requested|durable_controller_and_comfyui_runtime_release_when_execution_is_requested|maskfactory_certificate_for_mask_authority_when_required|autonomous_policy_perceptual_release_gate_with_optional_explicit_human_override,Planned_Autonomous_Implementation_Required,False,Plan/01_CURRENT_SYSTEM_REVIEW/WAVE64_HYPERREAL_VIDEO_AUDIO_APP_THIRD_PASS_GAP_AUDIT.md|Plan/02_TARGET_ARCHITECTURE/WAVE64_HYPERREAL_VIDEO_AUDIO_APP_CONTROL_ARCHITECTURE.md,planned_not_started,main_task_review_and_formal_adoption,runtime_and_empirical_evidence_not_yet_implemented
288,ITEM-W64-288,TRK-W64-288,HVAA-07,audio_event_graph_and_source_strategy,assurance,"Prove positive, negative, fault, perceptual, and release behavior: audio event graph and source strategy","Compile owned audio events and route recorded, retrieved, procedural, neural, synthesized, or hybrid sources.",ITEM-W64-287,audio_event_graph_and_source_strategy_assurance_record|audio_event_graph_and_source_strategy_assurance_evidence|append_only_decision_or_status_record,schema_and_semantic_validation|authority_and_reference_resolution|negative_path_fail_closed|no_runtime_completion_from_planning,exact_model_bundle_certificate_when_execution_is_requested|durable_controller_and_comfyui_runtime_release_when_execution_is_requested|maskfactory_certificate_for_mask_authority_when_required|autonomous_policy_perceptual_release_gate_with_optional_explicit_human_override,Planned_Autonomous_Implementation_Required,False,Plan/01_CURRENT_SYSTEM_REVIEW/WAVE64_HYPERREAL_VIDEO_AUDIO_APP_THIRD_PASS_GAP_AUDIT.md|Plan/02_TARGET_ARCHITECTURE/WAVE64_HYPERREAL_VIDEO_AUDIO_APP_CONTROL_ARCHITECTURE.md,planned_not_started,main_task_review_and_formal_adoption,runtime_and_empirical_evidence_not_yet_implemented
289,ITEM-W64-289,TRK-W64-289,HVAA-08,voice_nonverbal_prosody_and_lipsync,contract,Publish strict schemas and canonical record boundaries: voice nonverbal prosody and lipsync,"Bind character voice, pronunciation, performance, breath, nonverbal vocalization, alignment, and visemes.",ITEM-W64-288,voice_nonverbal_prosody_and_lipsync_contract_record|voice_nonverbal_prosody_and_lipsync_contract_evidence|append_only_decision_or_status_record,schema_and_semantic_validation|authority_and_reference_resolution|negative_path_fail_closed|no_runtime_completion_from_planning,exact_model_bundle_certificate_when_execution_is_requested|durable_controller_and_comfyui_runtime_release_when_execution_is_requested|maskfactory_certificate_for_mask_authority_when_required|autonomous_policy_perceptual_release_gate_with_optional_explicit_human_override,Planned_Autonomous_Implementation_Required,False,Plan/01_CURRENT_SYSTEM_REVIEW/WAVE64_HYPERREAL_VIDEO_AUDIO_APP_THIRD_PASS_GAP_AUDIT.md|Plan/02_TARGET_ARCHITECTURE/WAVE64_HYPERREAL_VIDEO_AUDIO_APP_CONTROL_ARCHITECTURE.md,planned_not_started,main_task_review_and_formal_adoption,runtime_and_empirical_evidence_not_yet_implemented
290,ITEM-W64-290,TRK-W64-290,HVAA-08,voice_nonverbal_prosody_and_lipsync,policy,"Freeze registries, policies, thresholds, and authority: voice nonverbal prosody and lipsync","Bind character voice, pronunciation, performance, breath, nonverbal vocalization, alignment, and visemes.",ITEM-W64-289,voice_nonverbal_prosody_and_lipsync_policy_record|voice_nonverbal_prosody_and_lipsync_policy_evidence|append_only_decision_or_status_record,schema_and_semantic_validation|authority_and_reference_resolution|negative_path_fail_closed|no_runtime_completion_from_planning,exact_model_bundle_certificate_when_execution_is_requested|durable_controller_and_comfyui_runtime_release_when_execution_is_requested|maskfactory_certificate_for_mask_authority_when_required|autonomous_policy_perceptual_release_gate_with_optional_explicit_human_override,Planned_Autonomous_Implementation_Required,False,Plan/01_CURRENT_SYSTEM_REVIEW/WAVE64_HYPERREAL_VIDEO_AUDIO_APP_THIRD_PASS_GAP_AUDIT.md|Plan/02_TARGET_ARCHITECTURE/WAVE64_HYPERREAL_VIDEO_AUDIO_APP_CONTROL_ARCHITECTURE.md,planned_not_started,main_task_review_and_formal_adoption,runtime_and_empirical_evidence_not_yet_implemented
291,ITEM-W64-291,TRK-W64-291,HVAA-08,voice_nonverbal_prosody_and_lipsync,implementation,Implement the bounded runtime/application slice with synthetic fixtures first: voice nonverbal prosody and lipsync,"Bind character voice, pronunciation, performance, breath, nonverbal vocalization, alignment, and visemes.",ITEM-W64-290,voice_nonverbal_prosody_and_lipsync_implementation_record|voice_nonverbal_prosody_and_lipsync_implementation_evidence|append_only_decision_or_status_record,schema_and_semantic_validation|authority_and_reference_resolution|negative_path_fail_closed|no_runtime_completion_from_planning,exact_model_bundle_certificate_when_execution_is_requested|durable_controller_and_comfyui_runtime_release_when_execution_is_requested|maskfactory_certificate_for_mask_authority_when_required|autonomous_policy_perceptual_release_gate_with_optional_explicit_human_override,Planned_Autonomous_Implementation_Required,False,Plan/01_CURRENT_SYSTEM_REVIEW/WAVE64_HYPERREAL_VIDEO_AUDIO_APP_THIRD_PASS_GAP_AUDIT.md|Plan/02_TARGET_ARCHITECTURE/WAVE64_HYPERREAL_VIDEO_AUDIO_APP_CONTROL_ARCHITECTURE.md,planned_not_started,main_task_review_and_formal_adoption,runtime_and_empirical_evidence_not_yet_implemented
292,ITEM-W64-292,TRK-W64-292,HVAA-08,voice_nonverbal_prosody_and_lipsync,assurance,"Prove positive, negative, fault, perceptual, and release behavior: voice nonverbal prosody and lipsync","Bind character voice, pronunciation, performance, breath, nonverbal vocalization, alignment, and visemes.",ITEM-W64-291,voice_nonverbal_prosody_and_lipsync_assurance_record|voice_nonverbal_prosody_and_lipsync_assurance_evidence|append_only_decision_or_status_record,schema_and_semantic_validation|authority_and_reference_resolution|negative_path_fail_closed|no_runtime_completion_from_planning,exact_model_bundle_certificate_when_execution_is_requested|durable_controller_and_comfyui_runtime_release_when_execution_is_requested|maskfactory_certificate_for_mask_authority_when_required|autonomous_policy_perceptual_release_gate_with_optional_explicit_human_override,Planned_Autonomous_Implementation_Required,False,Plan/01_CURRENT_SYSTEM_REVIEW/WAVE64_HYPERREAL_VIDEO_AUDIO_APP_THIRD_PASS_GAP_AUDIT.md|Plan/02_TARGET_ARCHITECTURE/WAVE64_HYPERREAL_VIDEO_AUDIO_APP_CONTROL_ARCHITECTURE.md,planned_not_started,main_task_review_and_formal_adoption,runtime_and_empirical_evidence_not_yet_implemented
293,ITEM-W64-293,TRK-W64-293,HVAA-09,foley_force_material_acoustic_spatial,contract,Publish strict schemas and canonical record boundaries: foley force material acoustic spatial,"Render force/material-aware foley and physically coherent room, occlusion, distance, and spatial objects.",ITEM-W64-292,foley_force_material_acoustic_spatial_contract_record|foley_force_material_acoustic_spatial_contract_evidence|append_only_decision_or_status_record,schema_and_semantic_validation|authority_and_reference_resolution|negative_path_fail_closed|no_runtime_completion_from_planning,exact_model_bundle_certificate_when_execution_is_requested|durable_controller_and_comfyui_runtime_release_when_execution_is_requested|maskfactory_certificate_for_mask_authority_when_required|autonomous_policy_perceptual_release_gate_with_optional_explicit_human_override,Planned_Autonomous_Implementation_Required,False,Plan/01_CURRENT_SYSTEM_REVIEW/WAVE64_HYPERREAL_VIDEO_AUDIO_APP_THIRD_PASS_GAP_AUDIT.md|Plan/02_TARGET_ARCHITECTURE/WAVE64_HYPERREAL_VIDEO_AUDIO_APP_CONTROL_ARCHITECTURE.md,planned_not_started,main_task_review_and_formal_adoption,runtime_and_empirical_evidence_not_yet_implemented
294,ITEM-W64-294,TRK-W64-294,HVAA-09,foley_force_material_acoustic_spatial,policy,"Freeze registries, policies, thresholds, and authority: foley force material acoustic spatial","Render force/material-aware foley and physically coherent room, occlusion, distance, and spatial objects.",ITEM-W64-293,foley_force_material_acoustic_spatial_policy_record|foley_force_material_acoustic_spatial_policy_evidence|append_only_decision_or_status_record,schema_and_semantic_validation|authority_and_reference_resolution|negative_path_fail_closed|no_runtime_completion_from_planning,exact_model_bundle_certificate_when_execution_is_requested|durable_controller_and_comfyui_runtime_release_when_execution_is_requested|maskfactory_certificate_for_mask_authority_when_required|autonomous_policy_perceptual_release_gate_with_optional_explicit_human_override,Planned_Autonomous_Implementation_Required,False,Plan/01_CURRENT_SYSTEM_REVIEW/WAVE64_HYPERREAL_VIDEO_AUDIO_APP_THIRD_PASS_GAP_AUDIT.md|Plan/02_TARGET_ARCHITECTURE/WAVE64_HYPERREAL_VIDEO_AUDIO_APP_CONTROL_ARCHITECTURE.md,planned_not_started,main_task_review_and_formal_adoption,runtime_and_empirical_evidence_not_yet_implemented
295,ITEM-W64-295,TRK-W64-295,HVAA-09,foley_force_material_acoustic_spatial,implementation,Implement the bounded runtime/application slice with synthetic fixtures first: foley force material acoustic spatial,"Render force/material-aware foley and physically coherent room, occlusion, distance, and spatial objects.",ITEM-W64-294,foley_force_material_acoustic_spatial_implementation_record|foley_force_material_acoustic_spatial_implementation_evidence|append_only_decision_or_status_record,schema_and_semantic_validation|authority_and_reference_resolution|negative_path_fail_closed|no_runtime_completion_from_planning,exact_model_bundle_certificate_when_execution_is_requested|durable_controller_and_comfyui_runtime_release_when_execution_is_requested|maskfactory_certificate_for_mask_authority_when_required|autonomous_policy_perceptual_release_gate_with_optional_explicit_human_override,Planned_Autonomous_Implementation_Required,False,Plan/01_CURRENT_SYSTEM_REVIEW/WAVE64_HYPERREAL_VIDEO_AUDIO_APP_THIRD_PASS_GAP_AUDIT.md|Plan/02_TARGET_ARCHITECTURE/WAVE64_HYPERREAL_VIDEO_AUDIO_APP_CONTROL_ARCHITECTURE.md,planned_not_started,main_task_review_and_formal_adoption,runtime_and_empirical_evidence_not_yet_implemented
296,ITEM-W64-296,TRK-W64-296,HVAA-09,foley_force_material_acoustic_spatial,assurance,"Prove positive, negative, fault, perceptual, and release behavior: foley force material acoustic spatial","Render force/material-aware foley and physically coherent room, occlusion, distance, and spatial objects.",ITEM-W64-295,foley_force_material_acoustic_spatial_assurance_record|foley_force_material_acoustic_spatial_assurance_evidence|append_only_decision_or_status_record,schema_and_semantic_validation|authority_and_reference_resolution|negative_path_fail_closed|no_runtime_completion_from_planning,exact_model_bundle_certificate_when_execution_is_requested|durable_controller_and_comfyui_runtime_release_when_execution_is_requested|maskfactory_certificate_for_mask_authority_when_required|autonomous_policy_perceptual_release_gate_with_optional_explicit_human_override,Planned_Autonomous_Implementation_Required,False,Plan/01_CURRENT_SYSTEM_REVIEW/WAVE64_HYPERREAL_VIDEO_AUDIO_APP_THIRD_PASS_GAP_AUDIT.md|Plan/02_TARGET_ARCHITECTURE/WAVE64_HYPERREAL_VIDEO_AUDIO_APP_CONTROL_ARCHITECTURE.md,planned_not_started,main_task_review_and_formal_adoption,runtime_and_empirical_evidence_not_yet_implemented
297,ITEM-W64-297,TRK-W64-297,HVAA-10,mix_master_av_clock_and_local_repair,contract,Publish strict schemas and canonical record boundaries: mix master av clock and local repair,"Mix nondestructive stems, master to profiles, preserve clocks, and repair only failed AV spans.",ITEM-W64-296,mix_master_av_clock_and_local_repair_contract_record|mix_master_av_clock_and_local_repair_contract_evidence|append_only_decision_or_status_record,schema_and_semantic_validation|authority_and_reference_resolution|negative_path_fail_closed|no_runtime_completion_from_planning,exact_model_bundle_certificate_when_execution_is_requested|durable_controller_and_comfyui_runtime_release_when_execution_is_requested|maskfactory_certificate_for_mask_authority_when_required|autonomous_policy_perceptual_release_gate_with_optional_explicit_human_override,Planned_Autonomous_Implementation_Required,False,Plan/01_CURRENT_SYSTEM_REVIEW/WAVE64_HYPERREAL_VIDEO_AUDIO_APP_THIRD_PASS_GAP_AUDIT.md|Plan/02_TARGET_ARCHITECTURE/WAVE64_HYPERREAL_VIDEO_AUDIO_APP_CONTROL_ARCHITECTURE.md,planned_not_started,main_task_review_and_formal_adoption,runtime_and_empirical_evidence_not_yet_implemented
298,ITEM-W64-298,TRK-W64-298,HVAA-10,mix_master_av_clock_and_local_repair,policy,"Freeze registries, policies, thresholds, and authority: mix master av clock and local repair","Mix nondestructive stems, master to profiles, preserve clocks, and repair only failed AV spans.",ITEM-W64-297,mix_master_av_clock_and_local_repair_policy_record|mix_master_av_clock_and_local_repair_policy_evidence|append_only_decision_or_status_record,schema_and_semantic_validation|authority_and_reference_resolution|negative_path_fail_closed|no_runtime_completion_from_planning,exact_model_bundle_certificate_when_execution_is_requested|durable_controller_and_comfyui_runtime_release_when_execution_is_requested|maskfactory_certificate_for_mask_authority_when_required|autonomous_policy_perceptual_release_gate_with_optional_explicit_human_override,Planned_Autonomous_Implementation_Required,False,Plan/01_CURRENT_SYSTEM_REVIEW/WAVE64_HYPERREAL_VIDEO_AUDIO_APP_THIRD_PASS_GAP_AUDIT.md|Plan/02_TARGET_ARCHITECTURE/WAVE64_HYPERREAL_VIDEO_AUDIO_APP_CONTROL_ARCHITECTURE.md,planned_not_started,main_task_review_and_formal_adoption,runtime_and_empirical_evidence_not_yet_implemented
299,ITEM-W64-299,TRK-W64-299,HVAA-10,mix_master_av_clock_and_local_repair,implementation,Implement the bounded runtime/application slice with synthetic fixtures first: mix master av clock and local repair,"Mix nondestructive stems, master to profiles, preserve clocks, and repair only failed AV spans.",ITEM-W64-298,mix_master_av_clock_and_local_repair_implementation_record|mix_master_av_clock_and_local_repair_implementation_evidence|append_only_decision_or_status_record,schema_and_semantic_validation|authority_and_reference_resolution|negative_path_fail_closed|no_runtime_completion_from_planning,exact_model_bundle_certificate_when_execution_is_requested|durable_controller_and_comfyui_runtime_release_when_execution_is_requested|maskfactory_certificate_for_mask_authority_when_required|autonomous_policy_perceptual_release_gate_with_optional_explicit_human_override,Planned_Autonomous_Implementation_Required,False,Plan/01_CURRENT_SYSTEM_REVIEW/WAVE64_HYPERREAL_VIDEO_AUDIO_APP_THIRD_PASS_GAP_AUDIT.md|Plan/02_TARGET_ARCHITECTURE/WAVE64_HYPERREAL_VIDEO_AUDIO_APP_CONTROL_ARCHITECTURE.md,planned_not_started,main_task_review_and_formal_adoption,runtime_and_empirical_evidence_not_yet_implemented
300,ITEM-W64-300,TRK-W64-300,HVAA-10,mix_master_av_clock_and_local_repair,assurance,"Prove positive, negative, fault, perceptual, and release behavior: mix master av clock and local repair","Mix nondestructive stems, master to profiles, preserve clocks, and repair only failed AV spans.",ITEM-W64-299,mix_master_av_clock_and_local_repair_assurance_record|mix_master_av_clock_and_local_repair_assurance_evidence|append_only_decision_or_status_record,schema_and_semantic_validation|authority_and_reference_resolution|negative_path_fail_closed|no_runtime_completion_from_planning,exact_model_bundle_certificate_when_execution_is_requested|durable_controller_and_comfyui_runtime_release_when_execution_is_requested|maskfactory_certificate_for_mask_authority_when_required|autonomous_policy_perceptual_release_gate_with_optional_explicit_human_override,Planned_Autonomous_Implementation_Required,False,Plan/01_CURRENT_SYSTEM_REVIEW/WAVE64_HYPERREAL_VIDEO_AUDIO_APP_THIRD_PASS_GAP_AUDIT.md|Plan/02_TARGET_ARCHITECTURE/WAVE64_HYPERREAL_VIDEO_AUDIO_APP_CONTROL_ARCHITECTURE.md,planned_not_started,main_task_review_and_formal_adoption,runtime_and_empirical_evidence_not_yet_implemented
301,ITEM-W64-301,TRK-W64-301,HVAA-11,audio_av_benchmark_learning_and_promotion,contract,Publish strict schemas and canonical record boundaries: audio av benchmark learning and promotion,"Run objective and perceptual audio/AV QA, calibrated critics, learning reports, and scoped release.",ITEM-W64-300,audio_av_benchmark_learning_and_promotion_contract_record|audio_av_benchmark_learning_and_promotion_contract_evidence|append_only_decision_or_status_record,schema_and_semantic_validation|authority_and_reference_resolution|negative_path_fail_closed|no_runtime_completion_from_planning,exact_model_bundle_certificate_when_execution_is_requested|durable_controller_and_comfyui_runtime_release_when_execution_is_requested|maskfactory_certificate_for_mask_authority_when_required|autonomous_policy_perceptual_release_gate_with_optional_explicit_human_override,Planned_Autonomous_Implementation_Required,False,Plan/01_CURRENT_SYSTEM_REVIEW/WAVE64_HYPERREAL_VIDEO_AUDIO_APP_THIRD_PASS_GAP_AUDIT.md|Plan/02_TARGET_ARCHITECTURE/WAVE64_HYPERREAL_VIDEO_AUDIO_APP_CONTROL_ARCHITECTURE.md,planned_not_started,main_task_review_and_formal_adoption,runtime_and_empirical_evidence_not_yet_implemented
302,ITEM-W64-302,TRK-W64-302,HVAA-11,audio_av_benchmark_learning_and_promotion,policy,"Freeze registries, policies, thresholds, and authority: audio av benchmark learning and promotion","Run objective and perceptual audio/AV QA, calibrated critics, learning reports, and scoped release.",ITEM-W64-301,audio_av_benchmark_learning_and_promotion_policy_record|audio_av_benchmark_learning_and_promotion_policy_evidence|append_only_decision_or_status_record,schema_and_semantic_validation|authority_and_reference_resolution|negative_path_fail_closed|no_runtime_completion_from_planning,exact_model_bundle_certificate_when_execution_is_requested|durable_controller_and_comfyui_runtime_release_when_execution_is_requested|maskfactory_certificate_for_mask_authority_when_required|autonomous_policy_perceptual_release_gate_with_optional_explicit_human_override,Planned_Autonomous_Implementation_Required,False,Plan/01_CURRENT_SYSTEM_REVIEW/WAVE64_HYPERREAL_VIDEO_AUDIO_APP_THIRD_PASS_GAP_AUDIT.md|Plan/02_TARGET_ARCHITECTURE/WAVE64_HYPERREAL_VIDEO_AUDIO_APP_CONTROL_ARCHITECTURE.md,planned_not_started,main_task_review_and_formal_adoption,runtime_and_empirical_evidence_not_yet_implemented
303,ITEM-W64-303,TRK-W64-303,HVAA-11,audio_av_benchmark_learning_and_promotion,implementation,Implement the bounded runtime/application slice with synthetic fixtures first: audio av benchmark learning and promotion,"Run objective and perceptual audio/AV QA, calibrated critics, learning reports, and scoped release.",ITEM-W64-302,audio_av_benchmark_learning_and_promotion_implementation_record|audio_av_benchmark_learning_and_promotion_implementation_evidence|append_only_decision_or_status_record,schema_and_semantic_validation|authority_and_reference_resolution|negative_path_fail_closed|no_runtime_completion_from_planning,exact_model_bundle_certificate_when_execution_is_requested|durable_controller_and_comfyui_runtime_release_when_execution_is_requested|maskfactory_certificate_for_mask_authority_when_required|autonomous_policy_perceptual_release_gate_with_optional_explicit_human_override,Planned_Autonomous_Implementation_Required,False,Plan/01_CURRENT_SYSTEM_REVIEW/WAVE64_HYPERREAL_VIDEO_AUDIO_APP_THIRD_PASS_GAP_AUDIT.md|Plan/02_TARGET_ARCHITECTURE/WAVE64_HYPERREAL_VIDEO_AUDIO_APP_CONTROL_ARCHITECTURE.md,planned_not_started,main_task_review_and_formal_adoption,runtime_and_empirical_evidence_not_yet_implemented
304,ITEM-W64-304,TRK-W64-304,HVAA-11,audio_av_benchmark_learning_and_promotion,assurance,"Prove positive, negative, fault, perceptual, and release behavior: audio av benchmark learning and promotion","Run objective and perceptual audio/AV QA, calibrated critics, learning reports, and scoped release.",ITEM-W64-303,audio_av_benchmark_learning_and_promotion_assurance_record|audio_av_benchmark_learning_and_promotion_assurance_evidence|append_only_decision_or_status_record,schema_and_semantic_validation|authority_and_reference_resolution|negative_path_fail_closed|no_runtime_completion_from_planning,exact_model_bundle_certificate_when_execution_is_requested|durable_controller_and_comfyui_runtime_release_when_execution_is_requested|maskfactory_certificate_for_mask_authority_when_required|autonomous_policy_perceptual_release_gate_with_optional_explicit_human_override,Planned_Autonomous_Implementation_Required,False,Plan/01_CURRENT_SYSTEM_REVIEW/WAVE64_HYPERREAL_VIDEO_AUDIO_APP_THIRD_PASS_GAP_AUDIT.md|Plan/02_TARGET_ARCHITECTURE/WAVE64_HYPERREAL_VIDEO_AUDIO_APP_CONTROL_ARCHITECTURE.md,planned_not_started,main_task_review_and_formal_adoption,runtime_and_empirical_evidence_not_yet_implemented
305,ITEM-W64-305,TRK-W64-305,HVAA-12,operator_app_platform_ia_and_timeline,contract,Publish strict schemas and canonical record boundaries: operator app platform ia and timeline,"Deliver project, character, scene, shot, mask, image, video, audio, AV, and timeline information architecture.",ITEM-W64-304,operator_app_platform_ia_and_timeline_contract_record|operator_app_platform_ia_and_timeline_contract_evidence|append_only_decision_or_status_record,schema_and_semantic_validation|authority_and_reference_resolution|negative_path_fail_closed|no_runtime_completion_from_planning,exact_model_bundle_certificate_when_execution_is_requested|durable_controller_and_comfyui_runtime_release_when_execution_is_requested|maskfactory_certificate_for_mask_authority_when_required|autonomous_policy_perceptual_release_gate_with_optional_explicit_human_override,Planned_Autonomous_Implementation_Required,False,Plan/01_CURRENT_SYSTEM_REVIEW/WAVE64_HYPERREAL_VIDEO_AUDIO_APP_THIRD_PASS_GAP_AUDIT.md|Plan/02_TARGET_ARCHITECTURE/WAVE64_HYPERREAL_VIDEO_AUDIO_APP_CONTROL_ARCHITECTURE.md,planned_not_started,main_task_review_and_formal_adoption,runtime_and_empirical_evidence_not_yet_implemented
306,ITEM-W64-306,TRK-W64-306,HVAA-12,operator_app_platform_ia_and_timeline,policy,"Freeze registries, policies, thresholds, and authority: operator app platform ia and timeline","Deliver project, character, scene, shot, mask, image, video, audio, AV, and timeline information architecture.",ITEM-W64-305,operator_app_platform_ia_and_timeline_policy_record|operator_app_platform_ia_and_timeline_policy_evidence|append_only_decision_or_status_record,schema_and_semantic_validation|authority_and_reference_resolution|negative_path_fail_closed|no_runtime_completion_from_planning,exact_model_bundle_certificate_when_execution_is_requested|durable_controller_and_comfyui_runtime_release_when_execution_is_requested|maskfactory_certificate_for_mask_authority_when_required|autonomous_policy_perceptual_release_gate_with_optional_explicit_human_override,Planned_Autonomous_Implementation_Required,False,Plan/01_CURRENT_SYSTEM_REVIEW/WAVE64_HYPERREAL_VIDEO_AUDIO_APP_THIRD_PASS_GAP_AUDIT.md|Plan/02_TARGET_ARCHITECTURE/WAVE64_HYPERREAL_VIDEO_AUDIO_APP_CONTROL_ARCHITECTURE.md,planned_not_started,main_task_review_and_formal_adoption,runtime_and_empirical_evidence_not_yet_implemented
307,ITEM-W64-307,TRK-W64-307,HVAA-12,operator_app_platform_ia_and_timeline,implementation,Implement the bounded runtime/application slice with synthetic fixtures first: operator app platform ia and timeline,"Deliver project, character, scene, shot, mask, image, video, audio, AV, and timeline information architecture.",ITEM-W64-306,operator_app_platform_ia_and_timeline_implementation_record|operator_app_platform_ia_and_timeline_implementation_evidence|append_only_decision_or_status_record,schema_and_semantic_validation|authority_and_reference_resolution|negative_path_fail_closed|no_runtime_completion_from_planning,exact_model_bundle_certificate_when_execution_is_requested|durable_controller_and_comfyui_runtime_release_when_execution_is_requested|maskfactory_certificate_for_mask_authority_when_required|autonomous_policy_perceptual_release_gate_with_optional_explicit_human_override,Planned_Autonomous_Implementation_Required,False,Plan/01_CURRENT_SYSTEM_REVIEW/WAVE64_HYPERREAL_VIDEO_AUDIO_APP_THIRD_PASS_GAP_AUDIT.md|Plan/02_TARGET_ARCHITECTURE/WAVE64_HYPERREAL_VIDEO_AUDIO_APP_CONTROL_ARCHITECTURE.md,planned_not_started,main_task_review_and_formal_adoption,runtime_and_empirical_evidence_not_yet_implemented
308,ITEM-W64-308,TRK-W64-308,HVAA-12,operator_app_platform_ia_and_timeline,assurance,"Prove positive, negative, fault, perceptual, and release behavior: operator app platform ia and timeline","Deliver project, character, scene, shot, mask, image, video, audio, AV, and timeline information architecture.",ITEM-W64-307,operator_app_platform_ia_and_timeline_assurance_record|operator_app_platform_ia_and_timeline_assurance_evidence|append_only_decision_or_status_record,schema_and_semantic_validation|authority_and_reference_resolution|negative_path_fail_closed|no_runtime_completion_from_planning,exact_model_bundle_certificate_when_execution_is_requested|durable_controller_and_comfyui_runtime_release_when_execution_is_requested|maskfactory_certificate_for_mask_authority_when_required|autonomous_policy_perceptual_release_gate_with_optional_explicit_human_override,Planned_Autonomous_Implementation_Required,False,Plan/01_CURRENT_SYSTEM_REVIEW/WAVE64_HYPERREAL_VIDEO_AUDIO_APP_THIRD_PASS_GAP_AUDIT.md|Plan/02_TARGET_ARCHITECTURE/WAVE64_HYPERREAL_VIDEO_AUDIO_APP_CONTROL_ARCHITECTURE.md,planned_not_started,main_task_review_and_formal_adoption,runtime_and_empirical_evidence_not_yet_implemented
309,ITEM-W64-309,TRK-W64-309,HVAA-13,operator_commands_queries_compare_and_repair,contract,Publish strict schemas and canonical record boundaries: operator commands queries compare and repair,"Expose typed commands/queries, live DAG state, comparisons, explanations, repair, and approvals.",ITEM-W64-308,operator_commands_queries_compare_and_repair_contract_record|operator_commands_queries_compare_and_repair_contract_evidence|append_only_decision_or_status_record,schema_and_semantic_validation|authority_and_reference_resolution|negative_path_fail_closed|no_runtime_completion_from_planning,exact_model_bundle_certificate_when_execution_is_requested|durable_controller_and_comfyui_runtime_release_when_execution_is_requested|maskfactory_certificate_for_mask_authority_when_required|autonomous_policy_perceptual_release_gate_with_optional_explicit_human_override,Planned_Autonomous_Implementation_Required,False,Plan/01_CURRENT_SYSTEM_REVIEW/WAVE64_HYPERREAL_VIDEO_AUDIO_APP_THIRD_PASS_GAP_AUDIT.md|Plan/02_TARGET_ARCHITECTURE/WAVE64_HYPERREAL_VIDEO_AUDIO_APP_CONTROL_ARCHITECTURE.md,planned_not_started,main_task_review_and_formal_adoption,runtime_and_empirical_evidence_not_yet_implemented
310,ITEM-W64-310,TRK-W64-310,HVAA-13,operator_commands_queries_compare_and_repair,policy,"Freeze registries, policies, thresholds, and authority: operator commands queries compare and repair","Expose typed commands/queries, live DAG state, comparisons, explanations, repair, and approvals.",ITEM-W64-309,operator_commands_queries_compare_and_repair_policy_record|operator_commands_queries_compare_and_repair_policy_evidence|append_only_decision_or_status_record,schema_and_semantic_validation|authority_and_reference_resolution|negative_path_fail_closed|no_runtime_completion_from_planning,exact_model_bundle_certificate_when_execution_is_requested|durable_controller_and_comfyui_runtime_release_when_execution_is_requested|maskfactory_certificate_for_mask_authority_when_required|autonomous_policy_perceptual_release_gate_with_optional_explicit_human_override,Planned_Autonomous_Implementation_Required,False,Plan/01_CURRENT_SYSTEM_REVIEW/WAVE64_HYPERREAL_VIDEO_AUDIO_APP_THIRD_PASS_GAP_AUDIT.md|Plan/02_TARGET_ARCHITECTURE/WAVE64_HYPERREAL_VIDEO_AUDIO_APP_CONTROL_ARCHITECTURE.md,planned_not_started,main_task_review_and_formal_adoption,runtime_and_empirical_evidence_not_yet_implemented
311,ITEM-W64-311,TRK-W64-311,HVAA-13,operator_commands_queries_compare_and_repair,implementation,Implement the bounded runtime/application slice with synthetic fixtures first: operator commands queries compare and repair,"Expose typed commands/queries, live DAG state, comparisons, explanations, repair, and approvals.",ITEM-W64-310,operator_commands_queries_compare_and_repair_implementation_record|operator_commands_queries_compare_and_repair_implementation_evidence|append_only_decision_or_status_record,schema_and_semantic_validation|authority_and_reference_resolution|negative_path_fail_closed|no_runtime_completion_from_planning,exact_model_bundle_certificate_when_execution_is_requested|durable_controller_and_comfyui_runtime_release_when_execution_is_requested|maskfactory_certificate_for_mask_authority_when_required|autonomous_policy_perceptual_release_gate_with_optional_explicit_human_override,Planned_Autonomous_Implementation_Required,False,Plan/01_CURRENT_SYSTEM_REVIEW/WAVE64_HYPERREAL_VIDEO_AUDIO_APP_THIRD_PASS_GAP_AUDIT.md|Plan/02_TARGET_ARCHITECTURE/WAVE64_HYPERREAL_VIDEO_AUDIO_APP_CONTROL_ARCHITECTURE.md,planned_not_started,main_task_review_and_formal_adoption,runtime_and_empirical_evidence_not_yet_implemented
312,ITEM-W64-312,TRK-W64-312,HVAA-13,operator_commands_queries_compare_and_repair,assurance,"Prove positive, negative, fault, perceptual, and release behavior: operator commands queries compare and repair","Expose typed commands/queries, live DAG state, comparisons, explanations, repair, and approvals.",ITEM-W64-311,operator_commands_queries_compare_and_repair_assurance_record|operator_commands_queries_compare_and_repair_assurance_evidence|append_only_decision_or_status_record,schema_and_semantic_validation|authority_and_reference_resolution|negative_path_fail_closed|no_runtime_completion_from_planning,exact_model_bundle_certificate_when_execution_is_requested|durable_controller_and_comfyui_runtime_release_when_execution_is_requested|maskfactory_certificate_for_mask_authority_when_required|autonomous_policy_perceptual_release_gate_with_optional_explicit_human_override,Planned_Autonomous_Implementation_Required,False,Plan/01_CURRENT_SYSTEM_REVIEW/WAVE64_HYPERREAL_VIDEO_AUDIO_APP_THIRD_PASS_GAP_AUDIT.md|Plan/02_TARGET_ARCHITECTURE/WAVE64_HYPERREAL_VIDEO_AUDIO_APP_CONTROL_ARCHITECTURE.md,planned_not_started,main_task_review_and_formal_adoption,runtime_and_empirical_evidence_not_yet_implemented
313,ITEM-W64-313,TRK-W64-313,HVAA-14,operator_models_runtime_observability_recovery,contract,Publish strict schemas and canonical record boundaries: operator models runtime observability recovery,"Expose model evidence, workers, leases, queues, incidents, reconciliation, recovery, and audit history.",ITEM-W64-312,operator_models_runtime_observability_recovery_contract_record|operator_models_runtime_observability_recovery_contract_evidence|append_only_decision_or_status_record,schema_and_semantic_validation|authority_and_reference_resolution|negative_path_fail_closed|no_runtime_completion_from_planning,exact_model_bundle_certificate_when_execution_is_requested|durable_controller_and_comfyui_runtime_release_when_execution_is_requested|maskfactory_certificate_for_mask_authority_when_required|autonomous_policy_perceptual_release_gate_with_optional_explicit_human_override,Planned_Autonomous_Implementation_Required,False,Plan/01_CURRENT_SYSTEM_REVIEW/WAVE64_HYPERREAL_VIDEO_AUDIO_APP_THIRD_PASS_GAP_AUDIT.md|Plan/02_TARGET_ARCHITECTURE/WAVE64_HYPERREAL_VIDEO_AUDIO_APP_CONTROL_ARCHITECTURE.md,planned_not_started,main_task_review_and_formal_adoption,runtime_and_empirical_evidence_not_yet_implemented
314,ITEM-W64-314,TRK-W64-314,HVAA-14,operator_models_runtime_observability_recovery,policy,"Freeze registries, policies, thresholds, and authority: operator models runtime observability recovery","Expose model evidence, workers, leases, queues, incidents, reconciliation, recovery, and audit history.",ITEM-W64-313,operator_models_runtime_observability_recovery_policy_record|operator_models_runtime_observability_recovery_policy_evidence|append_only_decision_or_status_record,schema_and_semantic_validation|authority_and_reference_resolution|negative_path_fail_closed|no_runtime_completion_from_planning,exact_model_bundle_certificate_when_execution_is_requested|durable_controller_and_comfyui_runtime_release_when_execution_is_requested|maskfactory_certificate_for_mask_authority_when_required|autonomous_policy_perceptual_release_gate_with_optional_explicit_human_override,Planned_Autonomous_Implementation_Required,False,Plan/01_CURRENT_SYSTEM_REVIEW/WAVE64_HYPERREAL_VIDEO_AUDIO_APP_THIRD_PASS_GAP_AUDIT.md|Plan/02_TARGET_ARCHITECTURE/WAVE64_HYPERREAL_VIDEO_AUDIO_APP_CONTROL_ARCHITECTURE.md,planned_not_started,main_task_review_and_formal_adoption,runtime_and_empirical_evidence_not_yet_implemented
315,ITEM-W64-315,TRK-W64-315,HVAA-14,operator_models_runtime_observability_recovery,implementation,Implement the bounded runtime/application slice with synthetic fixtures first: operator models runtime observability recovery,"Expose model evidence, workers, leases, queues, incidents, reconciliation, recovery, and audit history.",ITEM-W64-314,operator_models_runtime_observability_recovery_implementation_record|operator_models_runtime_observability_recovery_implementation_evidence|append_only_decision_or_status_record,schema_and_semantic_validation|authority_and_reference_resolution|negative_path_fail_closed|no_runtime_completion_from_planning,exact_model_bundle_certificate_when_execution_is_requested|durable_controller_and_comfyui_runtime_release_when_execution_is_requested|maskfactory_certificate_for_mask_authority_when_required|autonomous_policy_perceptual_release_gate_with_optional_explicit_human_override,Planned_Autonomous_Implementation_Required,False,Plan/01_CURRENT_SYSTEM_REVIEW/WAVE64_HYPERREAL_VIDEO_AUDIO_APP_THIRD_PASS_GAP_AUDIT.md|Plan/02_TARGET_ARCHITECTURE/WAVE64_HYPERREAL_VIDEO_AUDIO_APP_CONTROL_ARCHITECTURE.md,planned_not_started,main_task_review_and_formal_adoption,runtime_and_empirical_evidence_not_yet_implemented
316,ITEM-W64-316,TRK-W64-316,HVAA-14,operator_models_runtime_observability_recovery,assurance,"Prove positive, negative, fault, perceptual, and release behavior: operator models runtime observability recovery","Expose model evidence, workers, leases, queues, incidents, reconciliation, recovery, and audit history.",ITEM-W64-315,operator_models_runtime_observability_recovery_assurance_record|operator_models_runtime_observability_recovery_assurance_evidence|append_only_decision_or_status_record,schema_and_semantic_validation|authority_and_reference_resolution|negative_path_fail_closed|no_runtime_completion_from_planning,exact_model_bundle_certificate_when_execution_is_requested|durable_controller_and_comfyui_runtime_release_when_execution_is_requested|maskfactory_certificate_for_mask_authority_when_required|autonomous_policy_perceptual_release_gate_with_optional_explicit_human_override,Planned_Autonomous_Implementation_Required,False,Plan/01_CURRENT_SYSTEM_REVIEW/WAVE64_HYPERREAL_VIDEO_AUDIO_APP_THIRD_PASS_GAP_AUDIT.md|Plan/02_TARGET_ARCHITECTURE/WAVE64_HYPERREAL_VIDEO_AUDIO_APP_CONTROL_ARCHITECTURE.md,planned_not_started,main_task_review_and_formal_adoption,runtime_and_empirical_evidence_not_yet_implemented
317,ITEM-W64-317,TRK-W64-317,HVAA-15,operator_security_accessibility_testing_release,contract,Publish strict schemas and canonical record boundaries: operator security accessibility testing release,"Enforce roles, local credential isolation, accessibility, responsive behavior, tests, deployment, and release.",ITEM-W64-316,operator_security_accessibility_testing_release_contract_record|operator_security_accessibility_testing_release_contract_evidence|append_only_decision_or_status_record,schema_and_semantic_validation|authority_and_reference_resolution|negative_path_fail_closed|no_runtime_completion_from_planning,exact_model_bundle_certificate_when_execution_is_requested|durable_controller_and_comfyui_runtime_release_when_execution_is_requested|maskfactory_certificate_for_mask_authority_when_required|autonomous_policy_perceptual_release_gate_with_optional_explicit_human_override,Planned_Autonomous_Implementation_Required,False,Plan/01_CURRENT_SYSTEM_REVIEW/WAVE64_HYPERREAL_VIDEO_AUDIO_APP_THIRD_PASS_GAP_AUDIT.md|Plan/02_TARGET_ARCHITECTURE/WAVE64_HYPERREAL_VIDEO_AUDIO_APP_CONTROL_ARCHITECTURE.md,planned_not_started,main_task_review_and_formal_adoption,runtime_and_empirical_evidence_not_yet_implemented
318,ITEM-W64-318,TRK-W64-318,HVAA-15,operator_security_accessibility_testing_release,policy,"Freeze registries, policies, thresholds, and authority: operator security accessibility testing release","Enforce roles, local credential isolation, accessibility, responsive behavior, tests, deployment, and release.",ITEM-W64-317,operator_security_accessibility_testing_release_policy_record|operator_security_accessibility_testing_release_policy_evidence|append_only_decision_or_status_record,schema_and_semantic_validation|authority_and_reference_resolution|negative_path_fail_closed|no_runtime_completion_from_planning,exact_model_bundle_certificate_when_execution_is_requested|durable_controller_and_comfyui_runtime_release_when_execution_is_requested|maskfactory_certificate_for_mask_authority_when_required|autonomous_policy_perceptual_release_gate_with_optional_explicit_human_override,Planned_Autonomous_Implementation_Required,False,Plan/01_CURRENT_SYSTEM_REVIEW/WAVE64_HYPERREAL_VIDEO_AUDIO_APP_THIRD_PASS_GAP_AUDIT.md|Plan/02_TARGET_ARCHITECTURE/WAVE64_HYPERREAL_VIDEO_AUDIO_APP_CONTROL_ARCHITECTURE.md,planned_not_started,main_task_review_and_formal_adoption,runtime_and_empirical_evidence_not_yet_implemented
319,ITEM-W64-319,TRK-W64-319,HVAA-15,operator_security_accessibility_testing_release,implementation,Implement the bounded runtime/application slice with synthetic fixtures first: operator security accessibility testing release,"Enforce roles, local credential isolation, accessibility, responsive behavior, tests, deployment, and release.",ITEM-W64-318,operator_security_accessibility_testing_release_implementation_record|operator_security_accessibility_testing_release_implementation_evidence|append_only_decision_or_status_record,schema_and_semantic_validation|authority_and_reference_resolution|negative_path_fail_closed|no_runtime_completion_from_planning,exact_model_bundle_certificate_when_execution_is_requested|durable_controller_and_comfyui_runtime_release_when_execution_is_requested|maskfactory_certificate_for_mask_authority_when_required|autonomous_policy_perceptual_release_gate_with_optional_explicit_human_override,Planned_Autonomous_Implementation_Required,False,Plan/01_CURRENT_SYSTEM_REVIEW/WAVE64_HYPERREAL_VIDEO_AUDIO_APP_THIRD_PASS_GAP_AUDIT.md|Plan/02_TARGET_ARCHITECTURE/WAVE64_HYPERREAL_VIDEO_AUDIO_APP_CONTROL_ARCHITECTURE.md,planned_not_started,main_task_review_and_formal_adoption,runtime_and_empirical_evidence_not_yet_implemented
320,ITEM-W64-320,TRK-W64-320,HVAA-15,operator_security_accessibility_testing_release,assurance,"Prove positive, negative, fault, perceptual, and release behavior: operator security accessibility testing release","Enforce roles, local credential isolation, accessibility, responsive behavior, tests, deployment, and release.",ITEM-W64-319,operator_security_accessibility_testing_release_assurance_record|operator_security_accessibility_testing_release_assurance_evidence|append_only_decision_or_status_record|rows261_319_transitive_dependency_proof|video_audio_av_app_release_decision|runtime_truth_statement,schema_and_semantic_validation|authority_and_reference_resolution|negative_path_fail_closed|no_runtime_completion_from_planning,exact_model_bundle_certificate_when_execution_is_requested|durable_controller_and_comfyui_runtime_release_when_execution_is_requested|maskfactory_certificate_for_mask_authority_when_required|autonomous_policy_perceptual_release_gate_with_optional_explicit_human_override|ITEM-W64-260_model_intelligence_production_selection_release|Rows149_220_multimodal_controller_and_media_release|current_maskfactory_release_snapshot,Planned_Autonomous_Implementation_Required,False,Plan/01_CURRENT_SYSTEM_REVIEW/WAVE64_HYPERREAL_VIDEO_AUDIO_APP_THIRD_PASS_GAP_AUDIT.md|Plan/02_TARGET_ARCHITECTURE/WAVE64_HYPERREAL_VIDEO_AUDIO_APP_CONTROL_ARCHITECTURE.md,planned_not_started,main_task_review_and_formal_adoption,runtime_and_empirical_evidence_not_yet_implemented
