Tracker_ID,Wave,Phase,Workstream,Priority,Risk_Level,Owner_Role,Environment,Status,Task_Name,Detailed_Action,Completion_Criteria,Acceptance_Evidence,Dependency_Prerequisite,Validation_Method,Output_Artifact,Source_Path,Related_Source_Paths,Package_Top_Level_Directory,Autonomous_Execution_Mode,Human_Input_Allowed,Human_Work_Allowed,Codex_Desktop_Action,QA_Strictness,Visual_Review_Required,Visual_Review_Method,Test_Required,Runtime_Proof_Required,EC2_Allowed,Preview_Required,Final_Render_Gate,Evidence_Path,Citation_File,Citation_Full_Path,Citation_Section,Citation_Line_Start,Citation_Line_End,Citation_Excerpt,Source_Package,Source_Type,Source_Item_ID,Blocker_Policy,Rerun_Policy,Status_Decision,Notes,Source_Key,Source_File_Relative,Coverage_Level,Coverage_Audit_Status,Ultra_Source_Coverage_Record
W64-MI-TRK-221,Wave64,MI-00,W64-MI-GOV,P0,CRITICAL,Autonomous_Model_Intelligence_Control_Plane,Local_Then_Certified_Target_Runtime,Planned_Static_Control_Allowed_Pre_Activation,Wave30 Source Snapshot and Integrity Admission,"Register every multipart archive part, logical ZIP hash, patch relationship, inventory count, CRC result, source defect, and authority ceiling without importing model authority.","The five-part stream and patch are hash-bound; unsafe paths, missing parts, duplicate names, manifest inconsistencies, and the metadata-only authority ceiling are explicit.","Hash-bound schema, registry, tests, runtime evidence, QA, and policy decision as applicable","Row149, Row152, Row165, Row201, PreActivationStaticControlOnly",Static validators plus scoped runtime and multimodal QA,W64-MI-221 evidence and implementation package,Plan/00_PROJECT_CONTROL/WAVE64_AUTONOMOUS_MODEL_INTELLIGENCE_AND_SELECTION_MASTER_PLAN.md,Wave30 source snapshot; Wave64 Rows165-220,Plan,Static_Control_Only_Pre_Activation,Yes_For_Policy_Calibration_And_Adjudication,No_Manual_Work_Required_For_Normal_Operation,Implement_Validate_Review_And_Record_Evidence,Hard_Gate_High_Assurance,Conditional,archive manifest and inventory review,Yes,No_Static_Control,Yes_When_Explicitly_Routed,Yes_For_Media_And_UI,Applicable_To_Media_Qualification,Plan/Instructions/QA/Evidence/Wave64/Model_Intelligence/,WAVE64_AUTONOMOUS_MODEL_INTELLIGENCE_AND_SELECTION_MASTER_PLAN.md,C:\Comfy_UI_Main\Plan\00_PROJECT_CONTROL\WAVE64_AUTONOMOUS_MODEL_INTELLIGENCE_AND_SELECTION_MASTER_PLAN.md,Row221,407,413,Wave30 Source Snapshot and Integrity Admission,wave64_autonomous_model_intelligence_rows221_260,Additive_Model_Intelligence_Plan,W64-MI-221,Typed_Blocker_No_Silent_Substitution,Material_Hypothesis_Or_Transient_No_Output_Replay,Static_Control_Planning_Allowed_Runtime_Not_Authorized,"Do not infer model or LLM qualification from planning validation. No model-library execution is authorized until the complete-download, inventory-verification, and main-task acknowledgement gate passes.",W64-MI-TRK-221,Plan/00_PROJECT_CONTROL/WAVE64_AUTONOMOUS_MODEL_INTELLIGENCE_AND_SELECTION_MASTER_PLAN.md,Full_Planning_Coverage,Static_Validated_Pre_Activation_Control,Yes
W64-MI-TRK-222,Wave64,MI-00,W64-MI-GOV,P0,CRITICAL,Autonomous_Model_Intelligence_Control_Plane,Local_Then_Certified_Target_Runtime,Planned_Static_Control_Allowed_Pre_Activation,"Discovery, Operational, and Empirical Authority Tiers","Separate source claims, normalized discovery metadata, installed operational assets, runtime observations, scoped certificates, and production selection authority.","No Wave30 score, tag, copy-ready label, Civitai sample, or LLM statement can satisfy a runtime capability or promotion gate.","Hash-bound schema, registry, tests, runtime evidence, QA, and policy decision as applicable","Row150, Row152, Row165, Row166, Row209, Row221, PreActivationStaticControlOnly",Static validators plus scoped runtime and multimodal QA,W64-MI-222 evidence and implementation package,Plan/00_PROJECT_CONTROL/WAVE64_AUTONOMOUS_MODEL_INTELLIGENCE_AND_SELECTION_MASTER_PLAN.md,Wave30 source snapshot; Wave64 Rows165-220,Plan,Static_Control_Only_Pre_Activation,Yes_For_Policy_Calibration_And_Adjudication,No_Manual_Work_Required_For_Normal_Operation,Implement_Validate_Review_And_Record_Evidence,Hard_Gate_High_Assurance,Conditional,authority-matrix review,Yes,No_Static_Control,Yes_When_Explicitly_Routed,Yes_For_Media_And_UI,Applicable_To_Media_Qualification,Plan/Instructions/QA/Evidence/Wave64/Model_Intelligence/,WAVE64_AUTONOMOUS_MODEL_INTELLIGENCE_AND_SELECTION_MASTER_PLAN.md,C:\Comfy_UI_Main\Plan\00_PROJECT_CONTROL\WAVE64_AUTONOMOUS_MODEL_INTELLIGENCE_AND_SELECTION_MASTER_PLAN.md,Row222,415,421,"Discovery, Operational, and Empirical Authority Tiers",wave64_autonomous_model_intelligence_rows221_260,Additive_Model_Intelligence_Plan,W64-MI-222,Typed_Blocker_No_Silent_Substitution,Material_Hypothesis_Or_Transient_No_Output_Replay,Static_Control_Planning_Allowed_Runtime_Not_Authorized,"Do not infer model or LLM qualification from planning validation. No model-library execution is authorized until the complete-download, inventory-verification, and main-task acknowledgement gate passes.",W64-MI-TRK-222,Plan/00_PROJECT_CONTROL/WAVE64_AUTONOMOUS_MODEL_INTELLIGENCE_AND_SELECTION_MASTER_PLAN.md,Full_Planning_Coverage,Static_Validated_Pre_Activation_Control,Yes
W64-MI-TRK-223,Wave64,MI-00,W64-MI-GOV,P0,CRITICAL,Autonomous_Model_Intelligence_Control_Plane,Local_Then_Certified_Target_Runtime,Deferred_Pending_Complete_Model_Library_Download_Inventory_Verification_And_Main_Task_Acknowledgement,"Model Asset Identity, Deduplication, and Version Lineage","Resolve family, model, version, file, SHA-256, duplicate group, supersession, preferred revision, and storage identity as separate immutable entities.",Aliases converge on one content identity while distinct revisions remain independently testable and historically addressable.,"Hash-bound schema, registry, tests, runtime evidence, QA, and policy decision as applicable","Row043, Row051, Row152, Row153, Row221, Row222, ActivationGate=wave64_model_library_download_readiness_gate_v1",Static validators plus scoped runtime and multimodal QA,W64-MI-223 evidence and implementation package,Plan/00_PROJECT_CONTROL/WAVE64_AUTONOMOUS_MODEL_INTELLIGENCE_AND_SELECTION_MASTER_PLAN.md,Wave30 source snapshot; Wave64 Rows165-220,Plan,Deferred_Until_Complete_Download_Inventory_And_Main_Task_Acknowledgement,Yes_For_Policy_Calibration_And_Adjudication,No_Manual_Work_Required_For_Normal_Operation,Implement_Validate_Review_And_Record_Evidence,Hard_Gate_High_Assurance,Yes,dedupe and lineage fixture review,Yes,Yes,Yes_When_Explicitly_Routed,Yes_For_Media_And_UI,Applicable_To_Media_Qualification,Plan/Instructions/QA/Evidence/Wave64/Model_Intelligence/,WAVE64_AUTONOMOUS_MODEL_INTELLIGENCE_AND_SELECTION_MASTER_PLAN.md,C:\Comfy_UI_Main\Plan\00_PROJECT_CONTROL\WAVE64_AUTONOMOUS_MODEL_INTELLIGENCE_AND_SELECTION_MASTER_PLAN.md,Row223,423,429,"Model Asset Identity, Deduplication, and Version Lineage",wave64_autonomous_model_intelligence_rows221_260,Additive_Model_Intelligence_Plan,W64-MI-223,Typed_Blocker_No_Silent_Substitution,Material_Hypothesis_Or_Transient_No_Output_Replay,Deferred_Pending_Model_Library_Activation_Gate,"Do not infer model or LLM qualification from planning validation. No model-library execution is authorized until the complete-download, inventory-verification, and main-task acknowledgement gate passes.",W64-MI-TRK-223,Plan/00_PROJECT_CONTROL/WAVE64_AUTONOMOUS_MODEL_INTELLIGENCE_AND_SELECTION_MASTER_PLAN.md,Full_Planning_Coverage,Static_Validated_Runtime_Deferred_By_Activation_Gate,Yes
W64-MI-TRK-224,Wave64,MI-00,W64-MI-GOV,P0,CRITICAL,Autonomous_Model_Intelligence_Control_Plane,Local_Then_Certified_Target_Runtime,Deferred_Pending_Complete_Model_Library_Download_Inventory_Verification_And_Main_Task_Acknowledgement,"Model Lifecycle, Decision Authority, and Revocation State Machine","Define discovery, admitted, installed, load-proven, benchmark-candidate, provisionally-certified, production-certified, suspended, revoked, rejected, and superseded transitions.","Every transition has one authority, evidence prerequisites, expiry, rollback, and immutable event history; an LLM cannot certify or promote.","Hash-bound schema, registry, tests, runtime evidence, QA, and policy decision as applicable","Row150, Row152, Row197, Row198, Row201, Row221, Row222, Row223, ActivationGate=wave64_model_library_download_readiness_gate_v1",Static validators plus scoped runtime and multimodal QA,W64-MI-224 evidence and implementation package,Plan/00_PROJECT_CONTROL/WAVE64_AUTONOMOUS_MODEL_INTELLIGENCE_AND_SELECTION_MASTER_PLAN.md,Wave30 source snapshot; Wave64 Rows165-220,Plan,Deferred_Until_Complete_Download_Inventory_And_Main_Task_Acknowledgement,Yes_For_Policy_Calibration_And_Adjudication,No_Manual_Work_Required_For_Normal_Operation,Implement_Validate_Review_And_Record_Evidence,Hard_Gate_High_Assurance,Yes,state-transition and forbidden-authority tests,Yes,Yes,Yes_When_Explicitly_Routed,Yes_For_Media_And_UI,Applicable_To_Media_Qualification,Plan/Instructions/QA/Evidence/Wave64/Model_Intelligence/,WAVE64_AUTONOMOUS_MODEL_INTELLIGENCE_AND_SELECTION_MASTER_PLAN.md,C:\Comfy_UI_Main\Plan\00_PROJECT_CONTROL\WAVE64_AUTONOMOUS_MODEL_INTELLIGENCE_AND_SELECTION_MASTER_PLAN.md,Row224,431,437,"Model Lifecycle, Decision Authority, and Revocation State Machine",wave64_autonomous_model_intelligence_rows221_260,Additive_Model_Intelligence_Plan,W64-MI-224,Typed_Blocker_No_Silent_Substitution,Material_Hypothesis_Or_Transient_No_Output_Replay,Deferred_Pending_Model_Library_Activation_Gate,"Do not infer model or LLM qualification from planning validation. No model-library execution is authorized until the complete-download, inventory-verification, and main-task acknowledgement gate passes.",W64-MI-TRK-224,Plan/00_PROJECT_CONTROL/WAVE64_AUTONOMOUS_MODEL_INTELLIGENCE_AND_SELECTION_MASTER_PLAN.md,Full_Planning_Coverage,Static_Validated_Runtime_Deferred_By_Activation_Gate,Yes
W64-MI-TRK-225,Wave64,MI-01,W64-MI-CAT,P0,CRITICAL,Autonomous_Model_Intelligence_Control_Plane,Local_Then_Certified_Target_Runtime,Deferred_Pending_Complete_Model_Library_Download_Inventory_Verification_And_Main_Task_Acknowledgement,Strict Model Asset Intelligence Card,"Normalize Wave30, Civitai, local, S3, EC2, ComfyUI, hash, loader, taxonomy, prompt, trigger, compatibility, rights, availability, and evidence fields into a strict versioned card.","Each card distinguishes claimed, inferred, observed, measured, and certified facts and carries source-level citations and freshness.","Hash-bound schema, registry, tests, runtime evidence, QA, and policy decision as applicable","Row044, Row054, Row165, Row221, Row222, Row223, ActivationGate=wave64_model_library_download_readiness_gate_v1",Static validators plus scoped runtime and multimodal QA,W64-MI-225 evidence and implementation package,Plan/00_PROJECT_CONTROL/WAVE64_AUTONOMOUS_MODEL_INTELLIGENCE_AND_SELECTION_MASTER_PLAN.md,Wave30 source snapshot; Wave64 Rows165-220,Plan,Deferred_Until_Complete_Download_Inventory_And_Main_Task_Acknowledgement,Yes_For_Policy_Calibration_And_Adjudication,No_Manual_Work_Required_For_Normal_Operation,Implement_Validate_Review_And_Record_Evidence,Hard_Gate_High_Assurance,Yes,"schema, source crosswalk, and sample-card review",Yes,Yes,Yes_When_Explicitly_Routed,Yes_For_Media_And_UI,Applicable_To_Media_Qualification,Plan/Instructions/QA/Evidence/Wave64/Model_Intelligence/,WAVE64_AUTONOMOUS_MODEL_INTELLIGENCE_AND_SELECTION_MASTER_PLAN.md,C:\Comfy_UI_Main\Plan\00_PROJECT_CONTROL\WAVE64_AUTONOMOUS_MODEL_INTELLIGENCE_AND_SELECTION_MASTER_PLAN.md,Row225,439,445,Strict Model Asset Intelligence Card,wave64_autonomous_model_intelligence_rows221_260,Additive_Model_Intelligence_Plan,W64-MI-225,Typed_Blocker_No_Silent_Substitution,Material_Hypothesis_Or_Transient_No_Output_Replay,Deferred_Pending_Model_Library_Activation_Gate,"Do not infer model or LLM qualification from planning validation. No model-library execution is authorized until the complete-download, inventory-verification, and main-task acknowledgement gate passes.",W64-MI-TRK-225,Plan/00_PROJECT_CONTROL/WAVE64_AUTONOMOUS_MODEL_INTELLIGENCE_AND_SELECTION_MASTER_PLAN.md,Full_Planning_Coverage,Static_Validated_Runtime_Deferred_By_Activation_Gate,Yes
W64-MI-TRK-226,Wave64,MI-01,W64-MI-CAT,P0,CRITICAL,Autonomous_Model_Intelligence_Control_Plane,Local_Then_Certified_Target_Runtime,Deferred_Pending_Complete_Model_Library_Download_Inventory_Verification_And_Main_Task_Acknowledgement,"Capability, Role, Region, Modality, and Defect Ontology","Map checkpoints, LoRAs, adapters, controls, video, audio, speech, Foley, upscalers, and analyzers to normalized pass intents, targets, defects, controls, and risks.","The selector can query exact functional meaning across character, scene, image, video, audio, and AV work without relying on filenames.","Hash-bound schema, registry, tests, runtime evidence, QA, and policy decision as applicable","Row051, Row054, Row153, Row155, Row165, Row173, Row209, Row225, ActivationGate=wave64_model_library_download_readiness_gate_v1",Static validators plus scoped runtime and multimodal QA,W64-MI-226 evidence and implementation package,Plan/00_PROJECT_CONTROL/WAVE64_AUTONOMOUS_MODEL_INTELLIGENCE_AND_SELECTION_MASTER_PLAN.md,Wave30 source snapshot; Wave64 Rows165-220,Plan,Deferred_Until_Complete_Download_Inventory_And_Main_Task_Acknowledgement,Yes_For_Policy_Calibration_And_Adjudication,No_Manual_Work_Required_For_Normal_Operation,Implement_Validate_Review_And_Record_Evidence,Hard_Gate_High_Assurance,Yes,ontology coverage and ambiguity review,Yes,Yes,Yes_When_Explicitly_Routed,Yes_For_Media_And_UI,Applicable_To_Media_Qualification,Plan/Instructions/QA/Evidence/Wave64/Model_Intelligence/,WAVE64_AUTONOMOUS_MODEL_INTELLIGENCE_AND_SELECTION_MASTER_PLAN.md,C:\Comfy_UI_Main\Plan\00_PROJECT_CONTROL\WAVE64_AUTONOMOUS_MODEL_INTELLIGENCE_AND_SELECTION_MASTER_PLAN.md,Row226,447,453,"Capability, Role, Region, Modality, and Defect Ontology",wave64_autonomous_model_intelligence_rows221_260,Additive_Model_Intelligence_Plan,W64-MI-226,Typed_Blocker_No_Silent_Substitution,Material_Hypothesis_Or_Transient_No_Output_Replay,Deferred_Pending_Model_Library_Activation_Gate,"Do not infer model or LLM qualification from planning validation. No model-library execution is authorized until the complete-download, inventory-verification, and main-task acknowledgement gate passes.",W64-MI-TRK-226,Plan/00_PROJECT_CONTROL/WAVE64_AUTONOMOUS_MODEL_INTELLIGENCE_AND_SELECTION_MASTER_PLAN.md,Full_Planning_Coverage,Static_Validated_Runtime_Deferred_By_Activation_Gate,Yes
W64-MI-TRK-227,Wave64,MI-01,W64-MI-CAT,P0,CRITICAL,Autonomous_Model_Intelligence_Control_Plane,Local_Then_Certified_Target_Runtime,Deferred_Pending_Complete_Model_Library_Download_Inventory_Verification_And_Main_Task_Acknowledgement,"Family, Artifact, Revision, Bundle, and Certificate Separation","Model discovery operates at family level while execution, evidence, and certification bind exact artifact revisions and execution bundles.","No family summary is used as artifact proof and no artifact certificate silently transfers to another hash, workflow, adapter bundle, or runtime.","Hash-bound schema, registry, tests, runtime evidence, QA, and policy decision as applicable","Row152, Row156, Row165, Row223, Row224, Row225, ActivationGate=wave64_model_library_download_readiness_gate_v1",Static validators plus scoped runtime and multimodal QA,W64-MI-227 evidence and implementation package,Plan/00_PROJECT_CONTROL/WAVE64_AUTONOMOUS_MODEL_INTELLIGENCE_AND_SELECTION_MASTER_PLAN.md,Wave30 source snapshot; Wave64 Rows165-220,Plan,Deferred_Until_Complete_Download_Inventory_And_Main_Task_Acknowledgement,Yes_For_Policy_Calibration_And_Adjudication,No_Manual_Work_Required_For_Normal_Operation,Implement_Validate_Review_And_Record_Evidence,Hard_Gate_High_Assurance,Yes,cross-level leakage tests,Yes,Yes,Yes_When_Explicitly_Routed,Yes_For_Media_And_UI,Applicable_To_Media_Qualification,Plan/Instructions/QA/Evidence/Wave64/Model_Intelligence/,WAVE64_AUTONOMOUS_MODEL_INTELLIGENCE_AND_SELECTION_MASTER_PLAN.md,C:\Comfy_UI_Main\Plan\00_PROJECT_CONTROL\WAVE64_AUTONOMOUS_MODEL_INTELLIGENCE_AND_SELECTION_MASTER_PLAN.md,Row227,455,461,"Family, Artifact, Revision, Bundle, and Certificate Separation",wave64_autonomous_model_intelligence_rows221_260,Additive_Model_Intelligence_Plan,W64-MI-227,Typed_Blocker_No_Silent_Substitution,Material_Hypothesis_Or_Transient_No_Output_Replay,Deferred_Pending_Model_Library_Activation_Gate,"Do not infer model or LLM qualification from planning validation. No model-library execution is authorized until the complete-download, inventory-verification, and main-task acknowledgement gate passes.",W64-MI-TRK-227,Plan/00_PROJECT_CONTROL/WAVE64_AUTONOMOUS_MODEL_INTELLIGENCE_AND_SELECTION_MASTER_PLAN.md,Full_Planning_Coverage,Static_Validated_Runtime_Deferred_By_Activation_Gate,Yes
W64-MI-TRK-228,Wave64,MI-01,W64-MI-CAT,P0,CRITICAL,Autonomous_Model_Intelligence_Control_Plane,Local_Then_Certified_Target_Runtime,Deferred_Pending_Complete_Model_Library_Download_Inventory_Verification_And_Main_Task_Acknowledgement,Hybrid Retrieval Index and Immutable Citation Projection,"Build structured filters, full-text search, embeddings, taxonomy joins, evidence joins, and materialized summaries over immutable source and empirical records.","Every retrieved fact resolves to a versioned record and evidence reference; stale, conflicting, missing, and superseded records remain visible.","Hash-bound schema, registry, tests, runtime evidence, QA, and policy decision as applicable","Row051, Row054, Row198, Row202, Row221, Row225, Row226, Row227, ActivationGate=wave64_model_library_download_readiness_gate_v1",Static validators plus scoped runtime and multimodal QA,W64-MI-228 evidence and implementation package,Plan/00_PROJECT_CONTROL/WAVE64_AUTONOMOUS_MODEL_INTELLIGENCE_AND_SELECTION_MASTER_PLAN.md,Wave30 source snapshot; Wave64 Rows165-220,Plan,Deferred_Until_Complete_Download_Inventory_And_Main_Task_Acknowledgement,Yes_For_Policy_Calibration_And_Adjudication,No_Manual_Work_Required_For_Normal_Operation,Implement_Validate_Review_And_Record_Evidence,Hard_Gate_High_Assurance,Yes,"retrieval precision, freshness, conflict, and citation tests",Yes,Yes,Yes_When_Explicitly_Routed,Yes_For_Media_And_UI,Applicable_To_Media_Qualification,Plan/Instructions/QA/Evidence/Wave64/Model_Intelligence/,WAVE64_AUTONOMOUS_MODEL_INTELLIGENCE_AND_SELECTION_MASTER_PLAN.md,C:\Comfy_UI_Main\Plan\00_PROJECT_CONTROL\WAVE64_AUTONOMOUS_MODEL_INTELLIGENCE_AND_SELECTION_MASTER_PLAN.md,Row228,463,469,Hybrid Retrieval Index and Immutable Citation Projection,wave64_autonomous_model_intelligence_rows221_260,Additive_Model_Intelligence_Plan,W64-MI-228,Typed_Blocker_No_Silent_Substitution,Material_Hypothesis_Or_Transient_No_Output_Replay,Deferred_Pending_Model_Library_Activation_Gate,"Do not infer model or LLM qualification from planning validation. No model-library execution is authorized until the complete-download, inventory-verification, and main-task acknowledgement gate passes.",W64-MI-TRK-228,Plan/00_PROJECT_CONTROL/WAVE64_AUTONOMOUS_MODEL_INTELLIGENCE_AND_SELECTION_MASTER_PLAN.md,Full_Planning_Coverage,Static_Validated_Runtime_Deferred_By_Activation_Gate,Yes
W64-MI-TRK-229,Wave64,MI-02,W64-MI-COMPAT,P0,CRITICAL,Autonomous_Model_Intelligence_Control_Plane,Local_Then_Certified_Target_Runtime,Deferred_Pending_Complete_Model_Library_Download_Inventory_Verification_And_Main_Task_Acknowledgement,"Engine, Base-Family, Loader, and Adapter Hard Compatibility Graph","Represent exact compatible and incompatible edges for engines, checkpoints, LoRAs, VAEs, encoders, controls, schedulers, nodes, workflows, quantizations, and media adapters.",Wrong-family assets and unproven cross-family assumptions fail before ranking with typed reasons.,"Hash-bound schema, registry, tests, runtime evidence, QA, and policy decision as applicable","Row036, Row044, Row054, Row065, Row165, Row166, Row225, Row226, Row227, ActivationGate=wave64_model_library_download_readiness_gate_v1",Static validators plus scoped runtime and multimodal QA,W64-MI-229 evidence and implementation package,Plan/00_PROJECT_CONTROL/WAVE64_AUTONOMOUS_MODEL_INTELLIGENCE_AND_SELECTION_MASTER_PLAN.md,Wave30 source snapshot; Wave64 Rows165-220,Plan,Deferred_Until_Complete_Download_Inventory_And_Main_Task_Acknowledgement,Yes_For_Policy_Calibration_And_Adjudication,No_Manual_Work_Required_For_Normal_Operation,Implement_Validate_Review_And_Record_Evidence,Hard_Gate_High_Assurance,Yes,positive and negative compatibility fixtures,Yes,Yes,Yes_When_Explicitly_Routed,Yes_For_Media_And_UI,Applicable_To_Media_Qualification,Plan/Instructions/QA/Evidence/Wave64/Model_Intelligence/,WAVE64_AUTONOMOUS_MODEL_INTELLIGENCE_AND_SELECTION_MASTER_PLAN.md,C:\Comfy_UI_Main\Plan\00_PROJECT_CONTROL\WAVE64_AUTONOMOUS_MODEL_INTELLIGENCE_AND_SELECTION_MASTER_PLAN.md,Row229,471,477,"Engine, Base-Family, Loader, and Adapter Hard Compatibility Graph",wave64_autonomous_model_intelligence_rows221_260,Additive_Model_Intelligence_Plan,W64-MI-229,Typed_Blocker_No_Silent_Substitution,Material_Hypothesis_Or_Transient_No_Output_Replay,Deferred_Pending_Model_Library_Activation_Gate,"Do not infer model or LLM qualification from planning validation. No model-library execution is authorized until the complete-download, inventory-verification, and main-task acknowledgement gate passes.",W64-MI-TRK-229,Plan/00_PROJECT_CONTROL/WAVE64_AUTONOMOUS_MODEL_INTELLIGENCE_AND_SELECTION_MASTER_PLAN.md,Full_Planning_Coverage,Static_Validated_Runtime_Deferred_By_Activation_Gate,Yes
W64-MI-TRK-230,Wave64,MI-02,W64-MI-COMPAT,P0,CRITICAL,Autonomous_Model_Intelligence_Control_Plane,Local_Then_Certified_Target_Runtime,Deferred_Pending_Complete_Model_Library_Download_Inventory_Verification_And_Main_Task_Acknowledgement,Exact Model Execution Bundle Compiler,"Compile one selectable unit from base model, LoRA stack, VAE, encoders, controls, workflow hash, node/runtime lock, sampler, precision, hardware, and prompt adapter.",Selection and evidence bind the complete reproducible bundle rather than a model brand or standalone LoRA.,"Hash-bound schema, registry, tests, runtime evidence, QA, and policy decision as applicable","Row156, Row165, Row166, Row170, Row171, Row227, Row229, ActivationGate=wave64_model_library_download_readiness_gate_v1",Static validators plus scoped runtime and multimodal QA,W64-MI-230 evidence and implementation package,Plan/00_PROJECT_CONTROL/WAVE64_AUTONOMOUS_MODEL_INTELLIGENCE_AND_SELECTION_MASTER_PLAN.md,Wave30 source snapshot; Wave64 Rows165-220,Plan,Deferred_Until_Complete_Download_Inventory_And_Main_Task_Acknowledgement,Yes_For_Policy_Calibration_And_Adjudication,No_Manual_Work_Required_For_Normal_Operation,Implement_Validate_Review_And_Record_Evidence,Hard_Gate_High_Assurance,Yes,bundle reproducibility and substitution tests,Yes,Yes,Yes_When_Explicitly_Routed,Yes_For_Media_And_UI,Applicable_To_Media_Qualification,Plan/Instructions/QA/Evidence/Wave64/Model_Intelligence/,WAVE64_AUTONOMOUS_MODEL_INTELLIGENCE_AND_SELECTION_MASTER_PLAN.md,C:\Comfy_UI_Main\Plan\00_PROJECT_CONTROL\WAVE64_AUTONOMOUS_MODEL_INTELLIGENCE_AND_SELECTION_MASTER_PLAN.md,Row230,479,485,Exact Model Execution Bundle Compiler,wave64_autonomous_model_intelligence_rows221_260,Additive_Model_Intelligence_Plan,W64-MI-230,Typed_Blocker_No_Silent_Substitution,Material_Hypothesis_Or_Transient_No_Output_Replay,Deferred_Pending_Model_Library_Activation_Gate,"Do not infer model or LLM qualification from planning validation. No model-library execution is authorized until the complete-download, inventory-verification, and main-task acknowledgement gate passes.",W64-MI-TRK-230,Plan/00_PROJECT_CONTROL/WAVE64_AUTONOMOUS_MODEL_INTELLIGENCE_AND_SELECTION_MASTER_PLAN.md,Full_Planning_Coverage,Static_Validated_Runtime_Deferred_By_Activation_Gate,Yes
W64-MI-TRK-231,Wave64,MI-02,W64-MI-COMPAT,P0,CRITICAL,Autonomous_Model_Intelligence_Control_Plane,Local_Then_Certified_Target_Runtime,Deferred_Pending_Complete_Model_Library_Download_Inventory_Verification_And_Main_Task_Acknowledgement,"LoRA and Component Interaction, Conflict, and Attribution Graph","Record pairwise and higher-order compatibility, dominance, cancellation, overcook, trigger collision, regional overlap, identity drift, and checkpoint dependence.",Unknown combinations are not assumed safe; tested interactions are scoped and combinatorial testing is prioritized by use and risk.,"Hash-bound schema, registry, tests, runtime evidence, QA, and policy decision as applicable","Row013, Row014, Row015, Row165, Row173, Row174, Row225, Row229, Row230, ActivationGate=wave64_model_library_download_readiness_gate_v1",Static validators plus scoped runtime and multimodal QA,W64-MI-231 evidence and implementation package,Plan/00_PROJECT_CONTROL/WAVE64_AUTONOMOUS_MODEL_INTELLIGENCE_AND_SELECTION_MASTER_PLAN.md,Wave30 source snapshot; Wave64 Rows165-220,Plan,Deferred_Until_Complete_Download_Inventory_And_Main_Task_Acknowledgement,Yes_For_Policy_Calibration_And_Adjudication,No_Manual_Work_Required_For_Normal_Operation,Implement_Validate_Review_And_Record_Evidence,Hard_Gate_High_Assurance,Yes,designed-experiment and stack-ablation review,Yes,Yes,Yes_When_Explicitly_Routed,Yes_For_Media_And_UI,Applicable_To_Media_Qualification,Plan/Instructions/QA/Evidence/Wave64/Model_Intelligence/,WAVE64_AUTONOMOUS_MODEL_INTELLIGENCE_AND_SELECTION_MASTER_PLAN.md,C:\Comfy_UI_Main\Plan\00_PROJECT_CONTROL\WAVE64_AUTONOMOUS_MODEL_INTELLIGENCE_AND_SELECTION_MASTER_PLAN.md,Row231,487,493,"LoRA and Component Interaction, Conflict, and Attribution Graph",wave64_autonomous_model_intelligence_rows221_260,Additive_Model_Intelligence_Plan,W64-MI-231,Typed_Blocker_No_Silent_Substitution,Material_Hypothesis_Or_Transient_No_Output_Replay,Deferred_Pending_Model_Library_Activation_Gate,"Do not infer model or LLM qualification from planning validation. No model-library execution is authorized until the complete-download, inventory-verification, and main-task acknowledgement gate passes.",W64-MI-TRK-231,Plan/00_PROJECT_CONTROL/WAVE64_AUTONOMOUS_MODEL_INTELLIGENCE_AND_SELECTION_MASTER_PLAN.md,Full_Planning_Coverage,Static_Validated_Runtime_Deferred_By_Activation_Gate,Yes
W64-MI-TRK-232,Wave64,MI-02,W64-MI-COMPAT,P0,CRITICAL,Autonomous_Model_Intelligence_Control_Plane,Local_Then_Certified_Target_Runtime,Deferred_Pending_Complete_Model_Library_Download_Inventory_Verification_And_Main_Task_Acknowledgement,"Availability, Residency, Resource, and Runtime Envelope","Bind local/S3/EC2 availability, bytes, load time, VRAM/RAM, precision, offload, warm-cache affinity, concurrency, and failure telemetry to each bundle.",No route assumes an absent asset or starts outside a measured resource envelope; quality is not silently downgraded under pressure.,"Hash-bound schema, registry, tests, runtime evidence, QA, and policy decision as applicable","Row042, Row044, Row061, Row062, Row063, Row166, Row205, Row206, Row208, Row230, ActivationGate=wave64_model_library_download_readiness_gate_v1",Static validators plus scoped runtime and multimodal QA,W64-MI-232 evidence and implementation package,Plan/00_PROJECT_CONTROL/WAVE64_AUTONOMOUS_MODEL_INTELLIGENCE_AND_SELECTION_MASTER_PLAN.md,Wave30 source snapshot; Wave64 Rows165-220,Plan,Deferred_Until_Complete_Download_Inventory_And_Main_Task_Acknowledgement,Yes_For_Policy_Calibration_And_Adjudication,No_Manual_Work_Required_For_Normal_Operation,Implement_Validate_Review_And_Record_Evidence,Hard_Gate_High_Assurance,Yes,"load, OOM, eviction, concurrency, and recovery tests",Yes,Yes,Yes_When_Explicitly_Routed,Yes_For_Media_And_UI,Applicable_To_Media_Qualification,Plan/Instructions/QA/Evidence/Wave64/Model_Intelligence/,WAVE64_AUTONOMOUS_MODEL_INTELLIGENCE_AND_SELECTION_MASTER_PLAN.md,C:\Comfy_UI_Main\Plan\00_PROJECT_CONTROL\WAVE64_AUTONOMOUS_MODEL_INTELLIGENCE_AND_SELECTION_MASTER_PLAN.md,Row232,495,501,"Availability, Residency, Resource, and Runtime Envelope",wave64_autonomous_model_intelligence_rows221_260,Additive_Model_Intelligence_Plan,W64-MI-232,Typed_Blocker_No_Silent_Substitution,Material_Hypothesis_Or_Transient_No_Output_Replay,Deferred_Pending_Model_Library_Activation_Gate,"Do not infer model or LLM qualification from planning validation. No model-library execution is authorized until the complete-download, inventory-verification, and main-task acknowledgement gate passes.",W64-MI-TRK-232,Plan/00_PROJECT_CONTROL/WAVE64_AUTONOMOUS_MODEL_INTELLIGENCE_AND_SELECTION_MASTER_PLAN.md,Full_Planning_Coverage,Static_Validated_Runtime_Deferred_By_Activation_Gate,Yes
W64-MI-TRK-233,Wave64,MI-03,W64-MI-QUAL,P0,CRITICAL,Autonomous_Model_Intelligence_Control_Plane,Local_Then_Certified_Target_Runtime,Deferred_Pending_Complete_Model_Library_Download_Inventory_Verification_And_Main_Task_Acknowledgement,Progressive Model Qualification Funnel,"Implement source admission, static scan, install/hash proof, loader smoke, baseline A/B, parameter sweep, capability benchmark, stack-interaction, shadow, and certification stages.",Expensive rendering is reserved for eligible high-value or high-uncertainty candidates while every skipped stage and authority ceiling is explicit.,"Hash-bound schema, registry, tests, runtime evidence, QA, and policy decision as applicable","Row037, Row038, Row044, Row054, Row063, Row165, Row209, Row210, Row221, Row224, Row229, Row230, Row232, ActivationGate=wave64_model_library_download_readiness_gate_v1",Static validators plus scoped runtime and multimodal QA,W64-MI-233 evidence and implementation package,Plan/00_PROJECT_CONTROL/WAVE64_AUTONOMOUS_MODEL_INTELLIGENCE_AND_SELECTION_MASTER_PLAN.md,Wave30 source snapshot; Wave64 Rows165-220,Plan,Deferred_Until_Complete_Download_Inventory_And_Main_Task_Acknowledgement,Yes_For_Policy_Calibration_And_Adjudication,No_Manual_Work_Required_For_Normal_Operation,Implement_Validate_Review_And_Record_Evidence,Hard_Gate_High_Assurance,Yes,"stage-entry, stop, resume, and failure tests",Yes,Yes,Yes_When_Explicitly_Routed,Yes_For_Media_And_UI,Applicable_To_Media_Qualification,Plan/Instructions/QA/Evidence/Wave64/Model_Intelligence/,WAVE64_AUTONOMOUS_MODEL_INTELLIGENCE_AND_SELECTION_MASTER_PLAN.md,C:\Comfy_UI_Main\Plan\00_PROJECT_CONTROL\WAVE64_AUTONOMOUS_MODEL_INTELLIGENCE_AND_SELECTION_MASTER_PLAN.md,Row233,503,509,Progressive Model Qualification Funnel,wave64_autonomous_model_intelligence_rows221_260,Additive_Model_Intelligence_Plan,W64-MI-233,Typed_Blocker_No_Silent_Substitution,Material_Hypothesis_Or_Transient_No_Output_Replay,Deferred_Pending_Model_Library_Activation_Gate,"Do not infer model or LLM qualification from planning validation. No model-library execution is authorized until the complete-download, inventory-verification, and main-task acknowledgement gate passes.",W64-MI-TRK-233,Plan/00_PROJECT_CONTROL/WAVE64_AUTONOMOUS_MODEL_INTELLIGENCE_AND_SELECTION_MASTER_PLAN.md,Full_Planning_Coverage,Static_Validated_Runtime_Deferred_By_Activation_Gate,Yes
W64-MI-TRK-234,Wave64,MI-03,W64-MI-QUAL,P0,CRITICAL,Autonomous_Model_Intelligence_Control_Plane,Local_Then_Certified_Target_Runtime,Deferred_Pending_Complete_Model_Library_Download_Inventory_Verification_And_Main_Task_Acknowledgement,Canonical Multimodal Model Benchmark Corpus,"Create fixed and held-out cases for character identity, anatomy, skin, hair, clothing, pose, interaction, environment, motion, speech, Foley, audio, and AV behavior.","Cases bind approved inputs, baselines, seeds, prompts, masks, controls, expected effects, protected invariants, metrics, and adjudicated outcomes.","Hash-bound schema, registry, tests, runtime evidence, QA, and policy decision as applicable","Row109, Row147, Row172, Row183, Row188, Row192, Row196, Row209, Row210, Row225, Row226, Row233, ActivationGate=wave64_model_library_download_readiness_gate_v1",Static validators plus scoped runtime and multimodal QA,W64-MI-234 evidence and implementation package,Plan/00_PROJECT_CONTROL/WAVE64_AUTONOMOUS_MODEL_INTELLIGENCE_AND_SELECTION_MASTER_PLAN.md,Wave30 source snapshot; Wave64 Rows165-220,Plan,Deferred_Until_Complete_Download_Inventory_And_Main_Task_Acknowledgement,Yes_For_Policy_Calibration_And_Adjudication,No_Manual_Work_Required_For_Normal_Operation,Implement_Validate_Review_And_Record_Evidence,Hard_Gate_High_Assurance,Yes,"corpus coverage, leakage, and repeatability review",Yes,Yes,Yes_When_Explicitly_Routed,Yes_For_Media_And_UI,Applicable_To_Media_Qualification,Plan/Instructions/QA/Evidence/Wave64/Model_Intelligence/,WAVE64_AUTONOMOUS_MODEL_INTELLIGENCE_AND_SELECTION_MASTER_PLAN.md,C:\Comfy_UI_Main\Plan\00_PROJECT_CONTROL\WAVE64_AUTONOMOUS_MODEL_INTELLIGENCE_AND_SELECTION_MASTER_PLAN.md,Row234,511,517,Canonical Multimodal Model Benchmark Corpus,wave64_autonomous_model_intelligence_rows221_260,Additive_Model_Intelligence_Plan,W64-MI-234,Typed_Blocker_No_Silent_Substitution,Material_Hypothesis_Or_Transient_No_Output_Replay,Deferred_Pending_Model_Library_Activation_Gate,"Do not infer model or LLM qualification from planning validation. No model-library execution is authorized until the complete-download, inventory-verification, and main-task acknowledgement gate passes.",W64-MI-TRK-234,Plan/00_PROJECT_CONTROL/WAVE64_AUTONOMOUS_MODEL_INTELLIGENCE_AND_SELECTION_MASTER_PLAN.md,Full_Planning_Coverage,Static_Validated_Runtime_Deferred_By_Activation_Gate,Yes
W64-MI-TRK-235,Wave64,MI-03,W64-MI-QUAL,P0,CRITICAL,Autonomous_Model_Intelligence_Control_Plane,Local_Then_Certified_Target_Runtime,Deferred_Pending_Complete_Model_Library_Download_Inventory_Verification_And_Main_Task_Acknowledgement,"Parameter, Trigger, Prompt, Weight, Denoise, and Seed Sweep Engine","Generate reproducible baseline-controlled sweeps with early stopping, adaptive refinement, matched seeds, fixed workflows, and parameter-response curves.","Best envelope, overcook threshold, instability, prompt sensitivity, and failure regions are measured without treating a single attractive output as proof.","Hash-bound schema, registry, tests, runtime evidence, QA, and policy decision as applicable","Row064, Row167, Row173, Row174, Row233, Row234, ActivationGate=wave64_model_library_download_readiness_gate_v1",Static validators plus scoped runtime and multimodal QA,W64-MI-235 evidence and implementation package,Plan/00_PROJECT_CONTROL/WAVE64_AUTONOMOUS_MODEL_INTELLIGENCE_AND_SELECTION_MASTER_PLAN.md,Wave30 source snapshot; Wave64 Rows165-220,Plan,Deferred_Until_Complete_Download_Inventory_And_Main_Task_Acknowledgement,Yes_For_Policy_Calibration_And_Adjudication,No_Manual_Work_Required_For_Normal_Operation,Implement_Validate_Review_And_Record_Evidence,Hard_Gate_High_Assurance,Yes,"paired sweep, early-stop, and reproducibility tests",Yes,Yes,Yes_When_Explicitly_Routed,Yes_For_Media_And_UI,Applicable_To_Media_Qualification,Plan/Instructions/QA/Evidence/Wave64/Model_Intelligence/,WAVE64_AUTONOMOUS_MODEL_INTELLIGENCE_AND_SELECTION_MASTER_PLAN.md,C:\Comfy_UI_Main\Plan\00_PROJECT_CONTROL\WAVE64_AUTONOMOUS_MODEL_INTELLIGENCE_AND_SELECTION_MASTER_PLAN.md,Row235,519,525,"Parameter, Trigger, Prompt, Weight, Denoise, and Seed Sweep Engine",wave64_autonomous_model_intelligence_rows221_260,Additive_Model_Intelligence_Plan,W64-MI-235,Typed_Blocker_No_Silent_Substitution,Material_Hypothesis_Or_Transient_No_Output_Replay,Deferred_Pending_Model_Library_Activation_Gate,"Do not infer model or LLM qualification from planning validation. No model-library execution is authorized until the complete-download, inventory-verification, and main-task acknowledgement gate passes.",W64-MI-TRK-235,Plan/00_PROJECT_CONTROL/WAVE64_AUTONOMOUS_MODEL_INTELLIGENCE_AND_SELECTION_MASTER_PLAN.md,Full_Planning_Coverage,Static_Validated_Runtime_Deferred_By_Activation_Gate,Yes
W64-MI-TRK-236,Wave64,MI-03,W64-MI-QUAL,P0,CRITICAL,Autonomous_Model_Intelligence_Control_Plane,Local_Then_Certified_Target_Runtime,Deferred_Pending_Complete_Model_Library_Download_Inventory_Verification_And_Main_Task_Acknowledgement,"Capability-Bucket Certificate, Expiry, and Requalification","Certify exact bundles only for measured pass intent, target, checkpoint, stack, character count, mask tier, resolution, workflow, runtime, and hardware buckets.","Certificates include sample floors, confidence, hard-gate results, validity window, exclusions, fallback, and revocation links; there is no universal best-model certificate.","Hash-bound schema, registry, tests, runtime evidence, QA, and policy decision as applicable","Row059, Row063, Row165, Row172, Row209, Row211, Row224, Row230, Row233, Row234, Row235, ActivationGate=wave64_model_library_download_readiness_gate_v1",Static validators plus scoped runtime and multimodal QA,W64-MI-236 evidence and implementation package,Plan/00_PROJECT_CONTROL/WAVE64_AUTONOMOUS_MODEL_INTELLIGENCE_AND_SELECTION_MASTER_PLAN.md,Wave30 source snapshot; Wave64 Rows165-220,Plan,Deferred_Until_Complete_Download_Inventory_And_Main_Task_Acknowledgement,Yes_For_Policy_Calibration_And_Adjudication,No_Manual_Work_Required_For_Normal_Operation,Implement_Validate_Review_And_Record_Evidence,Hard_Gate_High_Assurance,Yes,"certificate boundary, expiry, and misuse tests",Yes,Yes,Yes_When_Explicitly_Routed,Yes_For_Media_And_UI,Applicable_To_Media_Qualification,Plan/Instructions/QA/Evidence/Wave64/Model_Intelligence/,WAVE64_AUTONOMOUS_MODEL_INTELLIGENCE_AND_SELECTION_MASTER_PLAN.md,C:\Comfy_UI_Main\Plan\00_PROJECT_CONTROL\WAVE64_AUTONOMOUS_MODEL_INTELLIGENCE_AND_SELECTION_MASTER_PLAN.md,Row236,527,533,"Capability-Bucket Certificate, Expiry, and Requalification",wave64_autonomous_model_intelligence_rows221_260,Additive_Model_Intelligence_Plan,W64-MI-236,Typed_Blocker_No_Silent_Substitution,Material_Hypothesis_Or_Transient_No_Output_Replay,Deferred_Pending_Model_Library_Activation_Gate,"Do not infer model or LLM qualification from planning validation. No model-library execution is authorized until the complete-download, inventory-verification, and main-task acknowledgement gate passes.",W64-MI-TRK-236,Plan/00_PROJECT_CONTROL/WAVE64_AUTONOMOUS_MODEL_INTELLIGENCE_AND_SELECTION_MASTER_PLAN.md,Full_Planning_Coverage,Static_Validated_Runtime_Deferred_By_Activation_Gate,Yes
W64-MI-TRK-237,Wave64,MI-04,W64-MI-SELECT,P0,CRITICAL,Autonomous_Model_Intelligence_Control_Plane,Local_Then_Certified_Target_Runtime,Deferred_Pending_Complete_Model_Library_Download_Inventory_Verification_And_Main_Task_Acknowledgement,Canonical Model Selection Context Envelope,"Compile character revisions, scene/shot/take, pass objective, defect, target/protected scope, modality, references, controls, masks, quality, runtime, cost, risk, and downstream needs.","Equivalent requests canonicalize identically while materially different targets, owners, engines, stacks, or constraints remain separate evidence buckets.","Hash-bound schema, registry, tests, runtime evidence, QA, and policy decision as applicable","Row153, Row154, Row155, Row161, Row162, Row165, Row168, Row173, Row189, Row193, Row225, Row226, ActivationGate=wave64_model_library_download_readiness_gate_v1",Static validators plus scoped runtime and multimodal QA,W64-MI-237 evidence and implementation package,Plan/00_PROJECT_CONTROL/WAVE64_AUTONOMOUS_MODEL_INTELLIGENCE_AND_SELECTION_MASTER_PLAN.md,Wave30 source snapshot; Wave64 Rows165-220,Plan,Deferred_Until_Complete_Download_Inventory_And_Main_Task_Acknowledgement,Yes_For_Policy_Calibration_And_Adjudication,No_Manual_Work_Required_For_Normal_Operation,Implement_Validate_Review_And_Record_Evidence,Hard_Gate_High_Assurance,Yes,context canonicalization and collision tests,Yes,Yes,Yes_When_Explicitly_Routed,Yes_For_Media_And_UI,Applicable_To_Media_Qualification,Plan/Instructions/QA/Evidence/Wave64/Model_Intelligence/,WAVE64_AUTONOMOUS_MODEL_INTELLIGENCE_AND_SELECTION_MASTER_PLAN.md,C:\Comfy_UI_Main\Plan\00_PROJECT_CONTROL\WAVE64_AUTONOMOUS_MODEL_INTELLIGENCE_AND_SELECTION_MASTER_PLAN.md,Row237,535,541,Canonical Model Selection Context Envelope,wave64_autonomous_model_intelligence_rows221_260,Additive_Model_Intelligence_Plan,W64-MI-237,Typed_Blocker_No_Silent_Substitution,Material_Hypothesis_Or_Transient_No_Output_Replay,Deferred_Pending_Model_Library_Activation_Gate,"Do not infer model or LLM qualification from planning validation. No model-library execution is authorized until the complete-download, inventory-verification, and main-task acknowledgement gate passes.",W64-MI-TRK-237,Plan/00_PROJECT_CONTROL/WAVE64_AUTONOMOUS_MODEL_INTELLIGENCE_AND_SELECTION_MASTER_PLAN.md,Full_Planning_Coverage,Static_Validated_Runtime_Deferred_By_Activation_Gate,Yes
W64-MI-TRK-238,Wave64,MI-04,W64-MI-SELECT,P0,CRITICAL,Autonomous_Model_Intelligence_Control_Plane,Local_Then_Certified_Target_Runtime,Deferred_Pending_Complete_Model_Library_Download_Inventory_Verification_And_Main_Task_Acknowledgement,Hard Eligibility Solver and Scalable Candidate Retrieval,"Apply lifecycle, availability, engine, bundle, certificate, mask, control, character, resource, evidence-freshness, and prohibited-combination filters before ranking.",The solver can search thousands of assets without scoring ineligible entries and returns complete typed exclusion evidence.,"Hash-bound schema, registry, tests, runtime evidence, QA, and policy decision as applicable","Row165, Row166, Row168, Row228, Row229, Row230, Row231, Row232, Row236, Row237, ActivationGate=wave64_model_library_download_readiness_gate_v1",Static validators plus scoped runtime and multimodal QA,W64-MI-238 evidence and implementation package,Plan/00_PROJECT_CONTROL/WAVE64_AUTONOMOUS_MODEL_INTELLIGENCE_AND_SELECTION_MASTER_PLAN.md,Wave30 source snapshot; Wave64 Rows165-220,Plan,Deferred_Until_Complete_Download_Inventory_And_Main_Task_Acknowledgement,Yes_For_Policy_Calibration_And_Adjudication,No_Manual_Work_Required_For_Normal_Operation,Implement_Validate_Review_And_Record_Evidence,Hard_Gate_High_Assurance,Yes,large-registry latency and zero-incompatible-selection tests,Yes,Yes,Yes_When_Explicitly_Routed,Yes_For_Media_And_UI,Applicable_To_Media_Qualification,Plan/Instructions/QA/Evidence/Wave64/Model_Intelligence/,WAVE64_AUTONOMOUS_MODEL_INTELLIGENCE_AND_SELECTION_MASTER_PLAN.md,C:\Comfy_UI_Main\Plan\00_PROJECT_CONTROL\WAVE64_AUTONOMOUS_MODEL_INTELLIGENCE_AND_SELECTION_MASTER_PLAN.md,Row238,543,549,Hard Eligibility Solver and Scalable Candidate Retrieval,wave64_autonomous_model_intelligence_rows221_260,Additive_Model_Intelligence_Plan,W64-MI-238,Typed_Blocker_No_Silent_Substitution,Material_Hypothesis_Or_Transient_No_Output_Replay,Deferred_Pending_Model_Library_Activation_Gate,"Do not infer model or LLM qualification from planning validation. No model-library execution is authorized until the complete-download, inventory-verification, and main-task acknowledgement gate passes.",W64-MI-TRK-238,Plan/00_PROJECT_CONTROL/WAVE64_AUTONOMOUS_MODEL_INTELLIGENCE_AND_SELECTION_MASTER_PLAN.md,Full_Planning_Coverage,Static_Validated_Runtime_Deferred_By_Activation_Gate,Yes
W64-MI-TRK-239,Wave64,MI-04,W64-MI-SELECT,P0,CRITICAL,Autonomous_Model_Intelligence_Control_Plane,Local_Then_Certified_Target_Runtime,Deferred_Pending_Complete_Model_Library_Download_Inventory_Verification_And_Main_Task_Acknowledgement,Conservative Contextual Evidence Ranker and Pareto Frontier,"Rank eligible bundles with quality lower-confidence bounds, risk upper-confidence bounds, preservation, failures, resource cost, bridge cost, cache affinity, evidence freshness, and policy weights.","Scores are replayable, calibrated, versioned, uncertainty-aware, and scoped; metadata priors cannot outrank measured production evidence.","Hash-bound schema, registry, tests, runtime evidence, QA, and policy decision as applicable","Row063, Row167, Row168, Row208, Row209, Row211, Row225, Row228, Row236, Row237, Row238, ActivationGate=wave64_model_library_download_readiness_gate_v1",Static validators plus scoped runtime and multimodal QA,W64-MI-239 evidence and implementation package,Plan/00_PROJECT_CONTROL/WAVE64_AUTONOMOUS_MODEL_INTELLIGENCE_AND_SELECTION_MASTER_PLAN.md,Wave30 source snapshot; Wave64 Rows165-220,Plan,Deferred_Until_Complete_Download_Inventory_And_Main_Task_Acknowledgement,Yes_For_Policy_Calibration_And_Adjudication,No_Manual_Work_Required_For_Normal_Operation,Implement_Validate_Review_And_Record_Evidence,Hard_Gate_High_Assurance,Yes,"offline replay, calibration, ranking-regret, and explanation tests",Yes,Yes,Yes_When_Explicitly_Routed,Yes_For_Media_And_UI,Applicable_To_Media_Qualification,Plan/Instructions/QA/Evidence/Wave64/Model_Intelligence/,WAVE64_AUTONOMOUS_MODEL_INTELLIGENCE_AND_SELECTION_MASTER_PLAN.md,C:\Comfy_UI_Main\Plan\00_PROJECT_CONTROL\WAVE64_AUTONOMOUS_MODEL_INTELLIGENCE_AND_SELECTION_MASTER_PLAN.md,Row239,551,557,Conservative Contextual Evidence Ranker and Pareto Frontier,wave64_autonomous_model_intelligence_rows221_260,Additive_Model_Intelligence_Plan,W64-MI-239,Typed_Blocker_No_Silent_Substitution,Material_Hypothesis_Or_Transient_No_Output_Replay,Deferred_Pending_Model_Library_Activation_Gate,"Do not infer model or LLM qualification from planning validation. No model-library execution is authorized until the complete-download, inventory-verification, and main-task acknowledgement gate passes.",W64-MI-TRK-239,Plan/00_PROJECT_CONTROL/WAVE64_AUTONOMOUS_MODEL_INTELLIGENCE_AND_SELECTION_MASTER_PLAN.md,Full_Planning_Coverage,Static_Validated_Runtime_Deferred_By_Activation_Gate,Yes
W64-MI-TRK-240,Wave64,MI-04,W64-MI-SELECT,P0,CRITICAL,Autonomous_Model_Intelligence_Control_Plane,Local_Then_Certified_Target_Runtime,Deferred_Pending_Complete_Model_Library_Download_Inventory_Verification_And_Main_Task_Acknowledgement,"Exploration, Candidate Branch, Abstention, and Fallback Policy","Use bounded offline or shadow exploration for uncertain candidates, allow certified production champions for required passes, and emit abstention or explicit fallback when evidence is insufficient.","Exploration never mutates an accepted parent or silently promotes a cold-start model; every candidate branch has budget, stop, QA, and learning eligibility.","Hash-bound schema, registry, tests, runtime evidence, QA, and policy decision as applicable","Row049, Row063, Row168, Row175, Row199, Row203, Row224, Row233, Row236, Row238, Row239, ActivationGate=wave64_model_library_download_readiness_gate_v1",Static validators plus scoped runtime and multimodal QA,W64-MI-240 evidence and implementation package,Plan/00_PROJECT_CONTROL/WAVE64_AUTONOMOUS_MODEL_INTELLIGENCE_AND_SELECTION_MASTER_PLAN.md,Wave30 source snapshot; Wave64 Rows165-220,Plan,Deferred_Until_Complete_Download_Inventory_And_Main_Task_Acknowledgement,Yes_For_Policy_Calibration_And_Adjudication,No_Manual_Work_Required_For_Normal_Operation,Implement_Validate_Review_And_Record_Evidence,Hard_Gate_High_Assurance,Yes,"cold-start, uncertainty, budget, fallback, and abstention tests",Yes,Yes,Yes_When_Explicitly_Routed,Yes_For_Media_And_UI,Applicable_To_Media_Qualification,Plan/Instructions/QA/Evidence/Wave64/Model_Intelligence/,WAVE64_AUTONOMOUS_MODEL_INTELLIGENCE_AND_SELECTION_MASTER_PLAN.md,C:\Comfy_UI_Main\Plan\00_PROJECT_CONTROL\WAVE64_AUTONOMOUS_MODEL_INTELLIGENCE_AND_SELECTION_MASTER_PLAN.md,Row240,559,565,"Exploration, Candidate Branch, Abstention, and Fallback Policy",wave64_autonomous_model_intelligence_rows221_260,Additive_Model_Intelligence_Plan,W64-MI-240,Typed_Blocker_No_Silent_Substitution,Material_Hypothesis_Or_Transient_No_Output_Replay,Deferred_Pending_Model_Library_Activation_Gate,"Do not infer model or LLM qualification from planning validation. No model-library execution is authorized until the complete-download, inventory-verification, and main-task acknowledgement gate passes.",W64-MI-TRK-240,Plan/00_PROJECT_CONTROL/WAVE64_AUTONOMOUS_MODEL_INTELLIGENCE_AND_SELECTION_MASTER_PLAN.md,Full_Planning_Coverage,Static_Validated_Runtime_Deferred_By_Activation_Gate,Yes
W64-MI-TRK-241,Wave64,MI-05,W64-MI-OBS,P0,CRITICAL,Autonomous_Model_Intelligence_Control_Plane,Local_Then_Certified_Target_Runtime,Deferred_Pending_Complete_Model_Library_Download_Inventory_Verification_And_Main_Task_Acknowledgement,Per-Use Model and Bundle Observation Record,"Record why a bundle was selected, exact context, parents, prompts, controls, outputs, telemetry, deterministic metrics, critic observations, defects, repair outcome, and final decision.","Every execution produces an attributable report even when rejected, blocked, cancelled, or excluded from learning.","Hash-bound schema, registry, tests, runtime evidence, QA, and policy decision as applicable","Row043, Row051, Row054, Row156, Row167, Row184, Row188, Row192, Row196, Row198, Row209, Row230, Row237, Row239, ActivationGate=wave64_model_library_download_readiness_gate_v1",Static validators plus scoped runtime and multimodal QA,W64-MI-241 evidence and implementation package,Plan/00_PROJECT_CONTROL/WAVE64_AUTONOMOUS_MODEL_INTELLIGENCE_AND_SELECTION_MASTER_PLAN.md,Wave30 source snapshot; Wave64 Rows165-220,Plan,Deferred_Until_Complete_Download_Inventory_And_Main_Task_Acknowledgement,Yes_For_Policy_Calibration_And_Adjudication,No_Manual_Work_Required_For_Normal_Operation,Implement_Validate_Review_And_Record_Evidence,Hard_Gate_High_Assurance,Yes,run-to-observation lineage tests,Yes,Yes,Yes_When_Explicitly_Routed,Yes_For_Media_And_UI,Applicable_To_Media_Qualification,Plan/Instructions/QA/Evidence/Wave64/Model_Intelligence/,WAVE64_AUTONOMOUS_MODEL_INTELLIGENCE_AND_SELECTION_MASTER_PLAN.md,C:\Comfy_UI_Main\Plan\00_PROJECT_CONTROL\WAVE64_AUTONOMOUS_MODEL_INTELLIGENCE_AND_SELECTION_MASTER_PLAN.md,Row241,567,573,Per-Use Model and Bundle Observation Record,wave64_autonomous_model_intelligence_rows221_260,Additive_Model_Intelligence_Plan,W64-MI-241,Typed_Blocker_No_Silent_Substitution,Material_Hypothesis_Or_Transient_No_Output_Replay,Deferred_Pending_Model_Library_Activation_Gate,"Do not infer model or LLM qualification from planning validation. No model-library execution is authorized until the complete-download, inventory-verification, and main-task acknowledgement gate passes.",W64-MI-TRK-241,Plan/00_PROJECT_CONTROL/WAVE64_AUTONOMOUS_MODEL_INTELLIGENCE_AND_SELECTION_MASTER_PLAN.md,Full_Planning_Coverage,Static_Validated_Runtime_Deferred_By_Activation_Gate,Yes
W64-MI-TRK-242,Wave64,MI-05,W64-MI-OBS,P0,CRITICAL,Autonomous_Model_Intelligence_Control_Plane,Local_Then_Certified_Target_Runtime,Deferred_Pending_Complete_Model_Library_Download_Inventory_Verification_And_Main_Task_Acknowledgement,Contextual Model Performance Profile and Living Report Card,"Aggregate eligible observations by exact capability bucket with sample counts, confidence intervals, response envelopes, success/failure modes, drift risks, recommended uses, and exclusions.","Reports distinguish metadata priors, qualification trials, production observations, reviewer opinions, and certified facts and preserve all source evidence.","Hash-bound schema, registry, tests, runtime evidence, QA, and policy decision as applicable","Row054, Row063, Row209, Row211, Row225, Row227, Row233, Row236, Row241, ActivationGate=wave64_model_library_download_readiness_gate_v1",Static validators plus scoped runtime and multimodal QA,W64-MI-242 evidence and implementation package,Plan/00_PROJECT_CONTROL/WAVE64_AUTONOMOUS_MODEL_INTELLIGENCE_AND_SELECTION_MASTER_PLAN.md,Wave30 source snapshot; Wave64 Rows165-220,Plan,Deferred_Until_Complete_Download_Inventory_And_Main_Task_Acknowledgement,Yes_For_Policy_Calibration_And_Adjudication,No_Manual_Work_Required_For_Normal_Operation,Implement_Validate_Review_And_Record_Evidence,Hard_Gate_High_Assurance,Yes,"aggregation, confidence, provenance, and sparse-bucket tests",Yes,Yes,Yes_When_Explicitly_Routed,Yes_For_Media_And_UI,Applicable_To_Media_Qualification,Plan/Instructions/QA/Evidence/Wave64/Model_Intelligence/,WAVE64_AUTONOMOUS_MODEL_INTELLIGENCE_AND_SELECTION_MASTER_PLAN.md,C:\Comfy_UI_Main\Plan\00_PROJECT_CONTROL\WAVE64_AUTONOMOUS_MODEL_INTELLIGENCE_AND_SELECTION_MASTER_PLAN.md,Row242,575,581,Contextual Model Performance Profile and Living Report Card,wave64_autonomous_model_intelligence_rows221_260,Additive_Model_Intelligence_Plan,W64-MI-242,Typed_Blocker_No_Silent_Substitution,Material_Hypothesis_Or_Transient_No_Output_Replay,Deferred_Pending_Model_Library_Activation_Gate,"Do not infer model or LLM qualification from planning validation. No model-library execution is authorized until the complete-download, inventory-verification, and main-task acknowledgement gate passes.",W64-MI-TRK-242,Plan/00_PROJECT_CONTROL/WAVE64_AUTONOMOUS_MODEL_INTELLIGENCE_AND_SELECTION_MASTER_PLAN.md,Full_Planning_Coverage,Static_Validated_Runtime_Deferred_By_Activation_Gate,Yes
W64-MI-TRK-243,Wave64,MI-05,W64-MI-OBS,P0,CRITICAL,Autonomous_Model_Intelligence_Control_Plane,Local_Then_Certified_Target_Runtime,Deferred_Pending_Complete_Model_Library_Download_Inventory_Verification_And_Main_Task_Acknowledgement,Append-Only Evidence Recalculation and Continual Learning Job,Recalculate profiles and ranking features from eligible immutable observations through versioned batch jobs rather than mutable online self-training.,"A production run cannot directly rewrite its own score; updates are reproducible, leakage-checked, reversible, and separated from holdout evaluation.","Hash-bound schema, registry, tests, runtime evidence, QA, and policy decision as applicable","Row043, Row048, Row051, Row062, Row198, Row202, Row207, Row211, Row224, Row239, Row241, Row242, ActivationGate=wave64_model_library_download_readiness_gate_v1",Static validators plus scoped runtime and multimodal QA,W64-MI-243 evidence and implementation package,Plan/00_PROJECT_CONTROL/WAVE64_AUTONOMOUS_MODEL_INTELLIGENCE_AND_SELECTION_MASTER_PLAN.md,Wave30 source snapshot; Wave64 Rows165-220,Plan,Deferred_Until_Complete_Download_Inventory_And_Main_Task_Acknowledgement,Yes_For_Policy_Calibration_And_Adjudication,No_Manual_Work_Required_For_Normal_Operation,Implement_Validate_Review_And_Record_Evidence,Hard_Gate_High_Assurance,Yes,"rebuild, idempotency, holdout leakage, and rollback tests",Yes,Yes,Yes_When_Explicitly_Routed,Yes_For_Media_And_UI,Applicable_To_Media_Qualification,Plan/Instructions/QA/Evidence/Wave64/Model_Intelligence/,WAVE64_AUTONOMOUS_MODEL_INTELLIGENCE_AND_SELECTION_MASTER_PLAN.md,C:\Comfy_UI_Main\Plan\00_PROJECT_CONTROL\WAVE64_AUTONOMOUS_MODEL_INTELLIGENCE_AND_SELECTION_MASTER_PLAN.md,Row243,583,589,Append-Only Evidence Recalculation and Continual Learning Job,wave64_autonomous_model_intelligence_rows221_260,Additive_Model_Intelligence_Plan,W64-MI-243,Typed_Blocker_No_Silent_Substitution,Material_Hypothesis_Or_Transient_No_Output_Replay,Deferred_Pending_Model_Library_Activation_Gate,"Do not infer model or LLM qualification from planning validation. No model-library execution is authorized until the complete-download, inventory-verification, and main-task acknowledgement gate passes.",W64-MI-TRK-243,Plan/00_PROJECT_CONTROL/WAVE64_AUTONOMOUS_MODEL_INTELLIGENCE_AND_SELECTION_MASTER_PLAN.md,Full_Planning_Coverage,Static_Validated_Runtime_Deferred_By_Activation_Gate,Yes
W64-MI-TRK-244,Wave64,MI-05,W64-MI-OBS,P0,CRITICAL,Autonomous_Model_Intelligence_Control_Plane,Local_Then_Certified_Target_Runtime,Deferred_Pending_Complete_Model_Library_Download_Inventory_Verification_And_Main_Task_Acknowledgement,"Behavior Drift, Regression, Suspension, Revocation, and Rollback","Detect model, workflow, runtime, dependency, prompt-template, data, reviewer, and workload drift and bind affected certificates, routes, cached results, and fallbacks.",Critical drift suspends new selection immediately; requalification or rollback restores authority without rewriting prior decisions.,"Hash-bound schema, registry, tests, runtime evidence, QA, and policy decision as applicable","Row047, Row048, Row049, Row054, Row059, Row063, Row152, Row200, Row207, Row208, Row212, Row224, Row236, Row242, Row243, ActivationGate=wave64_model_library_download_readiness_gate_v1",Static validators plus scoped runtime and multimodal QA,W64-MI-244 evidence and implementation package,Plan/00_PROJECT_CONTROL/WAVE64_AUTONOMOUS_MODEL_INTELLIGENCE_AND_SELECTION_MASTER_PLAN.md,Wave30 source snapshot; Wave64 Rows165-220,Plan,Deferred_Until_Complete_Download_Inventory_And_Main_Task_Acknowledgement,Yes_For_Policy_Calibration_And_Adjudication,No_Manual_Work_Required_For_Normal_Operation,Implement_Validate_Review_And_Record_Evidence,Hard_Gate_High_Assurance,Yes,"drift injection, blast-radius, revocation, and rollback tests",Yes,Yes,Yes_When_Explicitly_Routed,Yes_For_Media_And_UI,Applicable_To_Media_Qualification,Plan/Instructions/QA/Evidence/Wave64/Model_Intelligence/,WAVE64_AUTONOMOUS_MODEL_INTELLIGENCE_AND_SELECTION_MASTER_PLAN.md,C:\Comfy_UI_Main\Plan\00_PROJECT_CONTROL\WAVE64_AUTONOMOUS_MODEL_INTELLIGENCE_AND_SELECTION_MASTER_PLAN.md,Row244,591,597,"Behavior Drift, Regression, Suspension, Revocation, and Rollback",wave64_autonomous_model_intelligence_rows221_260,Additive_Model_Intelligence_Plan,W64-MI-244,Typed_Blocker_No_Silent_Substitution,Material_Hypothesis_Or_Transient_No_Output_Replay,Deferred_Pending_Model_Library_Activation_Gate,"Do not infer model or LLM qualification from planning validation. No model-library execution is authorized until the complete-download, inventory-verification, and main-task acknowledgement gate passes.",W64-MI-TRK-244,Plan/00_PROJECT_CONTROL/WAVE64_AUTONOMOUS_MODEL_INTELLIGENCE_AND_SELECTION_MASTER_PLAN.md,Full_Planning_Coverage,Static_Validated_Runtime_Deferred_By_Activation_Gate,Yes
W64-MI-TRK-245,Wave64,MI-06,W64-MI-LLM,P0,CRITICAL,Autonomous_Model_Intelligence_Control_Plane,Local_Then_Certified_Target_Runtime,Deferred_Pending_Complete_Model_Library_Download_Inventory_Verification_And_Main_Task_Acknowledgement,"Autonomous Planner, Prompt, Router-Advisor, Reviewer, and Summarizer Role Contracts","Define bounded planner, prompt composer, retrieval analyst, router advisor, defect classifier, VLM critic, audio critic, report writer, and summarizer inputs and outputs.","Every role has exact authority, tools, context budget, schemas, escalation, and prohibited actions; no role promotes its own proposal or observation.","Hash-bound schema, registry, tests, runtime evidence, QA, and policy decision as applicable","Row150, Row197, Row201, Row203, Row224, Row228, Row237, Row241, ActivationGate=wave64_model_library_download_readiness_gate_v1",Static validators plus scoped runtime and multimodal QA,W64-MI-245 evidence and implementation package,Plan/00_PROJECT_CONTROL/WAVE64_AUTONOMOUS_MODEL_INTELLIGENCE_AND_SELECTION_MASTER_PLAN.md,Wave30 source snapshot; Wave64 Rows165-220,Plan,Deferred_Until_Complete_Download_Inventory_And_Main_Task_Acknowledgement,Yes_For_Policy_Calibration_And_Adjudication,No_Manual_Work_Required_For_Normal_Operation,Implement_Validate_Review_And_Record_Evidence,Hard_Gate_High_Assurance,Yes,role-routing and forbidden-authority tests,Yes,Yes,Yes_When_Explicitly_Routed,Yes_For_Media_And_UI,Applicable_To_Media_Qualification,Plan/Instructions/QA/Evidence/Wave64/Model_Intelligence/,WAVE64_AUTONOMOUS_MODEL_INTELLIGENCE_AND_SELECTION_MASTER_PLAN.md,C:\Comfy_UI_Main\Plan\00_PROJECT_CONTROL\WAVE64_AUTONOMOUS_MODEL_INTELLIGENCE_AND_SELECTION_MASTER_PLAN.md,Row245,599,605,"Autonomous Planner, Prompt, Router-Advisor, Reviewer, and Summarizer Role Contracts",wave64_autonomous_model_intelligence_rows221_260,Additive_Model_Intelligence_Plan,W64-MI-245,Typed_Blocker_No_Silent_Substitution,Material_Hypothesis_Or_Transient_No_Output_Replay,Deferred_Pending_Model_Library_Activation_Gate,"Do not infer model or LLM qualification from planning validation. No model-library execution is authorized until the complete-download, inventory-verification, and main-task acknowledgement gate passes.",W64-MI-TRK-245,Plan/00_PROJECT_CONTROL/WAVE64_AUTONOMOUS_MODEL_INTELLIGENCE_AND_SELECTION_MASTER_PLAN.md,Full_Planning_Coverage,Static_Validated_Runtime_Deferred_By_Activation_Gate,Yes
W64-MI-TRK-246,Wave64,MI-06,W64-MI-LLM,P0,CRITICAL,Autonomous_Model_Intelligence_Control_Plane,Local_Then_Certified_Target_Runtime,Deferred_Pending_Complete_Model_Library_Download_Inventory_Verification_And_Main_Task_Acknowledgement,"Registry-Grounded RAG, Evidence Bundle, and Context Memory Contract","Retrieve only versioned packages, model cards, certificates, benchmark results, failures, current run state, and policy records with citations, freshness, conflict, and compaction metadata.","The LLM sees a bounded evidence packet rather than the whole library; missing or conflicting evidence causes uncertainty, alternatives, or abstention rather than invention.","Hash-bound schema, registry, tests, runtime evidence, QA, and policy decision as applicable","Row051, Row054, Row198, Row202, Row203, Row207, Row225, Row228, Row242, Row245, ActivationGate=wave64_model_library_download_readiness_gate_v1",Static validators plus scoped runtime and multimodal QA,W64-MI-246 evidence and implementation package,Plan/00_PROJECT_CONTROL/WAVE64_AUTONOMOUS_MODEL_INTELLIGENCE_AND_SELECTION_MASTER_PLAN.md,Wave30 source snapshot; Wave64 Rows165-220,Plan,Deferred_Until_Complete_Download_Inventory_And_Main_Task_Acknowledgement,Yes_For_Policy_Calibration_And_Adjudication,No_Manual_Work_Required_For_Normal_Operation,Implement_Validate_Review_And_Record_Evidence,Hard_Gate_High_Assurance,Yes,"retrieval, injection, stale evidence, conflict, and context-limit tests",Yes,Yes,Yes_When_Explicitly_Routed,Yes_For_Media_And_UI,Applicable_To_Media_Qualification,Plan/Instructions/QA/Evidence/Wave64/Model_Intelligence/,WAVE64_AUTONOMOUS_MODEL_INTELLIGENCE_AND_SELECTION_MASTER_PLAN.md,C:\Comfy_UI_Main\Plan\00_PROJECT_CONTROL\WAVE64_AUTONOMOUS_MODEL_INTELLIGENCE_AND_SELECTION_MASTER_PLAN.md,Row246,607,613,"Registry-Grounded RAG, Evidence Bundle, and Context Memory Contract",wave64_autonomous_model_intelligence_rows221_260,Additive_Model_Intelligence_Plan,W64-MI-246,Typed_Blocker_No_Silent_Substitution,Material_Hypothesis_Or_Transient_No_Output_Replay,Deferred_Pending_Model_Library_Activation_Gate,"Do not infer model or LLM qualification from planning validation. No model-library execution is authorized until the complete-download, inventory-verification, and main-task acknowledgement gate passes.",W64-MI-TRK-246,Plan/00_PROJECT_CONTROL/WAVE64_AUTONOMOUS_MODEL_INTELLIGENCE_AND_SELECTION_MASTER_PLAN.md,Full_Planning_Coverage,Static_Validated_Runtime_Deferred_By_Activation_Gate,Yes
W64-MI-TRK-247,Wave64,MI-06,W64-MI-LLM,P0,CRITICAL,Autonomous_Model_Intelligence_Control_Plane,Local_Then_Certified_Target_Runtime,Deferred_Pending_Complete_Model_Library_Download_Inventory_Verification_And_Main_Task_Acknowledgement,"Schema-Constrained Proposal, Prompt Package, Tool Gateway, and Policy Decision","Require typed planner proposals, prompt packages, reviewer observations, tool actions, policy decisions, uncertainty, evidence IDs, alternatives, and denied-action records.","Invalid IDs, unsupported claims, arbitrary paths, unallowlisted workflows, credential access, registry mutation, and promotion attempts fail deterministically.","Hash-bound schema, registry, tests, runtime evidence, QA, and policy decision as applicable","Row035, Row048, Row049, Row051, Row062, Row197, Row201, Row202, Row203, Row224, Row245, Row246, ActivationGate=wave64_model_library_download_readiness_gate_v1",Static validators plus scoped runtime and multimodal QA,W64-MI-247 evidence and implementation package,Plan/00_PROJECT_CONTROL/WAVE64_AUTONOMOUS_MODEL_INTELLIGENCE_AND_SELECTION_MASTER_PLAN.md,Wave30 source snapshot; Wave64 Rows165-220,Plan,Deferred_Until_Complete_Download_Inventory_And_Main_Task_Acknowledgement,Yes_For_Policy_Calibration_And_Adjudication,No_Manual_Work_Required_For_Normal_Operation,Implement_Validate_Review_And_Record_Evidence,Hard_Gate_High_Assurance,Yes,"malformed output, hallucinated ID, path, injection, and authorization tests",Yes,Yes,Yes_When_Explicitly_Routed,Yes_For_Media_And_UI,Applicable_To_Media_Qualification,Plan/Instructions/QA/Evidence/Wave64/Model_Intelligence/,WAVE64_AUTONOMOUS_MODEL_INTELLIGENCE_AND_SELECTION_MASTER_PLAN.md,C:\Comfy_UI_Main\Plan\00_PROJECT_CONTROL\WAVE64_AUTONOMOUS_MODEL_INTELLIGENCE_AND_SELECTION_MASTER_PLAN.md,Row247,615,621,"Schema-Constrained Proposal, Prompt Package, Tool Gateway, and Policy Decision",wave64_autonomous_model_intelligence_rows221_260,Additive_Model_Intelligence_Plan,W64-MI-247,Typed_Blocker_No_Silent_Substitution,Material_Hypothesis_Or_Transient_No_Output_Replay,Deferred_Pending_Model_Library_Activation_Gate,"Do not infer model or LLM qualification from planning validation. No model-library execution is authorized until the complete-download, inventory-verification, and main-task acknowledgement gate passes.",W64-MI-TRK-247,Plan/00_PROJECT_CONTROL/WAVE64_AUTONOMOUS_MODEL_INTELLIGENCE_AND_SELECTION_MASTER_PLAN.md,Full_Planning_Coverage,Static_Validated_Runtime_Deferred_By_Activation_Gate,Yes
W64-MI-TRK-248,Wave64,MI-06,W64-MI-LLM,P0,CRITICAL,Autonomous_Model_Intelligence_Control_Plane,Local_Then_Certified_Target_Runtime,Deferred_Pending_Complete_Model_Library_Download_Inventory_Verification_And_Main_Task_Acknowledgement,"Exact Self-Hosted Role Stack, Benchmark, Shadow, and Activation Control","Register model, revision, runtime, quantization, chat template, parser, context, batching, hardware, fallback, and role-specific benchmark certificates.","Only a role-qualified exact stack activates; planner and reviewer changes run in shadow, preserve prior decisions, and cannot silently change route or promotion behavior.","Hash-bound schema, registry, tests, runtime evidence, QA, and policy decision as applicable","Row044, Row054, Row063, Row201, Row202, Row203, Row204, Row205, Row208, Row210, Row211, Row245, Row246, Row247, ActivationGate=wave64_model_library_download_readiness_gate_v1",Static validators plus scoped runtime and multimodal QA,W64-MI-248 evidence and implementation package,Plan/00_PROJECT_CONTROL/WAVE64_AUTONOMOUS_MODEL_INTELLIGENCE_AND_SELECTION_MASTER_PLAN.md,Wave30 source snapshot; Wave64 Rows165-220,Plan,Deferred_Until_Complete_Download_Inventory_And_Main_Task_Acknowledgement,Yes_For_Policy_Calibration_And_Adjudication,No_Manual_Work_Required_For_Normal_Operation,Implement_Validate_Review_And_Record_Evidence,Hard_Gate_High_Assurance,Yes,"held-out role, load, failover, shadow, drift, and rollback proof",Yes,Yes,Yes_When_Explicitly_Routed,Yes_For_Media_And_UI,Applicable_To_Media_Qualification,Plan/Instructions/QA/Evidence/Wave64/Model_Intelligence/,WAVE64_AUTONOMOUS_MODEL_INTELLIGENCE_AND_SELECTION_MASTER_PLAN.md,C:\Comfy_UI_Main\Plan\00_PROJECT_CONTROL\WAVE64_AUTONOMOUS_MODEL_INTELLIGENCE_AND_SELECTION_MASTER_PLAN.md,Row248,623,629,"Exact Self-Hosted Role Stack, Benchmark, Shadow, and Activation Control",wave64_autonomous_model_intelligence_rows221_260,Additive_Model_Intelligence_Plan,W64-MI-248,Typed_Blocker_No_Silent_Substitution,Material_Hypothesis_Or_Transient_No_Output_Replay,Deferred_Pending_Model_Library_Activation_Gate,"Do not infer model or LLM qualification from planning validation. No model-library execution is authorized until the complete-download, inventory-verification, and main-task acknowledgement gate passes.",W64-MI-TRK-248,Plan/00_PROJECT_CONTROL/WAVE64_AUTONOMOUS_MODEL_INTELLIGENCE_AND_SELECTION_MASTER_PLAN.md,Full_Planning_Coverage,Static_Validated_Runtime_Deferred_By_Activation_Gate,Yes
W64-MI-TRK-249,Wave64,MI-07,W64-MI-QA,P0,CRITICAL,Autonomous_Model_Intelligence_Control_Plane,Local_Then_Certified_Target_Runtime,Deferred_Pending_Complete_Model_Library_Download_Inventory_Verification_And_Main_Task_Acknowledgement,"Deterministic, Perceptual, VLM, Audio-Critic, and Playback QA Ensemble","Evaluate technical validity, effect accuracy, target fidelity, identity, anatomy, preservation, mask leakage, temporal behavior, audio quality, sync, resource stability, and lineage.","Hard facts remain deterministic, critics emit scoped observations with uncertainty, and no single scalar or reviewer overrides a hard failure.","Hash-bound schema, registry, tests, runtime evidence, QA, and policy decision as applicable","Row016, Row017, Row018, Row021, Row030, Row032, Row033, Row034, Row060, Row103, Row106, Row131, Row141, Row209, Row211, Row233, Row234, Row241, Row245, ActivationGate=wave64_model_library_download_readiness_gate_v1",Static validators plus scoped runtime and multimodal QA,W64-MI-249 evidence and implementation package,Plan/00_PROJECT_CONTROL/WAVE64_AUTONOMOUS_MODEL_INTELLIGENCE_AND_SELECTION_MASTER_PLAN.md,Wave30 source snapshot; Wave64 Rows165-220,Plan,Deferred_Until_Complete_Download_Inventory_And_Main_Task_Acknowledgement,Yes_For_Policy_Calibration_And_Adjudication,No_Manual_Work_Required_For_Normal_Operation,Implement_Validate_Review_And_Record_Evidence,Hard_Gate_High_Assurance,Yes,"adjudicated image, video, audio, and AV panels",Yes,Yes,Yes_When_Explicitly_Routed,Yes_For_Media_And_UI,Applicable_To_Media_Qualification,Plan/Instructions/QA/Evidence/Wave64/Model_Intelligence/,WAVE64_AUTONOMOUS_MODEL_INTELLIGENCE_AND_SELECTION_MASTER_PLAN.md,C:\Comfy_UI_Main\Plan\00_PROJECT_CONTROL\WAVE64_AUTONOMOUS_MODEL_INTELLIGENCE_AND_SELECTION_MASTER_PLAN.md,Row249,631,637,"Deterministic, Perceptual, VLM, Audio-Critic, and Playback QA Ensemble",wave64_autonomous_model_intelligence_rows221_260,Additive_Model_Intelligence_Plan,W64-MI-249,Typed_Blocker_No_Silent_Substitution,Material_Hypothesis_Or_Transient_No_Output_Replay,Deferred_Pending_Model_Library_Activation_Gate,"Do not infer model or LLM qualification from planning validation. No model-library execution is authorized until the complete-download, inventory-verification, and main-task acknowledgement gate passes.",W64-MI-TRK-249,Plan/00_PROJECT_CONTROL/WAVE64_AUTONOMOUS_MODEL_INTELLIGENCE_AND_SELECTION_MASTER_PLAN.md,Full_Planning_Coverage,Static_Validated_Runtime_Deferred_By_Activation_Gate,Yes
W64-MI-TRK-250,Wave64,MI-07,W64-MI-QA,P0,CRITICAL,Autonomous_Model_Intelligence_Control_Plane,Local_Then_Certified_Target_Runtime,Deferred_Pending_Complete_Model_Library_Download_Inventory_Verification_And_Main_Task_Acknowledgement,"Baseline, Counterfactual, Ablation, and Stack Attribution Protocol","Compare no-adapter baselines, matched seeds, component ablations, alternative bundles, strength curves, and protected outputs to isolate actual model contribution.","A model receives credit or blame only where the experiment can attribute the change; checkpoint, prompt, seed, mask, and stack confounding are recorded.","Hash-bound schema, registry, tests, runtime evidence, QA, and policy decision as applicable","Row063, Row167, Row172, Row176, Row209, Row211, Row231, Row233, Row234, Row235, Row241, Row249, ActivationGate=wave64_model_library_download_readiness_gate_v1",Static validators plus scoped runtime and multimodal QA,W64-MI-250 evidence and implementation package,Plan/00_PROJECT_CONTROL/WAVE64_AUTONOMOUS_MODEL_INTELLIGENCE_AND_SELECTION_MASTER_PLAN.md,Wave30 source snapshot; Wave64 Rows165-220,Plan,Deferred_Until_Complete_Download_Inventory_And_Main_Task_Acknowledgement,Yes_For_Policy_Calibration_And_Adjudication,No_Manual_Work_Required_For_Normal_Operation,Implement_Validate_Review_And_Record_Evidence,Hard_Gate_High_Assurance,Yes,"paired comparison, ablation, and confound tests",Yes,Yes,Yes_When_Explicitly_Routed,Yes_For_Media_And_UI,Applicable_To_Media_Qualification,Plan/Instructions/QA/Evidence/Wave64/Model_Intelligence/,WAVE64_AUTONOMOUS_MODEL_INTELLIGENCE_AND_SELECTION_MASTER_PLAN.md,C:\Comfy_UI_Main\Plan\00_PROJECT_CONTROL\WAVE64_AUTONOMOUS_MODEL_INTELLIGENCE_AND_SELECTION_MASTER_PLAN.md,Row250,639,645,"Baseline, Counterfactual, Ablation, and Stack Attribution Protocol",wave64_autonomous_model_intelligence_rows221_260,Additive_Model_Intelligence_Plan,W64-MI-250,Typed_Blocker_No_Silent_Substitution,Material_Hypothesis_Or_Transient_No_Output_Replay,Deferred_Pending_Model_Library_Activation_Gate,"Do not infer model or LLM qualification from planning validation. No model-library execution is authorized until the complete-download, inventory-verification, and main-task acknowledgement gate passes.",W64-MI-TRK-250,Plan/00_PROJECT_CONTROL/WAVE64_AUTONOMOUS_MODEL_INTELLIGENCE_AND_SELECTION_MASTER_PLAN.md,Full_Planning_Coverage,Static_Validated_Runtime_Deferred_By_Activation_Gate,Yes
W64-MI-TRK-251,Wave64,MI-07,W64-MI-QA,P0,CRITICAL,Autonomous_Model_Intelligence_Control_Plane,Local_Then_Certified_Target_Runtime,Deferred_Pending_Complete_Model_Library_Download_Inventory_Verification_And_Main_Task_Acknowledgement,"Critic Calibration, Disagreement, Bias, and Adjudication Control","Measure false accept/reject rates, region and modality coverage, reviewer-version effects, uncertainty calibration, disagreement, and escalation against held-out adjudicated cases.",Reviewer observations remain candidate evidence until calibration and policy authorize their exact use; disagreement is retained rather than averaged away.,"Hash-bound schema, registry, tests, runtime evidence, QA, and policy decision as applicable","Row060, Row063, Row203, Row204, Row209, Row210, Row211, Row245, Row248, Row249, ActivationGate=wave64_model_library_download_readiness_gate_v1",Static validators plus scoped runtime and multimodal QA,W64-MI-251 evidence and implementation package,Plan/00_PROJECT_CONTROL/WAVE64_AUTONOMOUS_MODEL_INTELLIGENCE_AND_SELECTION_MASTER_PLAN.md,Wave30 source snapshot; Wave64 Rows165-220,Plan,Deferred_Until_Complete_Download_Inventory_And_Main_Task_Acknowledgement,Yes_For_Policy_Calibration_And_Adjudication,No_Manual_Work_Required_For_Normal_Operation,Implement_Validate_Review_And_Record_Evidence,Hard_Gate_High_Assurance,Yes,blinded held-out calibration and disagreement tests,Yes,Yes,Yes_When_Explicitly_Routed,Yes_For_Media_And_UI,Applicable_To_Media_Qualification,Plan/Instructions/QA/Evidence/Wave64/Model_Intelligence/,WAVE64_AUTONOMOUS_MODEL_INTELLIGENCE_AND_SELECTION_MASTER_PLAN.md,C:\Comfy_UI_Main\Plan\00_PROJECT_CONTROL\WAVE64_AUTONOMOUS_MODEL_INTELLIGENCE_AND_SELECTION_MASTER_PLAN.md,Row251,647,653,"Critic Calibration, Disagreement, Bias, and Adjudication Control",wave64_autonomous_model_intelligence_rows221_260,Additive_Model_Intelligence_Plan,W64-MI-251,Typed_Blocker_No_Silent_Substitution,Material_Hypothesis_Or_Transient_No_Output_Replay,Deferred_Pending_Model_Library_Activation_Gate,"Do not infer model or LLM qualification from planning validation. No model-library execution is authorized until the complete-download, inventory-verification, and main-task acknowledgement gate passes.",W64-MI-TRK-251,Plan/00_PROJECT_CONTROL/WAVE64_AUTONOMOUS_MODEL_INTELLIGENCE_AND_SELECTION_MASTER_PLAN.md,Full_Planning_Coverage,Static_Validated_Runtime_Deferred_By_Activation_Gate,Yes
W64-MI-TRK-252,Wave64,MI-07,W64-MI-QA,P0,CRITICAL,Autonomous_Model_Intelligence_Control_Plane,Local_Then_Certified_Target_Runtime,Deferred_Pending_Complete_Model_Library_Download_Inventory_Verification_And_Main_Task_Acknowledgement,"Selection Decision Audit, Model Report, and Promotion Gate","Package candidate exclusions, rank features, uncertainty, selected bundle, execution, QA, comparison, observation, performance delta, certificate, and policy outcome.","Every future run can explain why a model was selected, how it behaved, what changed in its report, and whether the evidence may affect future selection.","Hash-bound schema, registry, tests, runtime evidence, QA, and policy decision as applicable","Row035, Row043, Row051, Row054, Row059, Row063, Row150, Row156, Row167, Row168, Row198, Row209, Row211, Row236, Row239, Row241, Row242, Row249, Row250, Row251, ActivationGate=wave64_model_library_download_readiness_gate_v1",Static validators plus scoped runtime and multimodal QA,W64-MI-252 evidence and implementation package,Plan/00_PROJECT_CONTROL/WAVE64_AUTONOMOUS_MODEL_INTELLIGENCE_AND_SELECTION_MASTER_PLAN.md,Wave30 source snapshot; Wave64 Rows165-220,Plan,Deferred_Until_Complete_Download_Inventory_And_Main_Task_Acknowledgement,Yes_For_Policy_Calibration_And_Adjudication,No_Manual_Work_Required_For_Normal_Operation,Implement_Validate_Review_And_Record_Evidence,Hard_Gate_High_Assurance,Yes,complete decision-packet replay and audit,Yes,Yes,Yes_When_Explicitly_Routed,Yes_For_Media_And_UI,Applicable_To_Media_Qualification,Plan/Instructions/QA/Evidence/Wave64/Model_Intelligence/,WAVE64_AUTONOMOUS_MODEL_INTELLIGENCE_AND_SELECTION_MASTER_PLAN.md,C:\Comfy_UI_Main\Plan\00_PROJECT_CONTROL\WAVE64_AUTONOMOUS_MODEL_INTELLIGENCE_AND_SELECTION_MASTER_PLAN.md,Row252,655,661,"Selection Decision Audit, Model Report, and Promotion Gate",wave64_autonomous_model_intelligence_rows221_260,Additive_Model_Intelligence_Plan,W64-MI-252,Typed_Blocker_No_Silent_Substitution,Material_Hypothesis_Or_Transient_No_Output_Replay,Deferred_Pending_Model_Library_Activation_Gate,"Do not infer model or LLM qualification from planning validation. No model-library execution is authorized until the complete-download, inventory-verification, and main-task acknowledgement gate passes.",W64-MI-TRK-252,Plan/00_PROJECT_CONTROL/WAVE64_AUTONOMOUS_MODEL_INTELLIGENCE_AND_SELECTION_MASTER_PLAN.md,Full_Planning_Coverage,Static_Validated_Runtime_Deferred_By_Activation_Gate,Yes
W64-MI-TRK-253,Wave64,MI-08,W64-MI-OPS,P0,CRITICAL,Autonomous_Model_Intelligence_Control_Plane,Local_Then_Certified_Target_Runtime,Deferred_Pending_Complete_Model_Library_Download_Inventory_Verification_And_Main_Task_Acknowledgement,"Event Store, Evidence Store, Feature Store, and Projection Boundaries","Persist source records, lifecycle events, bundles, trials, observations, certificates, reports, ranking features, decisions, and audit projections with immutable IDs and snapshots.","State reconstructs from append-only events, feature values resolve to evidence, and no mutable cache becomes authority.","Hash-bound schema, registry, tests, runtime evidence, QA, and policy decision as applicable","Row043, Row051, Row062, Row198, Row200, Row202, Row207, Row221, Row224, Row228, Row241, Row242, Row243, Row252, ActivationGate=wave64_model_library_download_readiness_gate_v1",Static validators plus scoped runtime and multimodal QA,W64-MI-253 evidence and implementation package,Plan/00_PROJECT_CONTROL/WAVE64_AUTONOMOUS_MODEL_INTELLIGENCE_AND_SELECTION_MASTER_PLAN.md,Wave30 source snapshot; Wave64 Rows165-220,Plan,Deferred_Until_Complete_Download_Inventory_And_Main_Task_Acknowledgement,Yes_For_Policy_Calibration_And_Adjudication,No_Manual_Work_Required_For_Normal_Operation,Implement_Validate_Review_And_Record_Evidence,Hard_Gate_High_Assurance,Yes,"empty-projection rebuild, hash, idempotency, and corruption tests",Yes,Yes,Yes_When_Explicitly_Routed,Yes_For_Media_And_UI,Applicable_To_Media_Qualification,Plan/Instructions/QA/Evidence/Wave64/Model_Intelligence/,WAVE64_AUTONOMOUS_MODEL_INTELLIGENCE_AND_SELECTION_MASTER_PLAN.md,C:\Comfy_UI_Main\Plan\00_PROJECT_CONTROL\WAVE64_AUTONOMOUS_MODEL_INTELLIGENCE_AND_SELECTION_MASTER_PLAN.md,Row253,663,669,"Event Store, Evidence Store, Feature Store, and Projection Boundaries",wave64_autonomous_model_intelligence_rows221_260,Additive_Model_Intelligence_Plan,W64-MI-253,Typed_Blocker_No_Silent_Substitution,Material_Hypothesis_Or_Transient_No_Output_Replay,Deferred_Pending_Model_Library_Activation_Gate,"Do not infer model or LLM qualification from planning validation. No model-library execution is authorized until the complete-download, inventory-verification, and main-task acknowledgement gate passes.",W64-MI-TRK-253,Plan/00_PROJECT_CONTROL/WAVE64_AUTONOMOUS_MODEL_INTELLIGENCE_AND_SELECTION_MASTER_PLAN.md,Full_Planning_Coverage,Static_Validated_Runtime_Deferred_By_Activation_Gate,Yes
W64-MI-TRK-254,Wave64,MI-08,W64-MI-OPS,P0,CRITICAL,Autonomous_Model_Intelligence_Control_Plane,Local_Then_Certified_Target_Runtime,Deferred_Pending_Complete_Model_Library_Download_Inventory_Verification_And_Main_Task_Acknowledgement,Resource-Aware Batch Qualification and Active-Learning Scheduler,"Prioritize installed, high-value, high-usage, high-risk, coverage-gap, and uncertain candidates; schedule sweeps, comparisons, and requalification under GPU, storage, time, and cost budgets.","The scheduler avoids all-pairs explosion, respects leases and thermal/resource envelopes, resumes safely, and records why work was prioritized or deferred.","Hash-bound schema, registry, tests, runtime evidence, QA, and policy decision as applicable","Row042, Row061, Row062, Row063, Row199, Row200, Row205, Row206, Row207, Row208, Row233, Row234, Row235, Row240, Row243, ActivationGate=wave64_model_library_download_readiness_gate_v1",Static validators plus scoped runtime and multimodal QA,W64-MI-254 evidence and implementation package,Plan/00_PROJECT_CONTROL/WAVE64_AUTONOMOUS_MODEL_INTELLIGENCE_AND_SELECTION_MASTER_PLAN.md,Wave30 source snapshot; Wave64 Rows165-220,Plan,Deferred_Until_Complete_Download_Inventory_And_Main_Task_Acknowledgement,Yes_For_Policy_Calibration_And_Adjudication,No_Manual_Work_Required_For_Normal_Operation,Implement_Validate_Review_And_Record_Evidence,Hard_Gate_High_Assurance,Yes,"priority, fairness, budget, crash, cancellation, and resume tests",Yes,Yes,Yes_When_Explicitly_Routed,Yes_For_Media_And_UI,Applicable_To_Media_Qualification,Plan/Instructions/QA/Evidence/Wave64/Model_Intelligence/,WAVE64_AUTONOMOUS_MODEL_INTELLIGENCE_AND_SELECTION_MASTER_PLAN.md,C:\Comfy_UI_Main\Plan\00_PROJECT_CONTROL\WAVE64_AUTONOMOUS_MODEL_INTELLIGENCE_AND_SELECTION_MASTER_PLAN.md,Row254,671,677,Resource-Aware Batch Qualification and Active-Learning Scheduler,wave64_autonomous_model_intelligence_rows221_260,Additive_Model_Intelligence_Plan,W64-MI-254,Typed_Blocker_No_Silent_Substitution,Material_Hypothesis_Or_Transient_No_Output_Replay,Deferred_Pending_Model_Library_Activation_Gate,"Do not infer model or LLM qualification from planning validation. No model-library execution is authorized until the complete-download, inventory-verification, and main-task acknowledgement gate passes.",W64-MI-TRK-254,Plan/00_PROJECT_CONTROL/WAVE64_AUTONOMOUS_MODEL_INTELLIGENCE_AND_SELECTION_MASTER_PLAN.md,Full_Planning_Coverage,Static_Validated_Runtime_Deferred_By_Activation_Gate,Yes
W64-MI-TRK-255,Wave64,MI-08,W64-MI-OPS,P0,CRITICAL,Autonomous_Model_Intelligence_Control_Plane,Local_Then_Certified_Target_Runtime,Deferred_Pending_Complete_Model_Library_Download_Inventory_Verification_And_Main_Task_Acknowledgement,"Model Explorer, Qualification Queue, Comparison, Report, and Route-Explanation UX","Expose library health, source authority, availability, compatibility, test coverage, certificates, reports, failures, drift, decisions, and side-by-side media without raw node or credential exposure.",Operators can trace every claim and approve policy changes or exceptions without manually editing graphs or registry bytes.,"Hash-bound schema, registry, tests, runtime evidence, QA, and policy decision as applicable","Row047, Row051, Row107, Row145, Row202, Row213, Row214, Row215, Row216, Row228, Row242, Row252, Row253, Row254, ActivationGate=wave64_model_library_download_readiness_gate_v1",Static validators plus scoped runtime and multimodal QA,W64-MI-255 evidence and implementation package,Plan/00_PROJECT_CONTROL/WAVE64_AUTONOMOUS_MODEL_INTELLIGENCE_AND_SELECTION_MASTER_PLAN.md,Wave30 source snapshot; Wave64 Rows165-220,Plan,Deferred_Until_Complete_Download_Inventory_And_Main_Task_Acknowledgement,Yes_For_Policy_Calibration_And_Adjudication,No_Manual_Work_Required_For_Normal_Operation,Implement_Validate_Review_And_Record_Evidence,Hard_Gate_High_Assurance,Yes,scripted operator journeys and accessibility review,Yes,Yes,Yes_When_Explicitly_Routed,Yes_For_Media_And_UI,Applicable_To_Media_Qualification,Plan/Instructions/QA/Evidence/Wave64/Model_Intelligence/,WAVE64_AUTONOMOUS_MODEL_INTELLIGENCE_AND_SELECTION_MASTER_PLAN.md,C:\Comfy_UI_Main\Plan\00_PROJECT_CONTROL\WAVE64_AUTONOMOUS_MODEL_INTELLIGENCE_AND_SELECTION_MASTER_PLAN.md,Row255,679,685,"Model Explorer, Qualification Queue, Comparison, Report, and Route-Explanation UX",wave64_autonomous_model_intelligence_rows221_260,Additive_Model_Intelligence_Plan,W64-MI-255,Typed_Blocker_No_Silent_Substitution,Material_Hypothesis_Or_Transient_No_Output_Replay,Deferred_Pending_Model_Library_Activation_Gate,"Do not infer model or LLM qualification from planning validation. No model-library execution is authorized until the complete-download, inventory-verification, and main-task acknowledgement gate passes.",W64-MI-TRK-255,Plan/00_PROJECT_CONTROL/WAVE64_AUTONOMOUS_MODEL_INTELLIGENCE_AND_SELECTION_MASTER_PLAN.md,Full_Planning_Coverage,Static_Validated_Runtime_Deferred_By_Activation_Gate,Yes
W64-MI-TRK-256,Wave64,MI-08,W64-MI-OPS,P0,CRITICAL,Autonomous_Model_Intelligence_Control_Plane,Local_Then_Certified_Target_Runtime,Deferred_Pending_Complete_Model_Library_Download_Inventory_Verification_And_Main_Task_Acknowledgement,"Telemetry, Capacity, Security, Backup, Recovery, and Degraded-Mode Control","Monitor ingestion, index freshness, queue depth, load failures, QA latency, ranking drift, certificate health, storage, costs, untrusted metadata, model scans, tools, and recovery points.","Outage or saturation changes routes only through declared policies; source text and model files cannot obtain tool, credential, registry, or promotion authority.","Hash-bound schema, registry, tests, runtime evidence, QA, and policy decision as applicable","Row040, Row041, Row042, Row047, Row048, Row049, Row061, Row062, Row063, Row200, Row205, Row206, Row207, Row208, Row212, Row244, Row247, Row253, Row254, ActivationGate=wave64_model_library_download_readiness_gate_v1",Static validators plus scoped runtime and multimodal QA,W64-MI-256 evidence and implementation package,Plan/00_PROJECT_CONTROL/WAVE64_AUTONOMOUS_MODEL_INTELLIGENCE_AND_SELECTION_MASTER_PLAN.md,Wave30 source snapshot; Wave64 Rows165-220,Plan,Deferred_Until_Complete_Download_Inventory_And_Main_Task_Acknowledgement,Yes_For_Policy_Calibration_And_Adjudication,No_Manual_Work_Required_For_Normal_Operation,Implement_Validate_Review_And_Record_Evidence,Hard_Gate_High_Assurance,Yes,"outage, restore, saturation, injection, and least-authority tests",Yes,Yes,Yes_When_Explicitly_Routed,Yes_For_Media_And_UI,Applicable_To_Media_Qualification,Plan/Instructions/QA/Evidence/Wave64/Model_Intelligence/,WAVE64_AUTONOMOUS_MODEL_INTELLIGENCE_AND_SELECTION_MASTER_PLAN.md,C:\Comfy_UI_Main\Plan\00_PROJECT_CONTROL\WAVE64_AUTONOMOUS_MODEL_INTELLIGENCE_AND_SELECTION_MASTER_PLAN.md,Row256,687,693,"Telemetry, Capacity, Security, Backup, Recovery, and Degraded-Mode Control",wave64_autonomous_model_intelligence_rows221_260,Additive_Model_Intelligence_Plan,W64-MI-256,Typed_Blocker_No_Silent_Substitution,Material_Hypothesis_Or_Transient_No_Output_Replay,Deferred_Pending_Model_Library_Activation_Gate,"Do not infer model or LLM qualification from planning validation. No model-library execution is authorized until the complete-download, inventory-verification, and main-task acknowledgement gate passes.",W64-MI-TRK-256,Plan/00_PROJECT_CONTROL/WAVE64_AUTONOMOUS_MODEL_INTELLIGENCE_AND_SELECTION_MASTER_PLAN.md,Full_Planning_Coverage,Static_Validated_Runtime_Deferred_By_Activation_Gate,Yes
W64-MI-TRK-257,Wave64,MI-09,W64-MI-REL,P0,CRITICAL,Autonomous_Model_Intelligence_Control_Plane,Local_Then_Certified_Target_Runtime,Deferred_Pending_Complete_Model_Library_Download_Inventory_Verification_And_Main_Task_Acknowledgement,"Wave30 Dry-Run Import, Reconciliation, and Exception Report","Map all 7,282 artifacts and 3,770 families into discovery records, reconcile 675-member archive defects and selector/status disagreements, and emit no operational promotion.","Counts, hashes, duplicates, missing fields, blocked rows, stale reports, absent visual-test assets, and migration mappings reconcile or produce typed exceptions.","Hash-bound schema, registry, tests, runtime evidence, QA, and policy decision as applicable","Row050, Row051, Row057, Row058, Row212, Row217, Row221, Row222, Row223, Row225, Row226, Row227, Row228, ActivationGate=wave64_model_library_download_readiness_gate_v1",Static validators plus scoped runtime and multimodal QA,W64-MI-257 evidence and implementation package,Plan/00_PROJECT_CONTROL/WAVE64_AUTONOMOUS_MODEL_INTELLIGENCE_AND_SELECTION_MASTER_PLAN.md,Wave30 source snapshot; Wave64 Rows165-220,Plan,Deferred_Until_Complete_Download_Inventory_And_Main_Task_Acknowledgement,Yes_For_Policy_Calibration_And_Adjudication,No_Manual_Work_Required_For_Normal_Operation,Implement_Validate_Review_And_Record_Evidence,Hard_Gate_High_Assurance,Yes,"full dry-run counts, schema, and exception reconciliation",Yes,Yes,Yes_When_Explicitly_Routed,Yes_For_Media_And_UI,Applicable_To_Media_Qualification,Plan/Instructions/QA/Evidence/Wave64/Model_Intelligence/,WAVE64_AUTONOMOUS_MODEL_INTELLIGENCE_AND_SELECTION_MASTER_PLAN.md,C:\Comfy_UI_Main\Plan\00_PROJECT_CONTROL\WAVE64_AUTONOMOUS_MODEL_INTELLIGENCE_AND_SELECTION_MASTER_PLAN.md,Row257,695,701,"Wave30 Dry-Run Import, Reconciliation, and Exception Report",wave64_autonomous_model_intelligence_rows221_260,Additive_Model_Intelligence_Plan,W64-MI-257,Typed_Blocker_No_Silent_Substitution,Material_Hypothesis_Or_Transient_No_Output_Replay,Deferred_Pending_Model_Library_Activation_Gate,"Do not infer model or LLM qualification from planning validation. No model-library execution is authorized until the complete-download, inventory-verification, and main-task acknowledgement gate passes.",W64-MI-TRK-257,Plan/00_PROJECT_CONTROL/WAVE64_AUTONOMOUS_MODEL_INTELLIGENCE_AND_SELECTION_MASTER_PLAN.md,Full_Planning_Coverage,Static_Validated_Runtime_Deferred_By_Activation_Gate,Yes
W64-MI-TRK-258,Wave64,MI-09,W64-MI-REL,P0,CRITICAL,Autonomous_Model_Intelligence_Control_Plane,Local_Then_Certified_Target_Runtime,Deferred_Pending_Complete_Model_Library_Download_Inventory_Verification_And_Main_Task_Acknowledgement,Copy-Ready and High-Value Pilot Qualification Tranche,Hash-verify and qualify the 187 Wave30 copy-ready candidates plus a stratified set of installed/high-value models across priority capability buckets.,"The pilot produces real bundles, A/B evidence, reports, scoped certificates, failures, cost measurements, and rollback without treating copy-ready as production-ready.","Hash-bound schema, registry, tests, runtime evidence, QA, and policy decision as applicable","Row037, Row038, Row044, Row054, Row063, Row218, Row229, Row230, Row232, Row233, Row234, Row235, Row236, Row249, Row250, Row251, Row252, Row254, Row257, ActivationGate=wave64_model_library_download_readiness_gate_v1",Static validators plus scoped runtime and multimodal QA,W64-MI-258 evidence and implementation package,Plan/00_PROJECT_CONTROL/WAVE64_AUTONOMOUS_MODEL_INTELLIGENCE_AND_SELECTION_MASTER_PLAN.md,Wave30 source snapshot; Wave64 Rows165-220,Plan,Deferred_Until_Complete_Download_Inventory_And_Main_Task_Acknowledgement,Yes_For_Policy_Calibration_And_Adjudication,No_Manual_Work_Required_For_Normal_Operation,Implement_Validate_Review_And_Record_Evidence,Hard_Gate_High_Assurance,Yes,real pilot render/playback and evidence review,Yes,Yes,Yes_When_Explicitly_Routed,Yes_For_Media_And_UI,Applicable_To_Media_Qualification,Plan/Instructions/QA/Evidence/Wave64/Model_Intelligence/,WAVE64_AUTONOMOUS_MODEL_INTELLIGENCE_AND_SELECTION_MASTER_PLAN.md,C:\Comfy_UI_Main\Plan\00_PROJECT_CONTROL\WAVE64_AUTONOMOUS_MODEL_INTELLIGENCE_AND_SELECTION_MASTER_PLAN.md,Row258,703,709,Copy-Ready and High-Value Pilot Qualification Tranche,wave64_autonomous_model_intelligence_rows221_260,Additive_Model_Intelligence_Plan,W64-MI-258,Typed_Blocker_No_Silent_Substitution,Material_Hypothesis_Or_Transient_No_Output_Replay,Deferred_Pending_Model_Library_Activation_Gate,"Do not infer model or LLM qualification from planning validation. No model-library execution is authorized until the complete-download, inventory-verification, and main-task acknowledgement gate passes.",W64-MI-TRK-258,Plan/00_PROJECT_CONTROL/WAVE64_AUTONOMOUS_MODEL_INTELLIGENCE_AND_SELECTION_MASTER_PLAN.md,Full_Planning_Coverage,Static_Validated_Runtime_Deferred_By_Activation_Gate,Yes
W64-MI-TRK-259,Wave64,MI-09,W64-MI-REL,P0,CRITICAL,Autonomous_Model_Intelligence_Control_Plane,Local_Then_Certified_Target_Runtime,Deferred_Pending_Complete_Model_Library_Download_Inventory_Verification_And_Main_Task_Acknowledgement,"Value, Coverage, Risk, and Uncertainty-Driven Library Expansion","Expand qualification by production demand, capability gaps, model diversity, uncertainty, expected value of information, and resource budget rather than archive order.","Coverage grows measurably while unqualified long-tail assets remain discoverable, on-demand-testable, and excluded from certified production routes.","Hash-bound schema, registry, tests, runtime evidence, QA, and policy decision as applicable","Row219, Row233, Row234, Row236, Row239, Row240, Row242, Row243, Row244, Row249, Row251, Row252, Row254, Row258, ActivationGate=wave64_model_library_download_readiness_gate_v1",Static validators plus scoped runtime and multimodal QA,W64-MI-259 evidence and implementation package,Plan/00_PROJECT_CONTROL/WAVE64_AUTONOMOUS_MODEL_INTELLIGENCE_AND_SELECTION_MASTER_PLAN.md,Wave30 source snapshot; Wave64 Rows165-220,Plan,Deferred_Until_Complete_Download_Inventory_And_Main_Task_Acknowledgement,Yes_For_Policy_Calibration_And_Adjudication,No_Manual_Work_Required_For_Normal_Operation,Implement_Validate_Review_And_Record_Evidence,Hard_Gate_High_Assurance,Yes,"coverage, regret, cost, drift, and long-tail on-demand tests",Yes,Yes,Yes_When_Explicitly_Routed,Yes_For_Media_And_UI,Applicable_To_Media_Qualification,Plan/Instructions/QA/Evidence/Wave64/Model_Intelligence/,WAVE64_AUTONOMOUS_MODEL_INTELLIGENCE_AND_SELECTION_MASTER_PLAN.md,C:\Comfy_UI_Main\Plan\00_PROJECT_CONTROL\WAVE64_AUTONOMOUS_MODEL_INTELLIGENCE_AND_SELECTION_MASTER_PLAN.md,Row259,711,717,"Value, Coverage, Risk, and Uncertainty-Driven Library Expansion",wave64_autonomous_model_intelligence_rows221_260,Additive_Model_Intelligence_Plan,W64-MI-259,Typed_Blocker_No_Silent_Substitution,Material_Hypothesis_Or_Transient_No_Output_Replay,Deferred_Pending_Model_Library_Activation_Gate,"Do not infer model or LLM qualification from planning validation. No model-library execution is authorized until the complete-download, inventory-verification, and main-task acknowledgement gate passes.",W64-MI-TRK-259,Plan/00_PROJECT_CONTROL/WAVE64_AUTONOMOUS_MODEL_INTELLIGENCE_AND_SELECTION_MASTER_PLAN.md,Full_Planning_Coverage,Static_Validated_Runtime_Deferred_By_Activation_Gate,Yes
W64-MI-TRK-260,Wave64,MI-09,W64-MI-REL,P0,CRITICAL,Autonomous_Model_Intelligence_Control_Plane,Local_Then_Certified_Target_Runtime,Deferred_Pending_Complete_Model_Library_Download_Inventory_Verification_And_Main_Task_Acknowledgement,Autonomous Model Intelligence Release Certification and Main-Task Adoption,"Certify schemas, stores, ingestion, bundles, qualification, selection, LLM roles, QA, reports, App UX, recovery, security, rollback, and preservation handoff.",Rows221-259 are traceable; runtime claims are evidence-backed; no critical gate is open; the main task formally adopts or rejects every additive artifact.,"Hash-bound schema, registry, tests, runtime evidence, QA, and policy decision as applicable","Row059, Row060, Row066, Row112, Row148, Row204, Row208, Row212, Row216, Row220, Row224, Row236, Row244, Row248, Row252, Row255, Row256, Row257, Row258, Row259, ActivationGate=wave64_model_library_download_readiness_gate_v1",Static validators plus scoped runtime and multimodal QA,W64-MI-260 evidence and implementation package,Plan/00_PROJECT_CONTROL/WAVE64_AUTONOMOUS_MODEL_INTELLIGENCE_AND_SELECTION_MASTER_PLAN.md,Wave30 source snapshot; Wave64 Rows165-220,Plan,Deferred_Until_Complete_Download_Inventory_And_Main_Task_Acknowledgement,Yes_For_Policy_Calibration_And_Adjudication,No_Manual_Work_Required_For_Normal_Operation,Implement_Validate_Review_And_Record_Evidence,Hard_Gate_High_Assurance,Yes,"independent end-to-end selection, generation, QA, report, recovery, and rollback review",Yes,Yes,Yes_When_Explicitly_Routed,Yes_For_Media_And_UI,Applicable_To_Media_Qualification,Plan/Instructions/QA/Evidence/Wave64/Model_Intelligence/,WAVE64_AUTONOMOUS_MODEL_INTELLIGENCE_AND_SELECTION_MASTER_PLAN.md,C:\Comfy_UI_Main\Plan\00_PROJECT_CONTROL\WAVE64_AUTONOMOUS_MODEL_INTELLIGENCE_AND_SELECTION_MASTER_PLAN.md,Row260,719,725,Autonomous Model Intelligence Release Certification and Main-Task Adoption,wave64_autonomous_model_intelligence_rows221_260,Additive_Model_Intelligence_Plan,W64-MI-260,Typed_Blocker_No_Silent_Substitution,Material_Hypothesis_Or_Transient_No_Output_Replay,Deferred_Pending_Model_Library_Activation_Gate,"Do not infer model or LLM qualification from planning validation. No model-library execution is authorized until the complete-download, inventory-verification, and main-task acknowledgement gate passes.",W64-MI-TRK-260,Plan/00_PROJECT_CONTROL/WAVE64_AUTONOMOUS_MODEL_INTELLIGENCE_AND_SELECTION_MASTER_PLAN.md,Full_Planning_Coverage,Static_Validated_Runtime_Deferred_By_Activation_Gate,Yes
