path,top_level,suffix,bytes
Plan/07_IMPLEMENTATION/scripts/accept_wave70_mouth_lips_v4_strict_visual_audit.py,07_IMPLEMENTATION,.py,15206
Plan/07_IMPLEMENTATION/scripts/accept_wave70_nose_v2_strict_visual_audit.py,07_IMPLEMENTATION,.py,20978
Plan/07_IMPLEMENTATION/scripts/accept_wave70_teeth_strict_visual_audit.py,07_IMPLEMENTATION,.py,23777
Plan/07_IMPLEMENTATION/scripts/accept_wave70_teeth_strict_visual_audit_v2.py,07_IMPLEMENTATION,.py,1286
Plan/07_IMPLEMENTATION/scripts/accept_wave70_under_eye_strict_visual_audit.py,07_IMPLEMENTATION,.py,23262
Plan/07_IMPLEMENTATION/scripts/advance_wave70_body_reference_matrix_to_0177.py,07_IMPLEMENTATION,.py,6833
Plan/07_IMPLEMENTATION/scripts/advance_wave70_redo_existing_masks_to_0178.py,07_IMPLEMENTATION,.py,8465
Plan/07_IMPLEMENTATION/scripts/apply_ref_image_1_gold_standard_to_wave70_body_rows.py,07_IMPLEMENTATION,.py,9039
Plan/07_IMPLEMENTATION/scripts/attach_wave70_body_reference_matrix_ref_image_1_gates.py,07_IMPLEMENTATION,.py,11077
Plan/07_IMPLEMENTATION/scripts/attach_wave70_body_region_ref_image_1_gates.py,07_IMPLEMENTATION,.py,9825
Plan/07_IMPLEMENTATION/scripts/attach_wave70_body_region_ref_images_1_2_gates.py,07_IMPLEMENTATION,.py,10036
Plan/07_IMPLEMENTATION/scripts/attach_wave70_contact_occlusion_ref_image_1_gates.py,07_IMPLEMENTATION,.py,10129
Plan/07_IMPLEMENTATION/scripts/attach_wave70_contact_occlusion_ref_images_1_2_gates.py,07_IMPLEMENTATION,.py,10368
Plan/07_IMPLEMENTATION/scripts/attach_wave70_feet_toes_full_ref_image_1_gates.py,07_IMPLEMENTATION,.py,10592
Plan/07_IMPLEMENTATION/scripts/attach_wave70_feet_toes_ref_images_1_2_gates.py,07_IMPLEMENTATION,.py,10180
Plan/07_IMPLEMENTATION/scripts/attach_wave70_hair_body_skin_ref_image_1_gates.py,07_IMPLEMENTATION,.py,10038
Plan/07_IMPLEMENTATION/scripts/attach_wave70_hair_body_skin_ref_images_1_2_gates.py,07_IMPLEMENTATION,.py,10371
Plan/07_IMPLEMENTATION/scripts/attach_wave70_hand_finger_ref_image_1_gates.py,07_IMPLEMENTATION,.py,8968
Plan/07_IMPLEMENTATION/scripts/attach_wave70_human_part_parsing_ref_image_1_gates.py,07_IMPLEMENTATION,.py,8912
Plan/07_IMPLEMENTATION/scripts/attach_wave70_limb_joint_full_ref_image_1_gates.py,07_IMPLEMENTATION,.py,10761
Plan/07_IMPLEMENTATION/scripts/attach_wave70_limb_joint_ref_images_1_2_gates.py,07_IMPLEMENTATION,.py,10270
Plan/07_IMPLEMENTATION/scripts/attach_wave70_mf70_body_skin_visible_ref_image_1_gates.py,07_IMPLEMENTATION,.py,9866
Plan/07_IMPLEMENTATION/scripts/attach_wave70_model_consensus_ref_image_1_gates.py,07_IMPLEMENTATION,.py,7914
Plan/07_IMPLEMENTATION/scripts/attach_wave70_model_consensus_ref_images_1_2_gates.py,07_IMPLEMENTATION,.py,10637
Plan/07_IMPLEMENTATION/scripts/attach_wave70_pose_landmark_authority_rerun_gates.py,07_IMPLEMENTATION,.py,8716
Plan/07_IMPLEMENTATION/scripts/attach_wave70_soft_body_ref_image_1_gates.py,07_IMPLEMENTATION,.py,10489
Plan/07_IMPLEMENTATION/scripts/attach_wave70_soft_body_ref_images_1_2_gates.py,07_IMPLEMENTATION,.py,9867
Plan/07_IMPLEMENTATION/scripts/attach_wave70_temporal_ref_image_1_gates.py,07_IMPLEMENTATION,.py,10202
Plan/07_IMPLEMENTATION/scripts/attach_wave70_temporal_ref_images_1_2_gates.py,07_IMPLEMENTATION,.py,10015
Plan/07_IMPLEMENTATION/scripts/attach_wave70_torso_region_full_ref_image_1_gates.py,07_IMPLEMENTATION,.py,10863
Plan/07_IMPLEMENTATION/scripts/attach_wave70_whole_body_dependency_probe_gates.py,07_IMPLEMENTATION,.py,9430
Plan/07_IMPLEMENTATION/scripts/audit_wave64_plan_source_file_coverage.py,07_IMPLEMENTATION,.py,14701
Plan/07_IMPLEMENTATION/scripts/audit_wave70_current_input_masks_user_dispute.py,07_IMPLEMENTATION,.py,8116
Plan/07_IMPLEMENTATION/scripts/audit_wave70_front_calibration_visual_inventory.py,07_IMPLEMENTATION,.py,17953
Plan/07_IMPLEMENTATION/scripts/audit_wave70_main_reference_source_test_intake.py,07_IMPLEMENTATION,.py,17809
Plan/07_IMPLEMENTATION/scripts/audit_wave70_mask_alignment_panels.py,07_IMPLEMENTATION,.py,12688
Plan/07_IMPLEMENTATION/scripts/audit_wave70_nose_candidate_protected_overlap.py,07_IMPLEMENTATION,.py,15565
Plan/07_IMPLEMENTATION/scripts/audit_wave70_nose_candidate_protected_overlap_v2.py,07_IMPLEMENTATION,.py,11779
Plan/07_IMPLEMENTATION/scripts/audit_wave71_activation_gate.py,07_IMPLEMENTATION,.py,12837
Plan/07_IMPLEMENTATION/scripts/audit_wave72_activation_gate.py,07_IMPLEMENTATION,.py,12927
Plan/07_IMPLEMENTATION/scripts/backfill_wave70_whole_body_rows_gate_tokens.py,07_IMPLEMENTATION,.py,6249
Plan/07_IMPLEMENTATION/scripts/correct_wave70_0169_post_gate_next_action_to_0172.py,07_IMPLEMENTATION,.py,3551
Plan/07_IMPLEMENTATION/scripts/correct_wave70_0169_post_gate_next_action_to_terminal_prerequisites.py,07_IMPLEMENTATION,.py,5074
Plan/07_IMPLEMENTATION/scripts/create_wave70_eye_boundary_manual_trace_v1.py,07_IMPLEMENTATION,.py,11088
Plan/07_IMPLEMENTATION/scripts/create_wave70_eye_boundary_trace_template.py,07_IMPLEMENTATION,.py,13087
Plan/07_IMPLEMENTATION/scripts/create_wave70_full_face_scaffold_from_user_reference.py,07_IMPLEMENTATION,.py,21064
Plan/07_IMPLEMENTATION/scripts/derive_wave70_eyelids_candidate_from_manual_trace_v1.py,07_IMPLEMENTATION,.py,11585
Plan/07_IMPLEMENTATION/scripts/evaluate_wave70_mf70_body_skin_visible_ref_image_1_gold_standard.py,07_IMPLEMENTATION,.py,20494
Plan/07_IMPLEMENTATION/scripts/evaluate_wave70_mf70_left_forearm_ref_image_1_gold_standard.py,07_IMPLEMENTATION,.py,15427
Plan/07_IMPLEMENTATION/scripts/evaluate_wave70_mf70_right_forearm_ref_image_1_gold_standard.py,07_IMPLEMENTATION,.py,15450
Plan/07_IMPLEMENTATION/scripts/generate_wave70_mouth_lips_mask.py,07_IMPLEMENTATION,.py,16908
Plan/07_IMPLEMENTATION/scripts/generate_wave70_teeth_mask.py,07_IMPLEMENTATION,.py,16793
Plan/07_IMPLEMENTATION/scripts/implement_wave70_body_hand_contact_geometry_authority.py,07_IMPLEMENTATION,.py,21643
Plan/07_IMPLEMENTATION/scripts/implement_wave70_body_reference_matrix_authority.py,07_IMPLEMENTATION,.py,32691
Plan/07_IMPLEMENTATION/scripts/implement_wave70_body_region_geometry_authority.py,07_IMPLEMENTATION,.py,18205
Plan/07_IMPLEMENTATION/scripts/implement_wave70_canonical_geometry_polygon_export.py,07_IMPLEMENTATION,.py,27824
Plan/07_IMPLEMENTATION/scripts/implement_wave70_canonical_polygon_mask_generator.py,07_IMPLEMENTATION,.py,24973
Plan/07_IMPLEMENTATION/scripts/implement_wave70_contact_occlusion_ownership_authority.py,07_IMPLEMENTATION,.py,19549
Plan/07_IMPLEMENTATION/scripts/implement_wave70_face_landmark_authority.py,07_IMPLEMENTATION,.py,26743
Plan/07_IMPLEMENTATION/scripts/implement_wave70_face_parsing_authority.py,07_IMPLEMENTATION,.py,27857
Plan/07_IMPLEMENTATION/scripts/implement_wave70_feet_toes_contact_authority.py,07_IMPLEMENTATION,.py,18862
Plan/07_IMPLEMENTATION/scripts/implement_wave70_gold_trace_dataset_manifest.py,07_IMPLEMENTATION,.py,24755
Plan/07_IMPLEMENTATION/scripts/implement_wave70_hair_body_skin_marks_authority.py,07_IMPLEMENTATION,.py,18875
Plan/07_IMPLEMENTATION/scripts/implement_wave70_hand_finger_landmark_authority.py,07_IMPLEMENTATION,.py,17283
Plan/07_IMPLEMENTATION/scripts/implement_wave70_human_part_parsing_authority.py,07_IMPLEMENTATION,.py,15703
Plan/07_IMPLEMENTATION/scripts/implement_wave70_limb_joint_region_authority.py,07_IMPLEMENTATION,.py,18942
Plan/07_IMPLEMENTATION/scripts/implement_wave70_mf70_belly_button_umbilicus.py,07_IMPLEMENTATION,.py,22779
Plan/07_IMPLEMENTATION/scripts/implement_wave70_mf70_left_forearm.py,07_IMPLEMENTATION,.py,24300
Plan/07_IMPLEMENTATION/scripts/implement_wave70_mf70_left_upper_arm.py,07_IMPLEMENTATION,.py,24119
Plan/07_IMPLEMENTATION/scripts/implement_wave70_mf70_right_upper_arm.py,07_IMPLEMENTATION,.py,24157
Plan/07_IMPLEMENTATION/scripts/implement_wave70_model_backed_geometry_promotion_integration.py,07_IMPLEMENTATION,.py,21493
Plan/07_IMPLEMENTATION/scripts/implement_wave70_model_consensus_geometry_validator.py,07_IMPLEMENTATION,.py,26059
Plan/07_IMPLEMENTATION/scripts/implement_wave70_model_geometry_dependency_probe.py,07_IMPLEMENTATION,.py,14864
Plan/07_IMPLEMENTATION/scripts/implement_wave70_model_geometry_reference_matrix.py,07_IMPLEMENTATION,.py,21041
Plan/07_IMPLEMENTATION/scripts/implement_wave70_person_instance_owner_authority.py,07_IMPLEMENTATION,.py,11990
Plan/07_IMPLEMENTATION/scripts/implement_wave70_pose_landmark_authority.py,07_IMPLEMENTATION,.py,18758
Plan/07_IMPLEMENTATION/scripts/implement_wave70_redo_existing_body_hand_contact_masks.py,07_IMPLEMENTATION,.py,24017
Plan/07_IMPLEMENTATION/scripts/implement_wave70_segmentation_refinement_authority.py,07_IMPLEMENTATION,.py,28388
Plan/07_IMPLEMENTATION/scripts/implement_wave70_soft_body_anchor_geometry_authority.py,07_IMPLEMENTATION,.py,27587
Plan/07_IMPLEMENTATION/scripts/implement_wave70_temporal_body_part_tracking_authority.py,07_IMPLEMENTATION,.py,28592
Plan/07_IMPLEMENTATION/scripts/implement_wave70_torso_abdomen_umbilicus_authority.py,07_IMPLEMENTATION,.py,16436
Plan/07_IMPLEMENTATION/scripts/implement_wave70_visibility_occlusion_confidence.py,07_IMPLEMENTATION,.py,23292
Plan/07_IMPLEMENTATION/scripts/implement_wave70_whole_body_geometry_promotion_integration.py,07_IMPLEMENTATION,.py,22472
Plan/07_IMPLEMENTATION/scripts/ingest_ref_image_1_body_mask_gold_standard.py,07_IMPLEMENTATION,.py,14834
Plan/07_IMPLEMENTATION/scripts/ingest_ref_image_1_full_body_references.py,07_IMPLEMENTATION,.py,9736
Plan/07_IMPLEMENTATION/scripts/ingest_ref_image_2_body_reference.py,07_IMPLEMENTATION,.py,11054
Plan/07_IMPLEMENTATION/scripts/prepare_wave70_canonical_reference_package_dropzone.py,07_IMPLEMENTATION,.py,20612
Plan/07_IMPLEMENTATION/scripts/probe_wave70_model_geometry_dependencies.py,07_IMPLEMENTATION,.py,13695
Plan/07_IMPLEMENTATION/scripts/probe_wave70_whole_body_geometry_dependencies.py,07_IMPLEMENTATION,.py,27755
Plan/07_IMPLEMENTATION/scripts/qa_wave70_eyebrows_v3_generated_output.py,07_IMPLEMENTATION,.py,19073
Plan/07_IMPLEMENTATION/scripts/qa_wave70_mouth_lips_v4_generated_output.py,07_IMPLEMENTATION,.py,20379
Plan/07_IMPLEMENTATION/scripts/qa_wave70_nose_v2_generated_output.py,07_IMPLEMENTATION,.py,20024
Plan/07_IMPLEMENTATION/scripts/qa_wave70_pupils_iris_sclera_v3_generated_output.py,07_IMPLEMENTATION,.py,18682
Plan/07_IMPLEMENTATION/scripts/qa_wave70_under_eye_v2_generated_output.py,07_IMPLEMENTATION,.py,19016
Plan/07_IMPLEMENTATION/scripts/record_wave70_0169_feet_toes_reentry_blocker.py,07_IMPLEMENTATION,.py,17356
Plan/07_IMPLEMENTATION/scripts/record_wave70_0169_post_blocker_gates.py,07_IMPLEMENTATION,.py,10356
Plan/07_IMPLEMENTATION/scripts/record_wave70_0178_terminal_blocker.py,07_IMPLEMENTATION,.py,10583
Plan/07_IMPLEMENTATION/scripts/record_wave70_available_route_runtime_validation_alignment.py,07_IMPLEMENTATION,.py,12323
Plan/07_IMPLEMENTATION/scripts/record_wave70_available_route_runtime_validation_gates.py,07_IMPLEMENTATION,.py,6980
Plan/07_IMPLEMENTATION/scripts/record_wave70_candidate_mask_batch_working_guard.py,07_IMPLEMENTATION,.py,15902
Plan/07_IMPLEMENTATION/scripts/record_wave70_canonical_body_geometry_prerequisite_gap.py,07_IMPLEMENTATION,.py,16110
Plan/07_IMPLEMENTATION/scripts/record_wave70_canonical_reference_acquisition_requirements.py,07_IMPLEMENTATION,.py,21595
Plan/07_IMPLEMENTATION/scripts/record_wave70_canonical_reference_slot_ledger.py,07_IMPLEMENTATION,.py,23560
Plan/07_IMPLEMENTATION/scripts/record_wave70_dependency_probe_refresh_alignment.py,07_IMPLEMENTATION,.py,10833
Plan/07_IMPLEMENTATION/scripts/record_wave70_front_calibration_post_gates.py,07_IMPLEMENTATION,.py,12755
Plan/07_IMPLEMENTATION/scripts/record_wave70_user_individual_mask_references.py,07_IMPLEMENTATION,.py,13951
Plan/07_IMPLEMENTATION/scripts/repair_wave70_eyebrows_source_landmark_mask_v2.py,07_IMPLEMENTATION,.py,25151
Plan/07_IMPLEMENTATION/scripts/repair_wave70_eyelids_source_landmark_mask_v2.py,07_IMPLEMENTATION,.py,10461
Plan/07_IMPLEMENTATION/scripts/repair_wave70_mouth_lips_source_landmark_mask.py,07_IMPLEMENTATION,.py,20122
Plan/07_IMPLEMENTATION/scripts/repair_wave70_mouth_lips_source_landmark_mask_v2.py,07_IMPLEMENTATION,.py,20362
Plan/07_IMPLEMENTATION/scripts/repair_wave70_mouth_lips_source_landmark_mask_v3.py,07_IMPLEMENTATION,.py,1248
Plan/07_IMPLEMENTATION/scripts/repair_wave70_mouth_lips_source_landmark_mask_v4.py,07_IMPLEMENTATION,.py,2736
Plan/07_IMPLEMENTATION/scripts/repair_wave70_nose_source_landmark_mask.py,07_IMPLEMENTATION,.py,12041
Plan/07_IMPLEMENTATION/scripts/repair_wave70_nose_source_landmark_mask_v2.py,07_IMPLEMENTATION,.py,11598
Plan/07_IMPLEMENTATION/scripts/repair_wave70_nose_source_landmark_mask_v3.py,07_IMPLEMENTATION,.py,9123
Plan/07_IMPLEMENTATION/scripts/repair_wave70_pupils_iris_sclera_source_landmark_mask_v2.py,07_IMPLEMENTATION,.py,24318
Plan/07_IMPLEMENTATION/scripts/repair_wave70_under_eye_source_landmark_mask_v2.py,07_IMPLEMENTATION,.py,24568
Plan/07_IMPLEMENTATION/scripts/seed_wave70_front_calibration_masks.py,07_IMPLEMENTATION,.py,17114
Plan/07_IMPLEMENTATION/scripts/seed_wave70_front_calibration_references.py,07_IMPLEMENTATION,.py,16716
Plan/07_IMPLEMENTATION/scripts/sync_wave70_canonical_reference_dropzone_manifest.py,07_IMPLEMENTATION,.py,21828
Plan/07_IMPLEMENTATION/scripts/validate_wave70_canonical_reference_package_intake.py,07_IMPLEMENTATION,.py,40279
Plan/07_IMPLEMENTATION/scripts/validate_wave70_source_alignment_fail_closed.py,07_IMPLEMENTATION,.py,24617
Plan/07_IMPLEMENTATION/scripts/wave70_model_registry.py,07_IMPLEMENTATION,.py,7819
Plan/Instructions/Operations/Prepared_Input_Assets/wave70_mf70_eyebrows_v2_20260708T000500-0500/wave70_mf70_eyebrows_v2_mask.png,Instructions,.png,1961
Plan/Instructions/Operations/Prepared_Input_Assets/wave70_mf70_eyebrows_v2_20260708T000500-0500/wave70_mf70_eyebrows_v2_overlay.png,Instructions,.png,758677
Plan/Instructions/Operations/Prepared_Input_Assets/wave70_mf70_eyelids_manual_trace_candidate_v1_20260707T235000-0500/wave70_mf70_eyelids_manual_trace_candidate_v1_mask.png,Instructions,.png,1001
Plan/Instructions/Operations/Prepared_Input_Assets/wave70_mf70_eyelids_manual_trace_candidate_v1_20260707T235000-0500/wave70_mf70_eyelids_manual_trace_candidate_v1_overlay.png,Instructions,.png,758565
Plan/Instructions/Operations/Prepared_Input_Assets/wave70_mf70_eyelids_source_landmark_v2_20260707T231500-0500/wave70_mf70_eyelids_mask.png,Instructions,.png,868
Plan/Instructions/Operations/Prepared_Input_Assets/wave70_mf70_eyelids_source_landmark_v2_20260707T231500-0500/wave70_mf70_eyelids_overlay.png,Instructions,.png,758578
Plan/Instructions/Operations/Prepared_Input_Assets/wave70_mf70_eyelids_source_landmark_v2_20260707T232500-0500/wave70_mf70_eyelids_mask.png,Instructions,.png,820
Plan/Instructions/Operations/Prepared_Input_Assets/wave70_mf70_eyelids_source_landmark_v2_20260707T232500-0500/wave70_mf70_eyelids_overlay.png,Instructions,.png,758618
Plan/Instructions/Operations/Prepared_Input_Assets/wave70_mf70_eyelids_source_landmark_v2_20260707T234500-0500/wave70_mf70_eyelids_mask.png,Instructions,.png,882
Plan/Instructions/Operations/Prepared_Input_Assets/wave70_mf70_eyelids_source_landmark_v2_20260707T234500-0500/wave70_mf70_eyelids_overlay.png,Instructions,.png,758416
Plan/Instructions/Operations/Prepared_Input_Assets/wave70_mf70_eyelids_source_landmark_v2_20260707T235500-0500/wave70_mf70_eyelids_mask.png,Instructions,.png,908
Plan/Instructions/Operations/Prepared_Input_Assets/wave70_mf70_eyelids_source_landmark_v2_20260707T235500-0500/wave70_mf70_eyelids_overlay.png,Instructions,.png,758552
Plan/Instructions/Operations/Prepared_Input_Assets/wave70_mf70_mouth_lips_20260707T193000-0500/wave70_mf70_mouth_lips_mask.png,Instructions,.png,2114
Plan/Instructions/Operations/Prepared_Input_Assets/wave70_mf70_mouth_lips_20260707T193000-0500/wave70_mf70_mouth_lips_overlay.png,Instructions,.png,838369
Plan/Instructions/Operations/Prepared_Input_Assets/wave70_mf70_mouth_lips_source_landmark_20260707T221500-0500/wave70_mf70_mouth_lips_mask.png,Instructions,.png,1712
Plan/Instructions/Operations/Prepared_Input_Assets/wave70_mf70_mouth_lips_source_landmark_20260707T221500-0500/wave70_mf70_mouth_lips_overlay.png,Instructions,.png,837002
Plan/Instructions/Operations/Prepared_Input_Assets/wave70_mf70_mouth_lips_source_landmark_v2_20260707T222500-0500/wave70_mf70_mouth_lips_mask.png,Instructions,.png,1176
Plan/Instructions/Operations/Prepared_Input_Assets/wave70_mf70_mouth_lips_source_landmark_v2_20260707T222500-0500/wave70_mf70_mouth_lips_overlay.png,Instructions,.png,837405
Plan/Instructions/Operations/Prepared_Input_Assets/wave70_mf70_mouth_lips_source_landmark_v2_20260707T223000-0500/wave70_mf70_mouth_lips_mask.png,Instructions,.png,1140
Plan/Instructions/Operations/Prepared_Input_Assets/wave70_mf70_mouth_lips_source_landmark_v2_20260707T223000-0500/wave70_mf70_mouth_lips_overlay.png,Instructions,.png,837564
Plan/Instructions/Operations/Prepared_Input_Assets/wave70_mf70_mouth_lips_source_landmark_v2_20260707T223500-0500/wave70_mf70_mouth_lips_mask.png,Instructions,.png,1140
Plan/Instructions/Operations/Prepared_Input_Assets/wave70_mf70_mouth_lips_source_landmark_v2_20260707T223500-0500/wave70_mf70_mouth_lips_overlay.png,Instructions,.png,837564
Plan/Instructions/Operations/Prepared_Input_Assets/wave70_mf70_nose_20260707T202500-0500/wave70_mf70_nose_mask.png,Instructions,.png,3781
Plan/Instructions/Operations/Prepared_Input_Assets/wave70_mf70_nose_20260707T202500-0500/wave70_mf70_nose_overlay.png,Instructions,.png,836134
Plan/Instructions/Operations/Prepared_Input_Assets/wave70_mf70_nose_20260707T203500-0500/wave70_mf70_nose_mask.png,Instructions,.png,3361
Plan/Instructions/Operations/Prepared_Input_Assets/wave70_mf70_nose_20260707T203500-0500/wave70_mf70_nose_overlay.png,Instructions,.png,837474
Plan/Instructions/Operations/Prepared_Input_Assets/wave70_mf70_nose_20260707T204000-0500/wave70_mf70_nose_mask.png,Instructions,.png,3361
Plan/Instructions/Operations/Prepared_Input_Assets/wave70_mf70_nose_20260707T204000-0500/wave70_mf70_nose_overlay.png,Instructions,.png,836326
Plan/Instructions/Operations/Prepared_Input_Assets/wave70_mf70_nose_20260707T204500-0500/wave70_mf70_nose_mask.png,Instructions,.png,3361
Plan/Instructions/Operations/Prepared_Input_Assets/wave70_mf70_nose_20260707T204500-0500/wave70_mf70_nose_overlay.png,Instructions,.png,836385
Plan/Instructions/Operations/Prepared_Input_Assets/wave70_mf70_nose_source_landmark_20260707T212500-0500/wave70_mf70_nose_mask.png,Instructions,.png,2467
Plan/Instructions/Operations/Prepared_Input_Assets/wave70_mf70_nose_source_landmark_20260707T212500-0500/wave70_mf70_nose_overlay.png,Instructions,.png,835935
Plan/Instructions/Operations/Prepared_Input_Assets/wave70_mf70_nose_source_landmark_v2_20260707T214500-0500/wave70_mf70_nose_mask.png,Instructions,.png,2022
Plan/Instructions/Operations/Prepared_Input_Assets/wave70_mf70_nose_source_landmark_v2_20260707T214500-0500/wave70_mf70_nose_overlay.png,Instructions,.png,836204
Plan/Instructions/Operations/Prepared_Input_Assets/wave70_mf70_nose_source_landmark_v3_20260707T225000-0500/wave70_mf70_nose_mask.png,Instructions,.png,1153
Plan/Instructions/Operations/Prepared_Input_Assets/wave70_mf70_nose_source_landmark_v3_20260707T225000-0500/wave70_mf70_nose_overlay.png,Instructions,.png,756278
Plan/Instructions/Operations/Prepared_Input_Assets/wave70_mf70_nose_source_landmark_v3_20260707T225500-0500/wave70_mf70_nose_mask.png,Instructions,.png,1111
Plan/Instructions/Operations/Prepared_Input_Assets/wave70_mf70_nose_source_landmark_v3_20260707T225500-0500/wave70_mf70_nose_overlay.png,Instructions,.png,756834
Plan/Instructions/Operations/Prepared_Input_Assets/wave70_mf70_pupils_iris_sclera_v2_20260708T004000-0500/wave70_mf70_pupils_iris_sclera_v2_mask.png,Instructions,.png,2124
Plan/Instructions/Operations/Prepared_Input_Assets/wave70_mf70_pupils_iris_sclera_v2_20260708T004000-0500/wave70_mf70_pupils_iris_sclera_v2_overlay.png,Instructions,.png,758820
Plan/Instructions/Operations/Prepared_Input_Assets/wave70_mf70_teeth_20260707T194500-0500/wave70_mf70_teeth_mask.png,Instructions,.png,715
Plan/Instructions/Operations/Prepared_Input_Assets/wave70_mf70_teeth_20260707T194500-0500/wave70_mf70_teeth_overlay.png,Instructions,.png,837330
Plan/Instructions/Operations/Pulled_Back_Artifacts/canny_w72_followup_microbalance_0415_060_seed711570106_20260707T195924-0500/LOCAL_ARTIFACT_MANIFEST.json,Instructions,.json,6014
Plan/Instructions/Operations/Pulled_Back_Artifacts/canny_w72_followup_microbalance_0415_060_seed711570106_20260707T195924-0500/images/canny_w72_followup_microbalance_0415_060_seed711570106_00001_.png,Instructions,.png,713010
Plan/Instructions/Operations/Pulled_Back_Artifacts/canny_w72_followup_microbalance_0415_060_seed711570106_20260707T195924-0500/images/codex_sdxl_realvisxl_controlnet_canny_control_map_diagnostic_00021_.png,Instructions,.png,33162
Plan/Instructions/Operations/Pulled_Back_Artifacts/canny_w72_matrix_microlow_041060_seed711570106_20260707T195557-0500/LOCAL_ARTIFACT_MANIFEST.json,Instructions,.json,5938
Plan/Instructions/Operations/Pulled_Back_Artifacts/canny_w72_matrix_microlow_041060_seed711570106_20260707T195557-0500/images/canny_w72_matrix_microlow_041060_seed711570106_00001_.png,Instructions,.png,715509
Plan/Instructions/Operations/Pulled_Back_Artifacts/canny_w72_matrix_microlow_041060_seed711570106_20260707T195557-0500/images/codex_sdxl_realvisxl_controlnet_canny_control_map_diagnostic_00019_.png,Instructions,.png,33153
Plan/Instructions/Operations/Pulled_Back_Artifacts/canny_w72_matrix_microstrong_043060_seed711570106_20260707T195701-0500/LOCAL_ARTIFACT_MANIFEST.json,Instructions,.json,5968
Plan/Instructions/Operations/Pulled_Back_Artifacts/canny_w72_matrix_microstrong_043060_seed711570106_20260707T195701-0500/images/canny_w72_matrix_microstrong_043060_seed711570106_00001_.png,Instructions,.png,703695
Plan/Instructions/Operations/Pulled_Back_Artifacts/canny_w72_matrix_microstrong_043060_seed711570106_20260707T195701-0500/images/codex_sdxl_realvisxl_controlnet_canny_control_map_diagnostic_00020_.png,Instructions,.png,33156
Plan/Instructions/Operations/Pulled_Back_Artifacts/wave70_mf70_eyebrows_v3_seed210815_20260708T002000-0500/LOCAL_ARTIFACT_MANIFEST.json,Instructions,.json,5841
Plan/Instructions/Operations/Pulled_Back_Artifacts/wave70_mf70_eyebrows_v3_seed210815_20260708T002000-0500/images/codex_sdxl_realvisxl_inpaint_detail_micro_nomouth_v4_mask_preview_00029_.png,Instructions,.png,4787
Plan/Instructions/Operations/Pulled_Back_Artifacts/wave70_mf70_eyebrows_v3_seed210815_20260708T002000-0500/images/codex_wave70_mf70_eyebrows_seed210815_00002_.png,Instructions,.png,774560
Plan/Instructions/Operations/Pulled_Back_Artifacts/wave70_mf70_mouth_lips_seed210817_20260707T191423-0500/LOCAL_ARTIFACT_MANIFEST.json,Instructions,.json,5852
Plan/Instructions/Operations/Pulled_Back_Artifacts/wave70_mf70_mouth_lips_seed210817_20260707T191423-0500/images/codex_sdxl_realvisxl_inpaint_detail_micro_nomouth_v4_mask_preview_00023_.png,Instructions,.png,7223
Plan/Instructions/Operations/Pulled_Back_Artifacts/wave70_mf70_mouth_lips_v4_seed210821_20260707T213044-0500/LOCAL_ARTIFACT_MANIFEST.json,Instructions,.json,5882
Plan/Instructions/Operations/Pulled_Back_Artifacts/wave70_mf70_mouth_lips_v4_seed210821_20260707T213044-0500/images/codex_sdxl_realvisxl_inpaint_detail_micro_nomouth_v4_mask_preview_00027_.png,Instructions,.png,5364
Plan/Instructions/Operations/Pulled_Back_Artifacts/wave70_mf70_mouth_lips_v4_seed210821_20260707T213044-0500/images/codex_wave70_mf70_mouth_lips_v4_seed210821_00001_.png,Instructions,.png,774808
Plan/Instructions/Operations/Pulled_Back_Artifacts/wave70_mf70_nose_strict_repair_seed210819_20260707T201501-0500/LOCAL_ARTIFACT_MANIFEST.json,Instructions,.json,5932
Plan/Instructions/Operations/Pulled_Back_Artifacts/wave70_mf70_nose_strict_repair_seed210819_20260707T201501-0500/images/codex_sdxl_realvisxl_inpaint_detail_micro_nomouth_v4_mask_preview_00025_.png,Instructions,.png,8973
Plan/Instructions/Operations/Pulled_Back_Artifacts/wave70_mf70_nose_strict_repair_seed210819_20260707T201501-0500/images/codex_wave70_mf70_nose_strict_repair_seed210819_00001_.png,Instructions,.png,773668
Plan/Instructions/Operations/Pulled_Back_Artifacts/wave70_mf70_nose_v2_source_landmark_seed210820_20260707T211135-0500/LOCAL_ARTIFACT_MANIFEST.json,Instructions,.json,5982
Plan/Instructions/Operations/Pulled_Back_Artifacts/wave70_mf70_nose_v2_source_landmark_seed210820_20260707T211135-0500/images/codex_sdxl_realvisxl_inpaint_detail_micro_nomouth_v4_mask_preview_00026_.png,Instructions,.png,6734
Plan/Instructions/Operations/Pulled_Back_Artifacts/wave70_mf70_nose_v2_source_landmark_seed210820_20260707T211135-0500/images/codex_wave70_mf70_nose_v2_source_landmark_seed210820_00001_.png,Instructions,.png,774006
Plan/Instructions/Operations/Pulled_Back_Artifacts/wave70_mf70_pupils_iris_sclera_v3_seed210811_20260708T005500-0500/LOCAL_ARTIFACT_MANIFEST.json,Instructions,.json,5936
Plan/Instructions/Operations/Pulled_Back_Artifacts/wave70_mf70_pupils_iris_sclera_v3_seed210811_20260708T005500-0500/images/codex_sdxl_realvisxl_inpaint_detail_micro_nomouth_v4_mask_preview_00030_.png,Instructions,.png,4723
Plan/Instructions/Operations/Pulled_Back_Artifacts/wave70_mf70_pupils_iris_sclera_v3_seed210811_20260708T005500-0500/images/codex_wave70_mf70_pupils_iris_sclera_seed210811_00002_.png,Instructions,.png,774429
Plan/Instructions/Operations/Pulled_Back_Artifacts/wave70_mf70_teeth_seed210818_20260707T193049-0500/LOCAL_ARTIFACT_MANIFEST.json,Instructions,.json,5802
Plan/Instructions/Operations/Pulled_Back_Artifacts/wave70_mf70_teeth_seed210818_20260707T193049-0500/images/codex_sdxl_realvisxl_inpaint_detail_micro_nomouth_v4_mask_preview_00024_.png,Instructions,.png,4836
Plan/Instructions/Operations/Pulled_Back_Artifacts/wave70_mf70_under_eye_v2_seed210814_20260707T233500-0500/LOCAL_ARTIFACT_MANIFEST.json,Instructions,.json,5851
Plan/Instructions/Operations/Pulled_Back_Artifacts/wave70_mf70_under_eye_v2_seed210814_20260707T233500-0500/images/codex_sdxl_realvisxl_inpaint_detail_micro_nomouth_v4_mask_preview_00028_.png,Instructions,.png,4843
Plan/Instructions/Operations/Pulled_Back_Artifacts/wave70_mf70_under_eye_v2_seed210814_20260707T233500-0500/images/codex_wave70_mf70_under_eye_seed210814_00002_.png,Instructions,.png,774561
Plan/Instructions/QA/Evidence/Daily_Artifact_QA_Integrity/DAILY_ARTIFACT_QA_INTEGRITY_ACTIONABLE_20260708T191921Z.json,Instructions,.json,1994
Plan/Instructions/QA/Evidence/Daily_Artifact_QA_Integrity/DAILY_ARTIFACT_QA_INTEGRITY_LEDGER_GAP_20260708T091553-0500.json,Instructions,.json,1667
Plan/Instructions/QA/Evidence/Daily_Artifact_QA_Integrity/DAILY_ARTIFACT_QA_LEDGER_GAP_20260708_192300.json,Instructions,.json,2232
Plan/Instructions/QA/Evidence/Image_Artifact_QA/W70_LOCAL_MF70_NOSE_STRICT_REPAIR_SEED210819_VISUAL_QA_20260707T205000-0500.json,Instructions,.json,4592
Plan/Instructions/QA/Evidence/Image_Artifact_QA/W72_LOCAL_CANNY_MICRO_CONTROL_MATRIX_VISUAL_QA_20260707T201500-0500.json,Instructions,.json,9995
Plan/Instructions/QA/Evidence/Mask_Factory/Wave70/GOLD_MASK_DEPENDENCY_BOUNDARY_20260708T222123-0500.json,Instructions,.json,2204
Plan/Instructions/QA/Evidence/Mask_Factory/Wave70/W70_AVAILABLE_ROUTE_RUNTIME_VALIDATION_GATES_20260708T185208-0500.json,Instructions,.json,1893
Plan/Instructions/QA/Evidence/Mask_Factory/Wave70/W70_BODY_REFERENCE_MATRIX_ADVANCE_TO_0177_20260708T183126-0500.json,Instructions,.json,1456
Plan/Instructions/QA/Evidence/Mask_Factory/Wave70/W70_BODY_REFERENCE_MATRIX_ADVANCE_TO_0177_20260708T183227-0500.json,Instructions,.json,1456
Plan/Instructions/QA/Evidence/Mask_Factory/Wave70/W70_BODY_REFERENCE_MATRIX_ADVANCE_TO_0177_20260708T183306-0500.json,Instructions,.json,1451
Plan/Instructions/QA/Evidence/Mask_Factory/Wave70/W70_CANONICAL_BODY_GEOMETRY_PREREQUISITE_GAP_20260708T184418-0500.json,Instructions,.json,10897
Plan/Instructions/QA/Evidence/Mask_Factory/Wave70/W70_CURRENT_INPUT_MASKS_USER_DISPUTE_FAIL_CLOSED_AUDIT_20260707T222606-0500.json,Instructions,.json,12859
Plan/Instructions/QA/Evidence/Mask_Factory/Wave70/W70_DEPENDENCY_PROBE_REFRESH_ALIGNMENT_20260708T184729-0500.json,Instructions,.json,3370
Plan/Instructions/QA/Evidence/Mask_Factory/Wave70/W70_EYE_BOUNDARY_MANUAL_TRACE_V1_20260707T232500-0500.json,Instructions,.json,1808
Plan/Instructions/QA/Evidence/Mask_Factory/Wave70/W70_MASK_GEOMETRY_HARD_GATE_LATEST.json,Instructions,.json,306126
Plan/Instructions/QA/Evidence/Mask_Factory/Wave70/W70_MASK_GEOMETRY_HARD_GATE_POST_AVAILABLE_ROUTE_RUNTIME_VALIDATION_20260708T185104-0500.json,Instructions,.json,305636
Plan/Instructions/QA/Evidence/Mask_Factory/Wave70/W70_MASK_GEOMETRY_HARD_GATE_POST_BODY_REFERENCE_MATRIX_AUTHORITY_20260708T054500-0500.json,Instructions,.json,305320
Plan/Instructions/QA/Evidence/Mask_Factory/Wave70/W70_MASK_GEOMETRY_HARD_GATE_POST_BODY_REGION_GEOMETRY_AUTHORITY_20260708T050700-0500.json,Instructions,.json,305246
Plan/Instructions/QA/Evidence/Mask_Factory/Wave70/W70_MASK_GEOMETRY_HARD_GATE_POST_CATEGORY_REMOVAL_20260708T013631-0500.json,Instructions,.json,301144
Plan/Instructions/QA/Evidence/Mask_Factory/Wave70/W70_MASK_GEOMETRY_HARD_GATE_POST_CATEGORY_REMOVAL_FINAL_20260708T020000-0500.json,Instructions,.json,302977
Plan/Instructions/QA/Evidence/Mask_Factory/Wave70/W70_MASK_GEOMETRY_HARD_GATE_POST_CONTACT_OCCLUSION_OWNERSHIP_AUTHORITY_20260708T045400-0500.json,Instructions,.json,305216
Plan/Instructions/QA/Evidence/Mask_Factory/Wave70/W70_MASK_GEOMETRY_HARD_GATE_POST_FACE_PARSING_AUTHORITY_20260708T063900-0500.json,Instructions,.json,305456
Plan/Instructions/QA/Evidence/Mask_Factory/Wave70/W70_MASK_GEOMETRY_HARD_GATE_POST_FEET_TOES_CONTACT_AUTHORITY_20260708T042600-0500.json,Instructions,.json,305120
Plan/Instructions/QA/Evidence/Mask_Factory/Wave70/W70_MASK_GEOMETRY_HARD_GATE_POST_HAIR_BODY_SKIN_MARKS_AUTHORITY_20260708T044000-0500.json,Instructions,.json,305166
Plan/Instructions/QA/Evidence/Mask_Factory/Wave70/W70_MASK_GEOMETRY_HARD_GATE_POST_HAND_FINGER_AUTHORITY_20260708T032600-0500.json,Instructions,.json,304910
Plan/Instructions/QA/Evidence/Mask_Factory/Wave70/W70_MASK_GEOMETRY_HARD_GATE_POST_HUMAN_PART_PARSING_AUTHORITY_20260708T034300-0500.json,Instructions,.json,304956
Plan/Instructions/QA/Evidence/Mask_Factory/Wave70/W70_MASK_GEOMETRY_HARD_GATE_POST_LIMB_JOINT_AUTHORITY_20260708T041400-0500.json,Instructions,.json,305062
Plan/Instructions/QA/Evidence/Mask_Factory/Wave70/W70_MASK_GEOMETRY_HARD_GATE_POST_MF70_BELLY_BUTTON_UMBILICUS_20260708T101337-0500.json,Instructions,.json,306994
Plan/Instructions/QA/Evidence/Mask_Factory/Wave70/W70_MASK_GEOMETRY_HARD_GATE_POST_MF70_LEFT_FOREARM_20260708T123754-0500.json,Instructions,.json,306142
Plan/Instructions/QA/Evidence/Mask_Factory/Wave70/W70_MASK_GEOMETRY_HARD_GATE_POST_MF70_LEFT_UPPER_ARM_20260708T102539-0500.json,Instructions,.json,307094
Plan/Instructions/QA/Evidence/Mask_Factory/Wave70/W70_MASK_GEOMETRY_HARD_GATE_POST_MODEL_CONSENSUS_REF_IMAGE_1_20260708T150714-0500.json,Instructions,.json,305788
Plan/Instructions/QA/Evidence/Mask_Factory/Wave70/W70_MASK_GEOMETRY_HARD_GATE_POST_PERSON_INSTANCE_OWNER_AUTHORITY_FINAL_20260708T022500-0500.json,Instructions,.json,303027
Plan/Instructions/QA/Evidence/Mask_Factory/Wave70/W70_MASK_GEOMETRY_HARD_GATE_POST_POSE_LANDMARK_AUTHORITY_CLEAN_FINAL_20260708T030300-0500.json,Instructions,.json,304864
Plan/Instructions/QA/Evidence/Mask_Factory/Wave70/W70_MASK_GEOMETRY_HARD_GATE_POST_POSE_LANDMARK_AUTHORITY_FINAL_20260708T024900-0500.json,Instructions,.json,304864
Plan/Instructions/QA/Evidence/Mask_Factory/Wave70/W70_MASK_GEOMETRY_HARD_GATE_POST_REDO_EXISTING_BODY_HAND_CONTACT_MASKS_20260708T055600-0500.json,Instructions,.json,305366
Plan/Instructions/QA/Evidence/Mask_Factory/Wave70/W70_MASK_GEOMETRY_HARD_GATE_POST_REF_IMAGE_1_ATTACH_20260708T134221-0500.json,Instructions,.json,306078
Plan/Instructions/QA/Evidence/Mask_Factory/Wave70/W70_MASK_GEOMETRY_HARD_GATE_POST_SANITIZED_BODY_DEPENDENCY_PROBE_20260708T012536-0500.json,Instructions,.json,288329
Plan/Instructions/QA/Evidence/Mask_Factory/Wave70/W70_MASK_GEOMETRY_HARD_GATE_POST_SEGMENTATION_REFINEMENT_AUTHORITY_20260708T065300-0500.json,Instructions,.json,305496
Plan/Instructions/QA/Evidence/Mask_Factory/Wave70/W70_MASK_GEOMETRY_HARD_GATE_POST_SOFT_BODY_ANCHOR_GEOMETRY_AUTHORITY_20260708T051600-0500.json,Instructions,.json,305276
Plan/Instructions/QA/Evidence/Mask_Factory/Wave70/W70_MASK_GEOMETRY_HARD_GATE_POST_TEMPORAL_BODY_PART_TRACKING_AUTHORITY_20260708T052700-0500.json,Instructions,.json,305298
Plan/Instructions/QA/Evidence/Mask_Factory/Wave70/W70_MASK_GEOMETRY_HARD_GATE_POST_TORSO_REGION_AUTHORITY_20260708T040400-0500.json,Instructions,.json,305004
Plan/Instructions/QA/Evidence/Mask_Factory/Wave70/W70_MASK_GEOMETRY_HARD_GATE_POST_VISIBILITY_OCCLUSION_CONFIDENCE_20260708T070400-0500.json,Instructions,.json,305528
Plan/Instructions/QA/Evidence/Mask_Factory/Wave70/W70_MASK_GEOMETRY_HARD_GATE_POST_WHOLE_BODY_DEPENDENCY_PROBE_REFRESH_20260708T184528-0500.json,Instructions,.json,305636
Plan/Instructions/QA/Evidence/Mask_Factory/Wave70/W70_MASK_GEOMETRY_HARD_GATE_POST_WHOLE_BODY_GEOMETRY_PROMOTION_INTEGRATION_20260708T060700-0500.json,Instructions,.json,305416
Plan/Instructions/QA/Evidence/Mask_Factory/Wave70/W70_MASK_PROMOTION_HARD_GATE_LATEST.json,Instructions,.json,228277
Plan/Instructions/QA/Evidence/Mask_Factory/Wave70/W70_MASK_PROMOTION_HARD_GATE_POST_AVAILABLE_ROUTE_RUNTIME_VALIDATION_20260708T185104-0500.json,Instructions,.json,227787
Plan/Instructions/QA/Evidence/Mask_Factory/Wave70/W70_MASK_PROMOTION_HARD_GATE_POST_BODY_REFERENCE_MATRIX_AUTHORITY_20260708T054500-0500.json,Instructions,.json,227471
Plan/Instructions/QA/Evidence/Mask_Factory/Wave70/W70_MASK_PROMOTION_HARD_GATE_POST_BODY_REGION_GEOMETRY_AUTHORITY_20260708T050700-0500.json,Instructions,.json,227397
Plan/Instructions/QA/Evidence/Mask_Factory/Wave70/W70_MASK_PROMOTION_HARD_GATE_POST_CATEGORY_REMOVAL_20260708T013631-0500.json,Instructions,.json,224231
Plan/Instructions/QA/Evidence/Mask_Factory/Wave70/W70_MASK_PROMOTION_HARD_GATE_POST_CATEGORY_REMOVAL_FINAL_20260708T020000-0500.json,Instructions,.json,225596
Plan/Instructions/QA/Evidence/Mask_Factory/Wave70/W70_MASK_PROMOTION_HARD_GATE_POST_CONTACT_OCCLUSION_OWNERSHIP_AUTHORITY_20260708T045400-0500.json,Instructions,.json,227367
Plan/Instructions/QA/Evidence/Mask_Factory/Wave70/W70_MASK_PROMOTION_HARD_GATE_POST_FACE_PARSING_AUTHORITY_20260708T063900-0500.json,Instructions,.json,227607
Plan/Instructions/QA/Evidence/Mask_Factory/Wave70/W70_MASK_PROMOTION_HARD_GATE_POST_FEET_TOES_CONTACT_AUTHORITY_20260708T042600-0500.json,Instructions,.json,227271
Plan/Instructions/QA/Evidence/Mask_Factory/Wave70/W70_MASK_PROMOTION_HARD_GATE_POST_HAIR_BODY_SKIN_MARKS_AUTHORITY_20260708T044000-0500.json,Instructions,.json,227317
Plan/Instructions/QA/Evidence/Mask_Factory/Wave70/W70_MASK_PROMOTION_HARD_GATE_POST_HAND_FINGER_AUTHORITY_20260708T032600-0500.json,Instructions,.json,227061
Plan/Instructions/QA/Evidence/Mask_Factory/Wave70/W70_MASK_PROMOTION_HARD_GATE_POST_HUMAN_PART_PARSING_AUTHORITY_20260708T034300-0500.json,Instructions,.json,227107
Plan/Instructions/QA/Evidence/Mask_Factory/Wave70/W70_MASK_PROMOTION_HARD_GATE_POST_LIMB_JOINT_AUTHORITY_20260708T041400-0500.json,Instructions,.json,227213
Plan/Instructions/QA/Evidence/Mask_Factory/Wave70/W70_MASK_PROMOTION_HARD_GATE_POST_MF70_BELLY_BUTTON_UMBILICUS_20260708T101337-0500.json,Instructions,.json,229481
Plan/Instructions/QA/Evidence/Mask_Factory/Wave70/W70_MASK_PROMOTION_HARD_GATE_POST_MF70_LEFT_FOREARM_20260708T123754-0500.json,Instructions,.json,228293
Plan/Instructions/QA/Evidence/Mask_Factory/Wave70/W70_MASK_PROMOTION_HARD_GATE_POST_MF70_LEFT_UPPER_ARM_20260708T102539-0500.json,Instructions,.json,229581
Plan/Instructions/QA/Evidence/Mask_Factory/Wave70/W70_MASK_PROMOTION_HARD_GATE_POST_MODEL_CONSENSUS_REF_IMAGE_1_20260708T150714-0500.json,Instructions,.json,227939
Plan/Instructions/QA/Evidence/Mask_Factory/Wave70/W70_MASK_PROMOTION_HARD_GATE_POST_PERSON_INSTANCE_OWNER_AUTHORITY_FINAL_20260708T022500-0500.json,Instructions,.json,225646
Plan/Instructions/QA/Evidence/Mask_Factory/Wave70/W70_MASK_PROMOTION_HARD_GATE_POST_POSE_LANDMARK_AUTHORITY_CLEAN_FINAL_20260708T030300-0500.json,Instructions,.json,227015
Plan/Instructions/QA/Evidence/Mask_Factory/Wave70/W70_MASK_PROMOTION_HARD_GATE_POST_POSE_LANDMARK_AUTHORITY_FINAL_20260708T024900-0500.json,Instructions,.json,227015
Plan/Instructions/QA/Evidence/Mask_Factory/Wave70/W70_MASK_PROMOTION_HARD_GATE_POST_REDO_EXISTING_BODY_HAND_CONTACT_MASKS_20260708T055600-0500.json,Instructions,.json,227517
Plan/Instructions/QA/Evidence/Mask_Factory/Wave70/W70_MASK_PROMOTION_HARD_GATE_POST_REF_IMAGE_1_ATTACH_20260708T134221-0500.json,Instructions,.json,228229
Plan/Instructions/QA/Evidence/Mask_Factory/Wave70/W70_MASK_PROMOTION_HARD_GATE_POST_SANITIZED_BODY_DEPENDENCY_PROBE_20260708T012536-0500.json,Instructions,.json,214692
Plan/Instructions/QA/Evidence/Mask_Factory/Wave70/W70_MASK_PROMOTION_HARD_GATE_POST_SEGMENTATION_REFINEMENT_AUTHORITY_20260708T065300-0500.json,Instructions,.json,227647
Plan/Instructions/QA/Evidence/Mask_Factory/Wave70/W70_MASK_PROMOTION_HARD_GATE_POST_SOFT_BODY_ANCHOR_GEOMETRY_AUTHORITY_20260708T051600-0500.json,Instructions,.json,227427
Plan/Instructions/QA/Evidence/Mask_Factory/Wave70/W70_MASK_PROMOTION_HARD_GATE_POST_TEMPORAL_BODY_PART_TRACKING_AUTHORITY_20260708T052700-0500.json,Instructions,.json,227449
Plan/Instructions/QA/Evidence/Mask_Factory/Wave70/W70_MASK_PROMOTION_HARD_GATE_POST_TORSO_REGION_AUTHORITY_20260708T040400-0500.json,Instructions,.json,227155
Plan/Instructions/QA/Evidence/Mask_Factory/Wave70/W70_MASK_PROMOTION_HARD_GATE_POST_VISIBILITY_OCCLUSION_CONFIDENCE_20260708T070400-0500.json,Instructions,.json,227679
Plan/Instructions/QA/Evidence/Mask_Factory/Wave70/W70_MASK_PROMOTION_HARD_GATE_POST_WHOLE_BODY_DEPENDENCY_PROBE_REFRESH_20260708T184528-0500.json,Instructions,.json,227787
Plan/Instructions/QA/Evidence/Mask_Factory/Wave70/W70_MASK_PROMOTION_HARD_GATE_POST_WHOLE_BODY_GEOMETRY_PROMOTION_INTEGRATION_20260708T060700-0500.json,Instructions,.json,227567
Plan/Instructions/QA/Evidence/Mask_Factory/Wave70/W70_MF70_EYEBROWS_V2_SOURCE_LANDMARK_REPAIR_20260708T000500-0500.json,Instructions,.json,5854
Plan/Instructions/QA/Evidence/Mask_Factory/Wave70/W70_MF70_EYELIDS_SOURCE_LANDMARK_REPAIR_V2_20260707T231500-0500.json,Instructions,.json,3217
Plan/Instructions/QA/Evidence/Mask_Factory/Wave70/W70_MF70_EYELIDS_SOURCE_LANDMARK_REPAIR_V2_20260707T232500-0500.json,Instructions,.json,3213
Plan/Instructions/QA/Evidence/Mask_Factory/Wave70/W70_MF70_EYELIDS_SOURCE_LANDMARK_REPAIR_V2_20260707T234500-0500.json,Instructions,.json,7036
Plan/Instructions/QA/Evidence/Mask_Factory/Wave70/W70_MF70_EYELIDS_SOURCE_LANDMARK_REPAIR_V2_20260707T235500-0500.json,Instructions,.json,7032
Plan/Instructions/QA/Evidence/Mask_Factory/Wave70/W70_MF70_MOUTH_LIPS_SOURCE_LANDMARK_REPAIR_20260707T221500-0500.json,Instructions,.json,5577
Plan/Instructions/QA/Evidence/Mask_Factory/Wave70/W70_MF70_MOUTH_LIPS_SOURCE_LANDMARK_REPAIR_V2_20260707T222500-0500.json,Instructions,.json,5484
Plan/Instructions/QA/Evidence/Mask_Factory/Wave70/W70_MF70_MOUTH_LIPS_SOURCE_LANDMARK_REPAIR_V2_20260707T223000-0500.json,Instructions,.json,5486
Plan/Instructions/QA/Evidence/Mask_Factory/Wave70/W70_MF70_MOUTH_LIPS_SOURCE_LANDMARK_REPAIR_V2_20260707T223500-0500.json,Instructions,.json,5448
Plan/Instructions/QA/Evidence/Mask_Factory/Wave70/W70_MF70_NOSE_SOURCE_LANDMARK_PROTECTED_OVERLAP_AUDIT_20260707T213500-0500.json,Instructions,.json,5107
Plan/Instructions/QA/Evidence/Mask_Factory/Wave70/W70_MF70_NOSE_SOURCE_LANDMARK_REPAIR_V3_20260707T225000-0500.json,Instructions,.json,3077
Plan/Instructions/QA/Evidence/Mask_Factory/Wave70/W70_MF70_NOSE_STRICT_REPAIR_USER_DISPUTE_20260707T210000-0500.json,Instructions,.json,2906
Plan/Instructions/QA/Evidence/Mask_Factory/Wave70/W70_MF70_PUPILS_IRIS_SCLERA_V2_SOURCE_APERTURE_REPAIR_20260708T004000-0500.json,Instructions,.json,5725
Plan/Instructions/QA/Evidence/Mask_Factory/Wave70/W70_MF70_TEETH_STRICT_VISUAL_ACCEPTANCE_20260707T230000-0500.json,Instructions,.json,7815
Plan/Instructions/QA/Evidence/Mask_Factory/Wave70/W70_MF70_UNDER_EYE_STRICT_VISUAL_ACCEPTANCE_20260707T231500-0500.json,Instructions,.json,7660
Plan/Instructions/QA/Evidence/Mask_Factory/Wave70/W70_MODEL_BACKED_GEOMETRY_AUTHORITY_REQUIREMENT_20260708T003500-0500.json,Instructions,.json,3966
Plan/Instructions/QA/Evidence/Mask_Factory/Wave70/W70_MODEL_CONSENSUS_GEOMETRY_VALIDATOR_20260708T150714-0500.json,Instructions,.json,10259
Plan/Instructions/QA/Evidence/Mask_Factory/Wave70/W70_PROTECTED_BOUNDARY_REGISTRY_ENFORCEMENT_20260707T203700-0500.json,Instructions,.json,2322
Plan/Instructions/QA/Evidence/Mask_Factory/Wave70/W70_REDO_EXISTING_BODY_HAND_CONTACT_ADVANCE_TO_0178_20260708T183724-0500.json,Instructions,.json,2190
Plan/Instructions/QA/Evidence/Mask_Factory/Wave70/W70_REFERENCE_IMAGE_MATRIX_ENFORCEMENT_20260707T200600-0500.json,Instructions,.json,3354
Plan/Instructions/QA/Evidence/Mask_Factory/Wave70/W70_REF_IMAGE_1_BODY_MASK_GOLD_STANDARD_20260708T133309-0500.json,Instructions,.json,50588
Plan/Instructions/QA/Evidence/Mask_Factory/Wave70/W70_SOURCE_ALIGNMENT_FAIL_CLOSED_VALIDATION_20260707T232000-0500.json,Instructions,.json,29675
Plan/Instructions/QA/Evidence/Mask_Factory/Wave70/W70_SOURCE_ALIGNMENT_FAIL_CLOSED_VALIDATION_20260707T233000-0500.json,Instructions,.json,29463
Plan/Instructions/QA/Evidence/Mask_Factory/Wave70/W70_SOURCE_ALIGNMENT_FAIL_CLOSED_VALIDATION_20260707T235000-0500.json,Instructions,.json,29801
Plan/Instructions/QA/Evidence/Mask_Factory/Wave70/W70_SOURCE_ALIGNMENT_FAIL_CLOSED_VALIDATION_20260708T000000-0500.json,Instructions,.json,29559
Plan/Instructions/QA/Evidence/Mask_Factory/Wave70/W70_WHOLE_BODY_GEOMETRY_PROMOTION_INTEGRATION_TERMINAL_BLOCKER_20260708T183948-0500.json,Instructions,.json,2608
Plan/Instructions/QA/Evidence/Mask_Factory/Wave70/W70_WHOLE_BODY_ROWS_GATE_TOKEN_BACKFILL_20260708T004440-0500.json,Instructions,.json,4254
Plan/Instructions/QA/Evidence/Mask_Factory/Wave70/available_route_runtime_validation_gates.json,Instructions,.json,1893
Plan/Instructions/QA/Evidence/Mask_Factory/Wave70/canonical_body_geometry_prerequisite_gap.json,Instructions,.json,10897
Plan/Instructions/QA/Evidence/Milestone_Progress_Audit/SIX_HOUR_MILESTONE_PROGRESS_FINDING_20260708T011317-0500.json,Instructions,.json,1842
Plan/Instructions/QA/Evidence/Milestone_Progress_Audit/SIX_HOUR_SEQUENCE_AUDIT_PROTOCOL_AND_MANIFEST_FIX_20260708T171717-0500.json,Instructions,.json,2845
Plan/Instructions/QA/Evidence/Weekly_Plan_Consistency/WEEKLY_PLAN_CONSISTENCY_FINDINGS_20260708T041415Z.json,Instructions,.json,5621
Plan/Instructions/QA/Evidence/Weekly_Plan_Consistency/WEEKLY_PLAN_CONSISTENCY_FINDINGS_20260708T091826Z.json,Instructions,.json,4661
Plan/Instructions/QA/Evidence/Weekly_Plan_Consistency/WEEKLY_PLAN_CONSISTENCY_FINDINGS_20260708T141815Z.json,Instructions,.json,2669
Plan/Instructions/QA/Evidence/Weekly_Plan_Consistency/WEEKLY_PLAN_CONSISTENCY_FINDINGS_20260708T191942Z.json,Instructions,.json,3154
Plan/Instructions/QA/Evidence/Weekly_Plan_Consistency/WEEKLY_PLAN_CONSISTENCY_FINDINGS_20260709T002227Z.json,Instructions,.json,2986
Plan/Instructions/QA/Evidence/Workflow_Runtime/W70_LOCAL_MF70_EYEBROWS_V3_SEED210815_EXECUTE_20260708T002000-0500.json,Instructions,.json,5839
Plan/Instructions/QA/Evidence/Workflow_Runtime/W70_LOCAL_MF70_MOUTH_LIPS_SEED210817_EXECUTE_20260707T193000-0500.json,Instructions,.json,5850
Plan/Instructions/QA/Evidence/Workflow_Runtime/W70_LOCAL_MF70_MOUTH_LIPS_V4_SEED210821_EXECUTE_20260707T224500-0500.json,Instructions,.json,5880
Plan/Instructions/QA/Evidence/Workflow_Runtime/W70_LOCAL_MF70_NOSE_STRICT_REPAIR_SEED210819_EXECUTE_20260707T205000-0500.json,Instructions,.json,5930
Plan/Instructions/QA/Evidence/Workflow_Runtime/W70_LOCAL_MF70_NOSE_V2_SOURCE_LANDMARK_SEED210820_EXECUTE_20260707T220000-0500.json,Instructions,.json,5980
Plan/Instructions/QA/Evidence/Workflow_Runtime/W70_LOCAL_MF70_PUPILS_IRIS_SCLERA_V3_SEED210811_EXECUTE_20260708T005500-0500.json,Instructions,.json,5934
Plan/Instructions/QA/Evidence/Workflow_Runtime/W70_LOCAL_MF70_TEETH_SEED210818_EXECUTE_20260707T194500-0500.json,Instructions,.json,5800
Plan/Instructions/QA/Evidence/Workflow_Runtime/W70_LOCAL_MF70_UNDER_EYE_V2_SEED210814_EXECUTE_20260707T233500-0500.json,Instructions,.json,5849
Plan/Instructions/QA/Evidence/Workflow_Runtime/W72_LOCAL_CANNY_FOLLOWUP_MICROBALANCE_0415_060_SEED711570106_EXECUTE_20260707T201000-0500.json,Instructions,.json,6012
Plan/Instructions/QA/Evidence/Workflow_Runtime/W72_LOCAL_CANNY_MATRIX_MICROLOW_041060_SEED711570106_EXECUTE_20260707T200000-0500.json,Instructions,.json,5936
Plan/Instructions/QA/Evidence/Workflow_Runtime/W72_LOCAL_CANNY_MATRIX_MICROSTRONG_043060_SEED711570106_EXECUTE_20260707T200500-0500.json,Instructions,.json,5966
Plan/Instructions/QA/GOLD_STANDARD_MASK_DEPENDENCY_GATE_PROTOCOL.md,Instructions,.md,3321
Plan/Instructions/QA/Templates/WAVE70_REFERENCE_IMAGE_MATRIX_MANIFEST_TEMPLATE.json,Instructions,.json,3003
Plan/Instructions/TECHNICAL_PROJECT_PLAN_SEQUENCE_AUDIT_PROTOCOL.md,Instructions,.md,4666
Plan/Instructions/WAVE_NAMESPACE_AND_SEQUENCE_CONTROL.md,Instructions,.md,4901
Plan/Items/Waves/Wave70/WAVE70_ULTIMATE_MASK_FACTORY_REQUIREMENTS.json,Items,.json,1562
Plan/Tracker/Evidence/GOLD_MASK_DEPENDENCY_BOUNDARY_20260708T222123-0500.json,Tracker,.json,706
Plan/Tracker/Evidence/W70_AVAILABLE_ROUTE_RUNTIME_VALIDATION_GATES_20260708T185208-0500.json,Tracker,.json,1893
Plan/Tracker/Evidence/W70_CANONICAL_BODY_GEOMETRY_PREREQUISITE_GAP_20260708T184418-0500.json,Tracker,.json,10897
Plan/Tracker/Evidence/W70_CURRENT_INPUT_MASKS_USER_DISPUTE_FAIL_CLOSED_AUDIT_20260707T222606-0500.json,Tracker,.json,12859
Plan/Tracker/Evidence/W70_DEPENDENCY_PROBE_REFRESH_ALIGNMENT_20260708T184729-0500.json,Tracker,.json,3370
Plan/Tracker/Evidence/W70_EYE_BOUNDARY_MANUAL_TRACE_V1_20260707T232500-0500.json,Tracker,.json,1808
Plan/Tracker/Evidence/W70_MASK_ALIGNMENT_FAIL_CLOSED_AUDIT_20260707T211500-0500.json,Tracker,.json,2299
Plan/Tracker/Evidence/W70_MASK_ALIGNMENT_STRICT_VISUAL_REVIEW_20260707T192500-0500.json,Tracker,.json,993
Plan/Tracker/Evidence/W70_MASK_ALIGNMENT_USER_DISPUTE_GLOBAL_REVIEW_20260707T211000-0500.json,Tracker,.json,1997
Plan/Tracker/Evidence/W70_MASK_GEOMETRY_HARD_GATE_POST_AVAILABLE_ROUTE_RUNTIME_VALIDATION_20260708T185104-0500.json,Tracker,.json,305636
Plan/Tracker/Evidence/W70_MASK_GEOMETRY_HARD_GATE_POST_BODY_REFERENCE_MATRIX_AUTHORITY_20260708T054500-0500.json,Tracker,.json,305320
Plan/Tracker/Evidence/W70_MASK_GEOMETRY_HARD_GATE_POST_BODY_REGION_GEOMETRY_AUTHORITY_20260708T050700-0500.json,Tracker,.json,305246
Plan/Tracker/Evidence/W70_MASK_GEOMETRY_HARD_GATE_POST_CATEGORY_REMOVAL_20260708T013631-0500.json,Tracker,.json,301144
Plan/Tracker/Evidence/W70_MASK_GEOMETRY_HARD_GATE_POST_CATEGORY_REMOVAL_FINAL_20260708T020000-0500.json,Tracker,.json,302977
Plan/Tracker/Evidence/W70_MASK_GEOMETRY_HARD_GATE_POST_CONTACT_OCCLUSION_OWNERSHIP_AUTHORITY_20260708T045400-0500.json,Tracker,.json,305216
Plan/Tracker/Evidence/W70_MASK_GEOMETRY_HARD_GATE_POST_FACE_PARSING_AUTHORITY_20260708T063900-0500.json,Tracker,.json,305456
Plan/Tracker/Evidence/W70_MASK_GEOMETRY_HARD_GATE_POST_FEET_TOES_CONTACT_AUTHORITY_20260708T042600-0500.json,Tracker,.json,305120
Plan/Tracker/Evidence/W70_MASK_GEOMETRY_HARD_GATE_POST_HAIR_BODY_SKIN_MARKS_AUTHORITY_20260708T044000-0500.json,Tracker,.json,305166
Plan/Tracker/Evidence/W70_MASK_GEOMETRY_HARD_GATE_POST_HAND_FINGER_AUTHORITY_20260708T032600-0500.json,Tracker,.json,304910
Plan/Tracker/Evidence/W70_MASK_GEOMETRY_HARD_GATE_POST_HUMAN_PART_PARSING_AUTHORITY_20260708T034300-0500.json,Tracker,.json,304956
Plan/Tracker/Evidence/W70_MASK_GEOMETRY_HARD_GATE_POST_LIMB_JOINT_AUTHORITY_20260708T041400-0500.json,Tracker,.json,305062
Plan/Tracker/Evidence/W70_MASK_GEOMETRY_HARD_GATE_POST_MF70_BELLY_BUTTON_UMBILICUS_20260708T101337-0500.json,Tracker,.json,306994
Plan/Tracker/Evidence/W70_MASK_GEOMETRY_HARD_GATE_POST_MF70_LEFT_FOREARM_20260708T123754-0500.json,Tracker,.json,306142
Plan/Tracker/Evidence/W70_MASK_GEOMETRY_HARD_GATE_POST_MF70_LEFT_UPPER_ARM_20260708T102539-0500.json,Tracker,.json,307094
Plan/Tracker/Evidence/W70_MASK_GEOMETRY_HARD_GATE_POST_MODEL_CONSENSUS_REF_IMAGE_1_20260708T150714-0500.json,Tracker,.json,305788
Plan/Tracker/Evidence/W70_MASK_GEOMETRY_HARD_GATE_POST_PERSON_INSTANCE_OWNER_AUTHORITY_FINAL_20260708T022500-0500.json,Tracker,.json,303027
Plan/Tracker/Evidence/W70_MASK_GEOMETRY_HARD_GATE_POST_POSE_LANDMARK_AUTHORITY_CLEAN_FINAL_20260708T030300-0500.json,Tracker,.json,304864
Plan/Tracker/Evidence/W70_MASK_GEOMETRY_HARD_GATE_POST_POSE_LANDMARK_AUTHORITY_FINAL_20260708T024900-0500.json,Tracker,.json,304864
Plan/Tracker/Evidence/W70_MASK_GEOMETRY_HARD_GATE_POST_REDO_EXISTING_BODY_HAND_CONTACT_MASKS_20260708T055600-0500.json,Tracker,.json,305366
Plan/Tracker/Evidence/W70_MASK_GEOMETRY_HARD_GATE_POST_REF_IMAGE_1_ATTACH_20260708T134221-0500.json,Tracker,.json,306078
Plan/Tracker/Evidence/W70_MASK_GEOMETRY_HARD_GATE_POST_SANITIZED_BODY_DEPENDENCY_PROBE_20260708T012536-0500.json,Tracker,.json,288329
Plan/Tracker/Evidence/W70_MASK_GEOMETRY_HARD_GATE_POST_SEGMENTATION_REFINEMENT_AUTHORITY_20260708T065300-0500.json,Tracker,.json,305496
Plan/Tracker/Evidence/W70_MASK_GEOMETRY_HARD_GATE_POST_SOFT_BODY_ANCHOR_GEOMETRY_AUTHORITY_20260708T051600-0500.json,Tracker,.json,305276
Plan/Tracker/Evidence/W70_MASK_GEOMETRY_HARD_GATE_POST_TEMPORAL_BODY_PART_TRACKING_AUTHORITY_20260708T052700-0500.json,Tracker,.json,305298
Plan/Tracker/Evidence/W70_MASK_GEOMETRY_HARD_GATE_POST_TORSO_REGION_AUTHORITY_20260708T040400-0500.json,Tracker,.json,305004
Plan/Tracker/Evidence/W70_MASK_GEOMETRY_HARD_GATE_POST_VISIBILITY_OCCLUSION_CONFIDENCE_20260708T070400-0500.json,Tracker,.json,305528
Plan/Tracker/Evidence/W70_MASK_GEOMETRY_HARD_GATE_POST_WHOLE_BODY_DEPENDENCY_PROBE_REFRESH_20260708T184528-0500.json,Tracker,.json,305636
Plan/Tracker/Evidence/W70_MASK_GEOMETRY_HARD_GATE_POST_WHOLE_BODY_GEOMETRY_PROMOTION_INTEGRATION_20260708T060700-0500.json,Tracker,.json,305416
Plan/Tracker/Evidence/W70_MASK_PROMOTION_HARD_GATE_POST_AVAILABLE_ROUTE_RUNTIME_VALIDATION_20260708T185104-0500.json,Tracker,.json,227787
Plan/Tracker/Evidence/W70_MASK_PROMOTION_HARD_GATE_POST_BODY_REFERENCE_MATRIX_AUTHORITY_20260708T054500-0500.json,Tracker,.json,227471
Plan/Tracker/Evidence/W70_MASK_PROMOTION_HARD_GATE_POST_BODY_REGION_GEOMETRY_AUTHORITY_20260708T050700-0500.json,Tracker,.json,227397
Plan/Tracker/Evidence/W70_MASK_PROMOTION_HARD_GATE_POST_CATEGORY_REMOVAL_20260708T013631-0500.json,Tracker,.json,224231
Plan/Tracker/Evidence/W70_MASK_PROMOTION_HARD_GATE_POST_CATEGORY_REMOVAL_FINAL_20260708T020000-0500.json,Tracker,.json,225596
Plan/Tracker/Evidence/W70_MASK_PROMOTION_HARD_GATE_POST_CONTACT_OCCLUSION_OWNERSHIP_AUTHORITY_20260708T045400-0500.json,Tracker,.json,227367
Plan/Tracker/Evidence/W70_MASK_PROMOTION_HARD_GATE_POST_FACE_PARSING_AUTHORITY_20260708T063900-0500.json,Tracker,.json,227607
Plan/Tracker/Evidence/W70_MASK_PROMOTION_HARD_GATE_POST_FEET_TOES_CONTACT_AUTHORITY_20260708T042600-0500.json,Tracker,.json,227271
Plan/Tracker/Evidence/W70_MASK_PROMOTION_HARD_GATE_POST_HAIR_BODY_SKIN_MARKS_AUTHORITY_20260708T044000-0500.json,Tracker,.json,227317
Plan/Tracker/Evidence/W70_MASK_PROMOTION_HARD_GATE_POST_HAND_FINGER_AUTHORITY_20260708T032600-0500.json,Tracker,.json,227061
Plan/Tracker/Evidence/W70_MASK_PROMOTION_HARD_GATE_POST_HUMAN_PART_PARSING_AUTHORITY_20260708T034300-0500.json,Tracker,.json,227107
Plan/Tracker/Evidence/W70_MASK_PROMOTION_HARD_GATE_POST_LIMB_JOINT_AUTHORITY_20260708T041400-0500.json,Tracker,.json,227213
Plan/Tracker/Evidence/W70_MASK_PROMOTION_HARD_GATE_POST_MF70_BELLY_BUTTON_UMBILICUS_20260708T101337-0500.json,Tracker,.json,229481
Plan/Tracker/Evidence/W70_MASK_PROMOTION_HARD_GATE_POST_MF70_LEFT_FOREARM_20260708T123754-0500.json,Tracker,.json,228293
Plan/Tracker/Evidence/W70_MASK_PROMOTION_HARD_GATE_POST_MF70_LEFT_UPPER_ARM_20260708T102539-0500.json,Tracker,.json,229581
Plan/Tracker/Evidence/W70_MASK_PROMOTION_HARD_GATE_POST_MODEL_CONSENSUS_REF_IMAGE_1_20260708T150714-0500.json,Tracker,.json,227939
Plan/Tracker/Evidence/W70_MASK_PROMOTION_HARD_GATE_POST_PERSON_INSTANCE_OWNER_AUTHORITY_FINAL_20260708T022500-0500.json,Tracker,.json,225646
Plan/Tracker/Evidence/W70_MASK_PROMOTION_HARD_GATE_POST_POSE_LANDMARK_AUTHORITY_CLEAN_FINAL_20260708T030300-0500.json,Tracker,.json,227015
Plan/Tracker/Evidence/W70_MASK_PROMOTION_HARD_GATE_POST_POSE_LANDMARK_AUTHORITY_FINAL_20260708T024900-0500.json,Tracker,.json,227015
Plan/Tracker/Evidence/W70_MASK_PROMOTION_HARD_GATE_POST_REDO_EXISTING_BODY_HAND_CONTACT_MASKS_20260708T055600-0500.json,Tracker,.json,227517
Plan/Tracker/Evidence/W70_MASK_PROMOTION_HARD_GATE_POST_REF_IMAGE_1_ATTACH_20260708T134221-0500.json,Tracker,.json,228229
Plan/Tracker/Evidence/W70_MASK_PROMOTION_HARD_GATE_POST_SANITIZED_BODY_DEPENDENCY_PROBE_20260708T012536-0500.json,Tracker,.json,214692
Plan/Tracker/Evidence/W70_MASK_PROMOTION_HARD_GATE_POST_SEGMENTATION_REFINEMENT_AUTHORITY_20260708T065300-0500.json,Tracker,.json,227647
Plan/Tracker/Evidence/W70_MASK_PROMOTION_HARD_GATE_POST_SOFT_BODY_ANCHOR_GEOMETRY_AUTHORITY_20260708T051600-0500.json,Tracker,.json,227427
Plan/Tracker/Evidence/W70_MASK_PROMOTION_HARD_GATE_POST_TEMPORAL_BODY_PART_TRACKING_AUTHORITY_20260708T052700-0500.json,Tracker,.json,227449
Plan/Tracker/Evidence/W70_MASK_PROMOTION_HARD_GATE_POST_TORSO_REGION_AUTHORITY_20260708T040400-0500.json,Tracker,.json,227155
Plan/Tracker/Evidence/W70_MASK_PROMOTION_HARD_GATE_POST_VISIBILITY_OCCLUSION_CONFIDENCE_20260708T070400-0500.json,Tracker,.json,227679
Plan/Tracker/Evidence/W70_MASK_PROMOTION_HARD_GATE_POST_WHOLE_BODY_DEPENDENCY_PROBE_REFRESH_20260708T184528-0500.json,Tracker,.json,227787
Plan/Tracker/Evidence/W70_MASK_PROMOTION_HARD_GATE_POST_WHOLE_BODY_GEOMETRY_PROMOTION_INTEGRATION_20260708T060700-0500.json,Tracker,.json,227567
Plan/Tracker/Evidence/W70_MF70_EYEBROWS_V2_SOURCE_LANDMARK_REPAIR_20260708T000500-0500.json,Tracker,.json,1403
Plan/Tracker/Evidence/W70_MF70_EYELIDS_SOURCE_LANDMARK_REPAIR_V2_20260707T231500-0500.json,Tracker,.json,3217
Plan/Tracker/Evidence/W70_MF70_EYELIDS_SOURCE_LANDMARK_REPAIR_V2_20260707T232500-0500.json,Tracker,.json,3213
Plan/Tracker/Evidence/W70_MF70_EYELIDS_SOURCE_LANDMARK_REPAIR_V2_20260707T234500-0500.json,Tracker,.json,7036
Plan/Tracker/Evidence/W70_MF70_EYELIDS_SOURCE_LANDMARK_REPAIR_V2_20260707T235500-0500.json,Tracker,.json,7032
Plan/Tracker/Evidence/W70_MF70_MOUTH_LIPS_LOCAL_MASK_SUPPORT_20260707T193000-0500.json,Tracker,.json,2934
Plan/Tracker/Evidence/W70_MF70_MOUTH_LIPS_SOURCE_LANDMARK_REPAIR_20260707T221500-0500.json,Tracker,.json,1096
Plan/Tracker/Evidence/W70_MF70_MOUTH_LIPS_SOURCE_LANDMARK_REPAIR_V2_20260707T222500-0500.json,Tracker,.json,1114
Plan/Tracker/Evidence/W70_MF70_MOUTH_LIPS_SOURCE_LANDMARK_REPAIR_V2_20260707T223000-0500.json,Tracker,.json,1114
Plan/Tracker/Evidence/W70_MF70_MOUTH_LIPS_SOURCE_LANDMARK_REPAIR_V2_20260707T223500-0500.json,Tracker,.json,1110
Plan/Tracker/Evidence/W70_MF70_NOSE_LOCAL_MASK_SUPPORT_20260707T202500-0500.json,Tracker,.json,1663
Plan/Tracker/Evidence/W70_MF70_NOSE_LOCAL_MASK_SUPPORT_20260707T203500-0500.json,Tracker,.json,1663
Plan/Tracker/Evidence/W70_MF70_NOSE_LOCAL_MASK_SUPPORT_20260707T204000-0500.json,Tracker,.json,1663
Plan/Tracker/Evidence/W70_MF70_NOSE_LOCAL_MASK_SUPPORT_20260707T204500-0500.json,Tracker,.json,1663
Plan/Tracker/Evidence/W70_MF70_NOSE_SOURCE_LANDMARK_PROTECTED_OVERLAP_AUDIT_20260707T213500-0500.json,Tracker,.json,962
Plan/Tracker/Evidence/W70_MF70_NOSE_SOURCE_LANDMARK_REPAIR_V3_20260707T225000-0500.json,Tracker,.json,3077
Plan/Tracker/Evidence/W70_MF70_NOSE_STRICT_REPAIR_GENERATED_OUTPUT_20260707T205000-0500.json,Tracker,.json,4346
Plan/Tracker/Evidence/W70_MF70_PUPILS_IRIS_SCLERA_V2_SOURCE_APERTURE_REPAIR_20260708T004000-0500.json,Tracker,.json,1642
Plan/Tracker/Evidence/W70_MF70_TEETH_LOCAL_MASK_SUPPORT_20260707T194500-0500.json,Tracker,.json,3099
Plan/Tracker/Evidence/W70_MF70_TEETH_STRICT_VISUAL_ACCEPTANCE_20260707T230000-0500.json,Tracker,.json,1089
Plan/Tracker/Evidence/W70_MF70_UNDER_EYE_STRICT_VISUAL_ACCEPTANCE_20260707T231500-0500.json,Tracker,.json,1117
Plan/Tracker/Evidence/W70_MODEL_BACKED_GEOMETRY_AUTHORITY_REQUIREMENT_20260708T003500-0500.json,Tracker,.json,3966
Plan/Tracker/Evidence/W70_MODEL_CONSENSUS_GEOMETRY_VALIDATOR_20260708T150714-0500.json,Tracker,.json,10259
Plan/Tracker/Evidence/W70_PROTECTED_BOUNDARY_REGISTRY_ENFORCEMENT_20260707T203700-0500.json,Tracker,.json,1610
Plan/Tracker/Evidence/W70_REFERENCE_IMAGE_MATRIX_ENFORCEMENT_20260707T200600-0500.json,Tracker,.json,1976
Plan/Tracker/Evidence/W70_REF_IMAGE_1_BODY_MASK_GOLD_STANDARD_20260708T133309-0500.json,Tracker,.json,50588
Plan/Tracker/Evidence/W70_SOURCE_ALIGNMENT_FAIL_CLOSED_VALIDATION_20260707T232000-0500.json,Tracker,.json,29675
Plan/Tracker/Evidence/W70_SOURCE_ALIGNMENT_FAIL_CLOSED_VALIDATION_20260707T233000-0500.json,Tracker,.json,29463
Plan/Tracker/Evidence/W70_SOURCE_ALIGNMENT_FAIL_CLOSED_VALIDATION_20260707T235000-0500.json,Tracker,.json,29801
Plan/Tracker/Evidence/W70_SOURCE_ALIGNMENT_FAIL_CLOSED_VALIDATION_20260708T000000-0500.json,Tracker,.json,29559
Plan/Tracker/Evidence/W70_WHOLE_BODY_ROWS_GATE_TOKEN_BACKFILL_20260708T004440-0500.json,Tracker,.json,4254
Plan/Tracker/Evidence/W72_LOCAL_CANNY_MICRO_CONTROL_MATRIX_20260707T201500-0500.json,Tracker,.json,4624
Plan/Tracker/Evidence/available_route_runtime_validation_alignment.json,Tracker,.json,3204
Plan/Tracker/Evidence/available_route_runtime_validation_gates.json,Tracker,.json,1893
Plan/Tracker/Evidence/canonical_body_geometry_prerequisite_gap.json,Tracker,.json,10897
Plan/Tracker/Evidence/dependency_probe_refresh_alignment.json,Tracker,.json,3370
Plan/Tracker/Evidence/feet_toes_reentry_blocker.json,Tracker,.json,6786
Plan/Tracker/Evidence/feet_toes_reentry_post_gates.json,Tracker,.json,6512
Plan/Tracker/Waves/Wave70/WAVE70_ULTIMATE_MASK_FACTORY_REQUIREMENTS.json,Tracker,.json,1562
