requirement_id,wave,category,title,implementation_target,autonomous_behavior,acceptance_criteria,required_evidence,qa_gates,visual_review_required,video_review_required,audio_review_required,comfyui_integration_required,simulation_backend_required,deferred_status,activation_gate,source_key,source_file_relative,citation_section,citation_line_start,citation_line_end
W80-0001,80,muscle_activation_maps,Define muscle activation maps,muscle_activation_maps,"Autonomously define, execute when activated, validate, and evidence muscle_activation_maps. It must support which muscles/regions are active from pose, weight bearing, grip, exertion, motion, or contact, operate after DAZ neutral prototype registration without human work, write exact blockers when prerequisites are unavailable, and avoid docs-only completion.","muscle_activation_maps is complete only when it has schema/config, adapter or deterministic implementation route, muscle activation maps, manifest hashes, preview or overlay evidence, strict whole-artifact review, and source-cited QA.",muscle_activation_maps_schema_or_contract_json; muscle_activation_maps_execution_or_adapter_manifest_json; muscle_activation_maps_artifact_manifest_with_hashes; muscle_activation_maps_preview_overlay_or_metric_report; muscle_activation_maps_strict_qa_report_json,schema_validation_pass; source_citation_present; artifact_manifest_with_hashes_present; preview_or_overlay_generated; strict_visual_review_pass; whole_artifact_review_pass_when_media_exists; no_human_work_dependency_after_registered_inputs; autonomous_failure_blocker_written_if_blocked; body_region_mapping_pass; protected_anchor_preservation_pass; gravity_direction_plausibility_pass; collision_contact_plausibility_pass; no_mesh_or_visual_penetration_pass; no_floating_contact_pass; body_shape_continuity_pass; temporal_stability_pass_for_video; input_contract_validated; output_manifest_hashes_validated; visual_overlay_or_metric_threshold_pass; rerun_policy_declared; blocker_policy_declared; deterministic_validator_result_present; tool_adapter_manifest_present_when_tool_used; numeric_metric_thresholds_declared; llm_or_vlm_review_cannot_override_failed_metrics; no_human_work_after_daz_prototype_registration; daz_neutral_prototype_only_boundary_preserved; cost_control_and_runtime_window_gate_pass; control_map_dimensions_match_generation; map_value_range_normalized; comfyui_route_manifest_pass; generated_output_proof_present; target_runtime_proof_before_final_certification,true,true,false,true,true,Deferred_Required_Not_Complete,"Deferred. Activate only after the current ComfyUI foundation, Wave70 Mask Factory, Waves71-76 base physics/deformation layers, runtime lanes, cost controls, and strict QA gates are stable enough that this expansion will not derail nearer project milestones. Activation requires an explicit source-cited project decision.",W80:muscle_activation_maps:muscle_activation_maps,Plan\07_IMPLEMENTATION\physics_deformation_system\WAVE80_MUSCLE_ACTIVATION_GRIP_FORCE_CONTACT_STRENGTH_SYSTEM.md,Muscle Activation Maps,32,46
W80-0002,80,muscle_activation_maps,Define muscle flexion maps,muscle_flexion_maps,"Autonomously define, execute when activated, validate, and evidence muscle_flexion_maps. It must support localized biceps, forearms, shoulders, abdomen, thighs, calves, neck, jaw, and face tension/flexion, operate after DAZ neutral prototype registration without human work, write exact blockers when prerequisites are unavailable, and avoid docs-only completion.","muscle_flexion_maps is complete only when it has schema/config, adapter or deterministic implementation route, muscle flexion maps, manifest hashes, preview or overlay evidence, strict whole-artifact review, and source-cited QA.",muscle_flexion_maps_schema_or_contract_json; muscle_flexion_maps_execution_or_adapter_manifest_json; muscle_flexion_maps_artifact_manifest_with_hashes; muscle_flexion_maps_preview_overlay_or_metric_report; muscle_flexion_maps_strict_qa_report_json,schema_validation_pass; source_citation_present; artifact_manifest_with_hashes_present; preview_or_overlay_generated; strict_visual_review_pass; whole_artifact_review_pass_when_media_exists; no_human_work_dependency_after_registered_inputs; autonomous_failure_blocker_written_if_blocked; body_region_mapping_pass; protected_anchor_preservation_pass; gravity_direction_plausibility_pass; collision_contact_plausibility_pass; no_mesh_or_visual_penetration_pass; no_floating_contact_pass; body_shape_continuity_pass; temporal_stability_pass_for_video; input_contract_validated; output_manifest_hashes_validated; visual_overlay_or_metric_threshold_pass; rerun_policy_declared; blocker_policy_declared; deterministic_validator_result_present; tool_adapter_manifest_present_when_tool_used; numeric_metric_thresholds_declared; llm_or_vlm_review_cannot_override_failed_metrics; no_human_work_after_daz_prototype_registration; daz_neutral_prototype_only_boundary_preserved; cost_control_and_runtime_window_gate_pass; control_map_dimensions_match_generation; map_value_range_normalized; comfyui_route_manifest_pass; generated_output_proof_present; target_runtime_proof_before_final_certification,true,true,false,true,true,Deferred_Required_Not_Complete,"Deferred. Activate only after the current ComfyUI foundation, Wave70 Mask Factory, Waves71-76 base physics/deformation layers, runtime lanes, cost controls, and strict QA gates are stable enough that this expansion will not derail nearer project milestones. Activation requires an explicit source-cited project decision.",W80:muscle_activation_maps:muscle_flexion_maps,Plan\07_IMPLEMENTATION\physics_deformation_system\WAVE80_MUSCLE_ACTIVATION_GRIP_FORCE_CONTACT_STRENGTH_SYSTEM.md,Muscle Activation Maps,32,46
W80-0003,80,muscle_activation_maps,Define muscle relaxation maps,muscle_relaxation_maps,"Autonomously define, execute when activated, validate, and evidence muscle_relaxation_maps. It must support return-to-rest and release behavior after flexion, load removal, grip release, or exertion decay, operate after DAZ neutral prototype registration without human work, write exact blockers when prerequisites are unavailable, and avoid docs-only completion.","muscle_relaxation_maps is complete only when it has schema/config, adapter or deterministic implementation route, muscle relaxation maps, manifest hashes, preview or overlay evidence, strict whole-artifact review, and source-cited QA.",muscle_relaxation_maps_schema_or_contract_json; muscle_relaxation_maps_execution_or_adapter_manifest_json; muscle_relaxation_maps_artifact_manifest_with_hashes; muscle_relaxation_maps_preview_overlay_or_metric_report; muscle_relaxation_maps_strict_qa_report_json,schema_validation_pass; source_citation_present; artifact_manifest_with_hashes_present; preview_or_overlay_generated; strict_visual_review_pass; whole_artifact_review_pass_when_media_exists; no_human_work_dependency_after_registered_inputs; autonomous_failure_blocker_written_if_blocked; body_region_mapping_pass; protected_anchor_preservation_pass; gravity_direction_plausibility_pass; collision_contact_plausibility_pass; no_mesh_or_visual_penetration_pass; no_floating_contact_pass; body_shape_continuity_pass; temporal_stability_pass_for_video; input_contract_validated; output_manifest_hashes_validated; visual_overlay_or_metric_threshold_pass; rerun_policy_declared; blocker_policy_declared; deterministic_validator_result_present; tool_adapter_manifest_present_when_tool_used; numeric_metric_thresholds_declared; llm_or_vlm_review_cannot_override_failed_metrics; no_human_work_after_daz_prototype_registration; daz_neutral_prototype_only_boundary_preserved; cost_control_and_runtime_window_gate_pass; control_map_dimensions_match_generation; map_value_range_normalized; comfyui_route_manifest_pass; generated_output_proof_present; target_runtime_proof_before_final_certification,true,true,false,true,true,Deferred_Required_Not_Complete,"Deferred. Activate only after the current ComfyUI foundation, Wave70 Mask Factory, Waves71-76 base physics/deformation layers, runtime lanes, cost controls, and strict QA gates are stable enough that this expansion will not derail nearer project milestones. Activation requires an explicit source-cited project decision.",W80:muscle_activation_maps:muscle_relaxation_maps,Plan\07_IMPLEMENTATION\physics_deformation_system\WAVE80_MUSCLE_ACTIVATION_GRIP_FORCE_CONTACT_STRENGTH_SYSTEM.md,Muscle Activation Maps,32,46
W80-0004,80,muscle_activation_maps,Define tendon tension maps,tendon_tension_maps,"Autonomously define, execute when activated, validate, and evidence tendon_tension_maps. It must support hand, wrist, forearm, neck, ankle, knee, and foot tendon prominence under force, operate after DAZ neutral prototype registration without human work, write exact blockers when prerequisites are unavailable, and avoid docs-only completion.","tendon_tension_maps is complete only when it has schema/config, adapter or deterministic implementation route, tendon tension maps, manifest hashes, preview or overlay evidence, strict whole-artifact review, and source-cited QA.",tendon_tension_maps_schema_or_contract_json; tendon_tension_maps_execution_or_adapter_manifest_json; tendon_tension_maps_artifact_manifest_with_hashes; tendon_tension_maps_preview_overlay_or_metric_report; tendon_tension_maps_strict_qa_report_json,schema_validation_pass; source_citation_present; artifact_manifest_with_hashes_present; preview_or_overlay_generated; strict_visual_review_pass; whole_artifact_review_pass_when_media_exists; no_human_work_dependency_after_registered_inputs; autonomous_failure_blocker_written_if_blocked; body_region_mapping_pass; protected_anchor_preservation_pass; gravity_direction_plausibility_pass; collision_contact_plausibility_pass; no_mesh_or_visual_penetration_pass; no_floating_contact_pass; body_shape_continuity_pass; temporal_stability_pass_for_video; input_contract_validated; output_manifest_hashes_validated; visual_overlay_or_metric_threshold_pass; rerun_policy_declared; blocker_policy_declared; deterministic_validator_result_present; tool_adapter_manifest_present_when_tool_used; numeric_metric_thresholds_declared; llm_or_vlm_review_cannot_override_failed_metrics; no_human_work_after_daz_prototype_registration; daz_neutral_prototype_only_boundary_preserved; cost_control_and_runtime_window_gate_pass; control_map_dimensions_match_generation; map_value_range_normalized; comfyui_route_manifest_pass; generated_output_proof_present; target_runtime_proof_before_final_certification,true,true,false,true,true,Deferred_Required_Not_Complete,"Deferred. Activate only after the current ComfyUI foundation, Wave70 Mask Factory, Waves71-76 base physics/deformation layers, runtime lanes, cost controls, and strict QA gates are stable enough that this expansion will not derail nearer project milestones. Activation requires an explicit source-cited project decision.",W80:muscle_activation_maps:tendon_tension_maps,Plan\07_IMPLEMENTATION\physics_deformation_system\WAVE80_MUSCLE_ACTIVATION_GRIP_FORCE_CONTACT_STRENGTH_SYSTEM.md,Muscle Activation Maps,32,46
W80-0005,80,muscle_activation_maps,Define skin stretch tension maps,skin_stretch_tension_maps,"Autonomously define, execute when activated, validate, and evidence skin_stretch_tension_maps. It must support skin pull, stretch, fold flattening, pressure marks, and tension lines near active muscles and contacts, operate after DAZ neutral prototype registration without human work, write exact blockers when prerequisites are unavailable, and avoid docs-only completion.","skin_stretch_tension_maps is complete only when it has schema/config, adapter or deterministic implementation route, skin stretch tension maps, manifest hashes, preview or overlay evidence, strict whole-artifact review, and source-cited QA.",skin_stretch_tension_maps_schema_or_contract_json; skin_stretch_tension_maps_execution_or_adapter_manifest_json; skin_stretch_tension_maps_artifact_manifest_with_hashes; skin_stretch_tension_maps_preview_overlay_or_metric_report; skin_stretch_tension_maps_strict_qa_report_json,schema_validation_pass; source_citation_present; artifact_manifest_with_hashes_present; preview_or_overlay_generated; strict_visual_review_pass; whole_artifact_review_pass_when_media_exists; no_human_work_dependency_after_registered_inputs; autonomous_failure_blocker_written_if_blocked; body_region_mapping_pass; protected_anchor_preservation_pass; gravity_direction_plausibility_pass; collision_contact_plausibility_pass; no_mesh_or_visual_penetration_pass; no_floating_contact_pass; body_shape_continuity_pass; temporal_stability_pass_for_video; input_contract_validated; output_manifest_hashes_validated; visual_overlay_or_metric_threshold_pass; rerun_policy_declared; blocker_policy_declared; deterministic_validator_result_present; tool_adapter_manifest_present_when_tool_used; numeric_metric_thresholds_declared; llm_or_vlm_review_cannot_override_failed_metrics; no_human_work_after_daz_prototype_registration; daz_neutral_prototype_only_boundary_preserved; cost_control_and_runtime_window_gate_pass; control_map_dimensions_match_generation; map_value_range_normalized; comfyui_route_manifest_pass; generated_output_proof_present; target_runtime_proof_before_final_certification,true,true,false,true,true,Deferred_Required_Not_Complete,"Deferred. Activate only after the current ComfyUI foundation, Wave70 Mask Factory, Waves71-76 base physics/deformation layers, runtime lanes, cost controls, and strict QA gates are stable enough that this expansion will not derail nearer project milestones. Activation requires an explicit source-cited project decision.",W80:muscle_activation_maps:skin_stretch_tension_maps,Plan\07_IMPLEMENTATION\physics_deformation_system\WAVE80_MUSCLE_ACTIVATION_GRIP_FORCE_CONTACT_STRENGTH_SYSTEM.md,Muscle Activation Maps,32,46
W80-0006,80,muscle_activation_maps,Define vein prominence maps,vein_prominence_maps,"Autonomously define, execute when activated, validate, and evidence vein_prominence_maps. It must support optional exertion-linked vascular prominence with safety and realism limits, operate after DAZ neutral prototype registration without human work, write exact blockers when prerequisites are unavailable, and avoid docs-only completion.","vein_prominence_maps is complete only when it has schema/config, adapter or deterministic implementation route, vein prominence maps, manifest hashes, preview or overlay evidence, strict whole-artifact review, and source-cited QA.",vein_prominence_maps_schema_or_contract_json; vein_prominence_maps_execution_or_adapter_manifest_json; vein_prominence_maps_artifact_manifest_with_hashes; vein_prominence_maps_preview_overlay_or_metric_report; vein_prominence_maps_strict_qa_report_json,schema_validation_pass; source_citation_present; artifact_manifest_with_hashes_present; preview_or_overlay_generated; strict_visual_review_pass; whole_artifact_review_pass_when_media_exists; no_human_work_dependency_after_registered_inputs; autonomous_failure_blocker_written_if_blocked; body_region_mapping_pass; protected_anchor_preservation_pass; gravity_direction_plausibility_pass; collision_contact_plausibility_pass; no_mesh_or_visual_penetration_pass; no_floating_contact_pass; body_shape_continuity_pass; temporal_stability_pass_for_video; input_contract_validated; output_manifest_hashes_validated; visual_overlay_or_metric_threshold_pass; rerun_policy_declared; blocker_policy_declared; deterministic_validator_result_present; tool_adapter_manifest_present_when_tool_used; numeric_metric_thresholds_declared; llm_or_vlm_review_cannot_override_failed_metrics; no_human_work_after_daz_prototype_registration; daz_neutral_prototype_only_boundary_preserved; cost_control_and_runtime_window_gate_pass; control_map_dimensions_match_generation; map_value_range_normalized; comfyui_route_manifest_pass; generated_output_proof_present; target_runtime_proof_before_final_certification,true,true,false,true,true,Deferred_Required_Not_Complete,"Deferred. Activate only after the current ComfyUI foundation, Wave70 Mask Factory, Waves71-76 base physics/deformation layers, runtime lanes, cost controls, and strict QA gates are stable enough that this expansion will not derail nearer project milestones. Activation requires an explicit source-cited project decision.",W80:muscle_activation_maps:vein_prominence_maps,Plan\07_IMPLEMENTATION\physics_deformation_system\WAVE80_MUSCLE_ACTIVATION_GRIP_FORCE_CONTACT_STRENGTH_SYSTEM.md,Muscle Activation Maps,32,46
W80-0007,80,muscle_activation_maps,Define joint load maps,joint_load_maps,"Autonomously define, execute when activated, validate, and evidence joint_load_maps. It must support load and bend pressure around shoulders, elbows, wrists, hips, knees, ankles, hands, and feet, operate after DAZ neutral prototype registration without human work, write exact blockers when prerequisites are unavailable, and avoid docs-only completion.","joint_load_maps is complete only when it has schema/config, adapter or deterministic implementation route, joint load maps, manifest hashes, preview or overlay evidence, strict whole-artifact review, and source-cited QA.",joint_load_maps_schema_or_contract_json; joint_load_maps_execution_or_adapter_manifest_json; joint_load_maps_artifact_manifest_with_hashes; joint_load_maps_preview_overlay_or_metric_report; joint_load_maps_strict_qa_report_json,schema_validation_pass; source_citation_present; artifact_manifest_with_hashes_present; preview_or_overlay_generated; strict_visual_review_pass; whole_artifact_review_pass_when_media_exists; no_human_work_dependency_after_registered_inputs; autonomous_failure_blocker_written_if_blocked; body_region_mapping_pass; protected_anchor_preservation_pass; gravity_direction_plausibility_pass; collision_contact_plausibility_pass; no_mesh_or_visual_penetration_pass; no_floating_contact_pass; body_shape_continuity_pass; temporal_stability_pass_for_video; input_contract_validated; output_manifest_hashes_validated; visual_overlay_or_metric_threshold_pass; rerun_policy_declared; blocker_policy_declared; deterministic_validator_result_present; tool_adapter_manifest_present_when_tool_used; numeric_metric_thresholds_declared; llm_or_vlm_review_cannot_override_failed_metrics; no_human_work_after_daz_prototype_registration; daz_neutral_prototype_only_boundary_preserved; cost_control_and_runtime_window_gate_pass; control_map_dimensions_match_generation; map_value_range_normalized; comfyui_route_manifest_pass; generated_output_proof_present; target_runtime_proof_before_final_certification,true,true,false,true,true,Deferred_Required_Not_Complete,"Deferred. Activate only after the current ComfyUI foundation, Wave70 Mask Factory, Waves71-76 base physics/deformation layers, runtime lanes, cost controls, and strict QA gates are stable enough that this expansion will not derail nearer project milestones. Activation requires an explicit source-cited project decision.",W80:muscle_activation_maps:joint_load_maps,Plan\07_IMPLEMENTATION\physics_deformation_system\WAVE80_MUSCLE_ACTIVATION_GRIP_FORCE_CONTACT_STRENGTH_SYSTEM.md,Muscle Activation Maps,32,46
W80-0008,80,grip_force_hand_contact,Define grip force maps,grip_force_maps,"Autonomously define, execute when activated, validate, and evidence grip_force_maps. It must support light touch, hold, firm grip, squeeze, pull, brace, press, impact, and release, operate after DAZ neutral prototype registration without human work, write exact blockers when prerequisites are unavailable, and avoid docs-only completion.","grip_force_maps is complete only when it has schema/config, adapter or deterministic implementation route, grip force maps, manifest hashes, preview or overlay evidence, strict whole-artifact review, and source-cited QA.",grip_force_maps_schema_or_contract_json; grip_force_maps_execution_or_adapter_manifest_json; grip_force_maps_artifact_manifest_with_hashes; grip_force_maps_preview_overlay_or_metric_report; grip_force_maps_strict_qa_report_json,schema_validation_pass; source_citation_present; artifact_manifest_with_hashes_present; preview_or_overlay_generated; strict_visual_review_pass; whole_artifact_review_pass_when_media_exists; no_human_work_dependency_after_registered_inputs; autonomous_failure_blocker_written_if_blocked; body_region_mapping_pass; protected_anchor_preservation_pass; gravity_direction_plausibility_pass; collision_contact_plausibility_pass; no_mesh_or_visual_penetration_pass; no_floating_contact_pass; body_shape_continuity_pass; temporal_stability_pass_for_video; input_contract_validated; output_manifest_hashes_validated; visual_overlay_or_metric_threshold_pass; rerun_policy_declared; blocker_policy_declared; deterministic_validator_result_present; tool_adapter_manifest_present_when_tool_used; numeric_metric_thresholds_declared; llm_or_vlm_review_cannot_override_failed_metrics; no_human_work_after_daz_prototype_registration; daz_neutral_prototype_only_boundary_preserved; cost_control_and_runtime_window_gate_pass; control_map_dimensions_match_generation; map_value_range_normalized; comfyui_route_manifest_pass; generated_output_proof_present; target_runtime_proof_before_final_certification; full_duration_audio_review_pass; audio_event_visual_contact_alignment_pass; av_sync_drift_check_pass; clipping_noise_mix_balance_pass,true,true,true,true,true,Deferred_Required_Not_Complete,"Deferred. Activate only after the current ComfyUI foundation, Wave70 Mask Factory, Waves71-76 base physics/deformation layers, runtime lanes, cost controls, and strict QA gates are stable enough that this expansion will not derail nearer project milestones. Activation requires an explicit source-cited project decision.",W80:grip_force_hand_contact:grip_force_maps,Plan\07_IMPLEMENTATION\physics_deformation_system\WAVE80_MUSCLE_ACTIVATION_GRIP_FORCE_CONTACT_STRENGTH_SYSTEM.md,Grip Force And Hand Contact,48,61
W80-0009,80,grip_force_hand_contact,Define finger pad compression maps,finger_pad_compression_maps,"Autonomously define, execute when activated, validate, and evidence finger_pad_compression_maps. It must support finger and palm soft contact compression with target object/body/fabric/support surface, operate after DAZ neutral prototype registration without human work, write exact blockers when prerequisites are unavailable, and avoid docs-only completion.","finger_pad_compression_maps is complete only when it has schema/config, adapter or deterministic implementation route, finger pad compression maps, manifest hashes, preview or overlay evidence, strict whole-artifact review, and source-cited QA.",finger_pad_compression_maps_schema_or_contract_json; finger_pad_compression_maps_execution_or_adapter_manifest_json; finger_pad_compression_maps_artifact_manifest_with_hashes; finger_pad_compression_maps_preview_overlay_or_metric_report; finger_pad_compression_maps_strict_qa_report_json,schema_validation_pass; source_citation_present; artifact_manifest_with_hashes_present; preview_or_overlay_generated; strict_visual_review_pass; whole_artifact_review_pass_when_media_exists; no_human_work_dependency_after_registered_inputs; autonomous_failure_blocker_written_if_blocked; body_region_mapping_pass; protected_anchor_preservation_pass; gravity_direction_plausibility_pass; collision_contact_plausibility_pass; no_mesh_or_visual_penetration_pass; no_floating_contact_pass; body_shape_continuity_pass; temporal_stability_pass_for_video; input_contract_validated; output_manifest_hashes_validated; visual_overlay_or_metric_threshold_pass; rerun_policy_declared; blocker_policy_declared; deterministic_validator_result_present; tool_adapter_manifest_present_when_tool_used; numeric_metric_thresholds_declared; llm_or_vlm_review_cannot_override_failed_metrics; no_human_work_after_daz_prototype_registration; daz_neutral_prototype_only_boundary_preserved; cost_control_and_runtime_window_gate_pass; control_map_dimensions_match_generation; map_value_range_normalized; comfyui_route_manifest_pass; generated_output_proof_present; target_runtime_proof_before_final_certification,true,true,false,true,true,Deferred_Required_Not_Complete,"Deferred. Activate only after the current ComfyUI foundation, Wave70 Mask Factory, Waves71-76 base physics/deformation layers, runtime lanes, cost controls, and strict QA gates are stable enough that this expansion will not derail nearer project milestones. Activation requires an explicit source-cited project decision.",W80:grip_force_hand_contact:finger_pad_compression_maps,Plan\07_IMPLEMENTATION\physics_deformation_system\WAVE80_MUSCLE_ACTIVATION_GRIP_FORCE_CONTACT_STRENGTH_SYSTEM.md,Grip Force And Hand Contact,48,61
W80-0010,80,grip_force_hand_contact,Define knuckle tendon prominence maps,knuckle_tendon_prominence_maps,"Autonomously define, execute when activated, validate, and evidence knuckle_tendon_prominence_maps. It must support visible hand force response when gripping or bracing, operate after DAZ neutral prototype registration without human work, write exact blockers when prerequisites are unavailable, and avoid docs-only completion.","knuckle_tendon_prominence_maps is complete only when it has schema/config, adapter or deterministic implementation route, knuckle tendon maps, manifest hashes, preview or overlay evidence, strict whole-artifact review, and source-cited QA.",knuckle_tendon_prominence_maps_schema_or_contract_json; knuckle_tendon_prominence_maps_execution_or_adapter_manifest_json; knuckle_tendon_prominence_maps_artifact_manifest_with_hashes; knuckle_tendon_prominence_maps_preview_overlay_or_metric_report; knuckle_tendon_prominence_maps_strict_qa_report_json,schema_validation_pass; source_citation_present; artifact_manifest_with_hashes_present; preview_or_overlay_generated; strict_visual_review_pass; whole_artifact_review_pass_when_media_exists; no_human_work_dependency_after_registered_inputs; autonomous_failure_blocker_written_if_blocked; body_region_mapping_pass; protected_anchor_preservation_pass; gravity_direction_plausibility_pass; collision_contact_plausibility_pass; no_mesh_or_visual_penetration_pass; no_floating_contact_pass; body_shape_continuity_pass; temporal_stability_pass_for_video; input_contract_validated; output_manifest_hashes_validated; visual_overlay_or_metric_threshold_pass; rerun_policy_declared; blocker_policy_declared; deterministic_validator_result_present; tool_adapter_manifest_present_when_tool_used; numeric_metric_thresholds_declared; llm_or_vlm_review_cannot_override_failed_metrics; no_human_work_after_daz_prototype_registration; daz_neutral_prototype_only_boundary_preserved; cost_control_and_runtime_window_gate_pass; control_map_dimensions_match_generation; map_value_range_normalized; comfyui_route_manifest_pass; generated_output_proof_present; target_runtime_proof_before_final_certification,true,true,false,true,true,Deferred_Required_Not_Complete,"Deferred. Activate only after the current ComfyUI foundation, Wave70 Mask Factory, Waves71-76 base physics/deformation layers, runtime lanes, cost controls, and strict QA gates are stable enough that this expansion will not derail nearer project milestones. Activation requires an explicit source-cited project decision.",W80:grip_force_hand_contact:knuckle_tendon_prominence_maps,Plan\07_IMPLEMENTATION\physics_deformation_system\WAVE80_MUSCLE_ACTIVATION_GRIP_FORCE_CONTACT_STRENGTH_SYSTEM.md,Grip Force And Hand Contact,48,61
W80-0011,80,grip_force_hand_contact,Define hand contact pressure maps,hand_contact_pressure_maps,"Autonomously define, execute when activated, validate, and evidence hand_contact_pressure_maps. It must support contact patches, pressure intensity, contact normals, and protected neighboring regions, operate after DAZ neutral prototype registration without human work, write exact blockers when prerequisites are unavailable, and avoid docs-only completion.","hand_contact_pressure_maps is complete only when it has schema/config, adapter or deterministic implementation route, hand contact pressure maps, manifest hashes, preview or overlay evidence, strict whole-artifact review, and source-cited QA.",hand_contact_pressure_maps_schema_or_contract_json; hand_contact_pressure_maps_execution_or_adapter_manifest_json; hand_contact_pressure_maps_artifact_manifest_with_hashes; hand_contact_pressure_maps_preview_overlay_or_metric_report; hand_contact_pressure_maps_strict_qa_report_json,schema_validation_pass; source_citation_present; artifact_manifest_with_hashes_present; preview_or_overlay_generated; strict_visual_review_pass; whole_artifact_review_pass_when_media_exists; no_human_work_dependency_after_registered_inputs; autonomous_failure_blocker_written_if_blocked; body_region_mapping_pass; protected_anchor_preservation_pass; gravity_direction_plausibility_pass; collision_contact_plausibility_pass; no_mesh_or_visual_penetration_pass; no_floating_contact_pass; body_shape_continuity_pass; temporal_stability_pass_for_video; input_contract_validated; output_manifest_hashes_validated; visual_overlay_or_metric_threshold_pass; rerun_policy_declared; blocker_policy_declared; deterministic_validator_result_present; tool_adapter_manifest_present_when_tool_used; numeric_metric_thresholds_declared; llm_or_vlm_review_cannot_override_failed_metrics; no_human_work_after_daz_prototype_registration; daz_neutral_prototype_only_boundary_preserved; cost_control_and_runtime_window_gate_pass; control_map_dimensions_match_generation; map_value_range_normalized; comfyui_route_manifest_pass; generated_output_proof_present; target_runtime_proof_before_final_certification; full_duration_audio_review_pass; audio_event_visual_contact_alignment_pass; av_sync_drift_check_pass; clipping_noise_mix_balance_pass,true,true,true,true,true,Deferred_Required_Not_Complete,"Deferred. Activate only after the current ComfyUI foundation, Wave70 Mask Factory, Waves71-76 base physics/deformation layers, runtime lanes, cost controls, and strict QA gates are stable enough that this expansion will not derail nearer project milestones. Activation requires an explicit source-cited project decision.",W80:grip_force_hand_contact:hand_contact_pressure_maps,Plan\07_IMPLEMENTATION\physics_deformation_system\WAVE80_MUSCLE_ACTIVATION_GRIP_FORCE_CONTACT_STRENGTH_SYSTEM.md,Grip Force And Hand Contact,48,61
W80-0012,80,grip_force_hand_contact,Define object grip deformation maps,object_grip_deformation_maps,"Autonomously define, execute when activated, validate, and evidence object_grip_deformation_maps. It must support fabric, cushion, prop, clothing, soft-body, and support-surface deformation from grip or hand pressure, operate after DAZ neutral prototype registration without human work, write exact blockers when prerequisites are unavailable, and avoid docs-only completion.","object_grip_deformation_maps is complete only when it has schema/config, adapter or deterministic implementation route, object grip deformation maps, manifest hashes, preview or overlay evidence, strict whole-artifact review, and source-cited QA.",object_grip_deformation_maps_schema_or_contract_json; object_grip_deformation_maps_execution_or_adapter_manifest_json; object_grip_deformation_maps_artifact_manifest_with_hashes; object_grip_deformation_maps_preview_overlay_or_metric_report; object_grip_deformation_maps_strict_qa_report_json,schema_validation_pass; source_citation_present; artifact_manifest_with_hashes_present; preview_or_overlay_generated; strict_visual_review_pass; whole_artifact_review_pass_when_media_exists; no_human_work_dependency_after_registered_inputs; autonomous_failure_blocker_written_if_blocked; body_region_mapping_pass; protected_anchor_preservation_pass; gravity_direction_plausibility_pass; collision_contact_plausibility_pass; no_mesh_or_visual_penetration_pass; no_floating_contact_pass; body_shape_continuity_pass; temporal_stability_pass_for_video; input_contract_validated; output_manifest_hashes_validated; visual_overlay_or_metric_threshold_pass; rerun_policy_declared; blocker_policy_declared; deterministic_validator_result_present; tool_adapter_manifest_present_when_tool_used; numeric_metric_thresholds_declared; llm_or_vlm_review_cannot_override_failed_metrics; no_human_work_after_daz_prototype_registration; daz_neutral_prototype_only_boundary_preserved; cost_control_and_runtime_window_gate_pass; control_map_dimensions_match_generation; map_value_range_normalized; comfyui_route_manifest_pass; generated_output_proof_present; target_runtime_proof_before_final_certification; full_duration_audio_review_pass; audio_event_visual_contact_alignment_pass; av_sync_drift_check_pass; clipping_noise_mix_balance_pass,true,true,true,true,true,Deferred_Required_Not_Complete,"Deferred. Activate only after the current ComfyUI foundation, Wave70 Mask Factory, Waves71-76 base physics/deformation layers, runtime lanes, cost controls, and strict QA gates are stable enough that this expansion will not derail nearer project milestones. Activation requires an explicit source-cited project decision.",W80:grip_force_hand_contact:object_grip_deformation_maps,Plan\07_IMPLEMENTATION\physics_deformation_system\WAVE80_MUSCLE_ACTIVATION_GRIP_FORCE_CONTACT_STRENGTH_SYSTEM.md,Grip Force And Hand Contact,48,61
W80-0013,80,grip_force_hand_contact,Define friction slip risk maps,friction_slip_risk_maps,"Autonomously define, execute when activated, validate, and evidence friction_slip_risk_maps. It must support slide, stick, drag, hand reposition, grip loss, and contact stability, operate after DAZ neutral prototype registration without human work, write exact blockers when prerequisites are unavailable, and avoid docs-only completion.","friction_slip_risk_maps is complete only when it has schema/config, adapter or deterministic implementation route, friction slip maps, manifest hashes, preview or overlay evidence, strict whole-artifact review, and source-cited QA.",friction_slip_risk_maps_schema_or_contract_json; friction_slip_risk_maps_execution_or_adapter_manifest_json; friction_slip_risk_maps_artifact_manifest_with_hashes; friction_slip_risk_maps_preview_overlay_or_metric_report; friction_slip_risk_maps_strict_qa_report_json,schema_validation_pass; source_citation_present; artifact_manifest_with_hashes_present; preview_or_overlay_generated; strict_visual_review_pass; whole_artifact_review_pass_when_media_exists; no_human_work_dependency_after_registered_inputs; autonomous_failure_blocker_written_if_blocked; body_region_mapping_pass; protected_anchor_preservation_pass; gravity_direction_plausibility_pass; collision_contact_plausibility_pass; no_mesh_or_visual_penetration_pass; no_floating_contact_pass; body_shape_continuity_pass; temporal_stability_pass_for_video; input_contract_validated; output_manifest_hashes_validated; visual_overlay_or_metric_threshold_pass; rerun_policy_declared; blocker_policy_declared; deterministic_validator_result_present; tool_adapter_manifest_present_when_tool_used; numeric_metric_thresholds_declared; llm_or_vlm_review_cannot_override_failed_metrics; no_human_work_after_daz_prototype_registration; daz_neutral_prototype_only_boundary_preserved; cost_control_and_runtime_window_gate_pass; control_map_dimensions_match_generation; map_value_range_normalized; comfyui_route_manifest_pass; generated_output_proof_present; target_runtime_proof_before_final_certification,true,true,false,true,true,Deferred_Required_Not_Complete,"Deferred. Activate only after the current ComfyUI foundation, Wave70 Mask Factory, Waves71-76 base physics/deformation layers, runtime lanes, cost controls, and strict QA gates are stable enough that this expansion will not derail nearer project milestones. Activation requires an explicit source-cited project decision.",W80:grip_force_hand_contact:friction_slip_risk_maps,Plan\07_IMPLEMENTATION\physics_deformation_system\WAVE80_MUSCLE_ACTIVATION_GRIP_FORCE_CONTACT_STRENGTH_SYSTEM.md,Grip Force And Hand Contact,48,61
W80-0014,80,exertion_audio_force,Define exertion state maps,exertion_state_maps,"Autonomously define, execute when activated, validate, and evidence exertion_state_maps. It must support whole-body and per-region exertion from action, pose, load, repetition, contact force, and fatigue, operate after DAZ neutral prototype registration without human work, write exact blockers when prerequisites are unavailable, and avoid docs-only completion.","exertion_state_maps is complete only when it has schema/config, adapter or deterministic implementation route, exertion maps, manifest hashes, preview or overlay evidence, strict whole-artifact review, and source-cited QA.",exertion_state_maps_schema_or_contract_json; exertion_state_maps_execution_or_adapter_manifest_json; exertion_state_maps_artifact_manifest_with_hashes; exertion_state_maps_preview_overlay_or_metric_report; exertion_state_maps_strict_qa_report_json,schema_validation_pass; source_citation_present; artifact_manifest_with_hashes_present; preview_or_overlay_generated; strict_visual_review_pass; whole_artifact_review_pass_when_media_exists; no_human_work_dependency_after_registered_inputs; autonomous_failure_blocker_written_if_blocked; body_region_mapping_pass; protected_anchor_preservation_pass; gravity_direction_plausibility_pass; collision_contact_plausibility_pass; no_mesh_or_visual_penetration_pass; no_floating_contact_pass; body_shape_continuity_pass; temporal_stability_pass_for_video; input_contract_validated; output_manifest_hashes_validated; visual_overlay_or_metric_threshold_pass; rerun_policy_declared; blocker_policy_declared; deterministic_validator_result_present; tool_adapter_manifest_present_when_tool_used; numeric_metric_thresholds_declared; llm_or_vlm_review_cannot_override_failed_metrics; no_human_work_after_daz_prototype_registration; daz_neutral_prototype_only_boundary_preserved; cost_control_and_runtime_window_gate_pass; control_map_dimensions_match_generation; map_value_range_normalized; comfyui_route_manifest_pass; generated_output_proof_present; target_runtime_proof_before_final_certification; full_duration_audio_review_pass; audio_event_visual_contact_alignment_pass; av_sync_drift_check_pass; clipping_noise_mix_balance_pass,true,true,true,true,true,Deferred_Required_Not_Complete,"Deferred. Activate only after the current ComfyUI foundation, Wave70 Mask Factory, Waves71-76 base physics/deformation layers, runtime lanes, cost controls, and strict QA gates are stable enough that this expansion will not derail nearer project milestones. Activation requires an explicit source-cited project decision.",W80:exertion_audio_force:exertion_state_maps,Plan\07_IMPLEMENTATION\physics_deformation_system\WAVE80_MUSCLE_ACTIVATION_GRIP_FORCE_CONTACT_STRENGTH_SYSTEM.md,Exertion And Audio Force,63,75
W80-0015,80,exertion_audio_force,Define breath chest expansion maps,breath_chest_expansion_maps,"Autonomously define, execute when activated, validate, and evidence breath_chest_expansion_maps. It must support breathing, ribcage, abdomen, chest, shoulder, neck, and timing state for image/video/audio consistency, operate after DAZ neutral prototype registration without human work, write exact blockers when prerequisites are unavailable, and avoid docs-only completion.","breath_chest_expansion_maps is complete only when it has schema/config, adapter or deterministic implementation route, breath expansion maps, manifest hashes, preview or overlay evidence, strict whole-artifact review, and source-cited QA.",breath_chest_expansion_maps_schema_or_contract_json; breath_chest_expansion_maps_execution_or_adapter_manifest_json; breath_chest_expansion_maps_artifact_manifest_with_hashes; breath_chest_expansion_maps_preview_overlay_or_metric_report; breath_chest_expansion_maps_strict_qa_report_json,schema_validation_pass; source_citation_present; artifact_manifest_with_hashes_present; preview_or_overlay_generated; strict_visual_review_pass; whole_artifact_review_pass_when_media_exists; no_human_work_dependency_after_registered_inputs; autonomous_failure_blocker_written_if_blocked; body_region_mapping_pass; protected_anchor_preservation_pass; gravity_direction_plausibility_pass; collision_contact_plausibility_pass; no_mesh_or_visual_penetration_pass; no_floating_contact_pass; body_shape_continuity_pass; temporal_stability_pass_for_video; input_contract_validated; output_manifest_hashes_validated; visual_overlay_or_metric_threshold_pass; rerun_policy_declared; blocker_policy_declared; deterministic_validator_result_present; tool_adapter_manifest_present_when_tool_used; numeric_metric_thresholds_declared; llm_or_vlm_review_cannot_override_failed_metrics; no_human_work_after_daz_prototype_registration; daz_neutral_prototype_only_boundary_preserved; cost_control_and_runtime_window_gate_pass; control_map_dimensions_match_generation; map_value_range_normalized; comfyui_route_manifest_pass; generated_output_proof_present; target_runtime_proof_before_final_certification; full_duration_audio_review_pass; audio_event_visual_contact_alignment_pass; av_sync_drift_check_pass; clipping_noise_mix_balance_pass,true,true,true,true,true,Deferred_Required_Not_Complete,"Deferred. Activate only after the current ComfyUI foundation, Wave70 Mask Factory, Waves71-76 base physics/deformation layers, runtime lanes, cost controls, and strict QA gates are stable enough that this expansion will not derail nearer project milestones. Activation requires an explicit source-cited project decision.",W80:exertion_audio_force:breath_chest_expansion_maps,Plan\07_IMPLEMENTATION\physics_deformation_system\WAVE80_MUSCLE_ACTIVATION_GRIP_FORCE_CONTACT_STRENGTH_SYSTEM.md,Exertion And Audio Force,63,75
W80-0016,80,exertion_audio_force,Define pose to audio force maps,pose_to_audio_force_maps,"Autonomously define, execute when activated, validate, and evidence pose_to_audio_force_maps. It must support visual force converted to foley, breath, cloth rustle, impact, support compression, and contact audio events, operate after DAZ neutral prototype registration without human work, write exact blockers when prerequisites are unavailable, and avoid docs-only completion.","pose_to_audio_force_maps is complete only when it has schema/config, adapter or deterministic implementation route, audio force maps, manifest hashes, preview or overlay evidence, strict whole-artifact review, and source-cited QA.",pose_to_audio_force_maps_schema_or_contract_json; pose_to_audio_force_maps_execution_or_adapter_manifest_json; pose_to_audio_force_maps_artifact_manifest_with_hashes; pose_to_audio_force_maps_preview_overlay_or_metric_report; pose_to_audio_force_maps_strict_qa_report_json,schema_validation_pass; source_citation_present; artifact_manifest_with_hashes_present; preview_or_overlay_generated; strict_visual_review_pass; whole_artifact_review_pass_when_media_exists; no_human_work_dependency_after_registered_inputs; autonomous_failure_blocker_written_if_blocked; body_region_mapping_pass; protected_anchor_preservation_pass; gravity_direction_plausibility_pass; collision_contact_plausibility_pass; no_mesh_or_visual_penetration_pass; no_floating_contact_pass; body_shape_continuity_pass; temporal_stability_pass_for_video; input_contract_validated; output_manifest_hashes_validated; visual_overlay_or_metric_threshold_pass; rerun_policy_declared; blocker_policy_declared; deterministic_validator_result_present; tool_adapter_manifest_present_when_tool_used; numeric_metric_thresholds_declared; llm_or_vlm_review_cannot_override_failed_metrics; no_human_work_after_daz_prototype_registration; daz_neutral_prototype_only_boundary_preserved; cost_control_and_runtime_window_gate_pass; control_map_dimensions_match_generation; map_value_range_normalized; comfyui_route_manifest_pass; generated_output_proof_present; target_runtime_proof_before_final_certification; full_duration_audio_review_pass; audio_event_visual_contact_alignment_pass; av_sync_drift_check_pass; clipping_noise_mix_balance_pass,true,true,true,true,true,Deferred_Required_Not_Complete,"Deferred. Activate only after the current ComfyUI foundation, Wave70 Mask Factory, Waves71-76 base physics/deformation layers, runtime lanes, cost controls, and strict QA gates are stable enough that this expansion will not derail nearer project milestones. Activation requires an explicit source-cited project decision.",W80:exertion_audio_force:pose_to_audio_force_maps,Plan\07_IMPLEMENTATION\physics_deformation_system\WAVE80_MUSCLE_ACTIVATION_GRIP_FORCE_CONTACT_STRENGTH_SYSTEM.md,Exertion And Audio Force,63,75
W80-0017,80,exertion_audio_force,Define force timeline curve,force_timeline_curve,"Autonomously define, execute when activated, validate, and evidence force_timeline_curve. It must support per-frame force, grip, muscle activation, support compression, rebound, and audio event timing, operate after DAZ neutral prototype registration without human work, write exact blockers when prerequisites are unavailable, and avoid docs-only completion.","force_timeline_curve is complete only when it has schema/config, adapter or deterministic implementation route, force timeline JSON, manifest hashes, preview or overlay evidence, strict whole-artifact review, and source-cited QA.",force_timeline_curve_schema_or_contract_json; force_timeline_curve_execution_or_adapter_manifest_json; force_timeline_curve_artifact_manifest_with_hashes; force_timeline_curve_preview_overlay_or_metric_report; force_timeline_curve_strict_qa_report_json,schema_validation_pass; source_citation_present; artifact_manifest_with_hashes_present; preview_or_overlay_generated; strict_visual_review_pass; whole_artifact_review_pass_when_media_exists; no_human_work_dependency_after_registered_inputs; autonomous_failure_blocker_written_if_blocked; body_region_mapping_pass; protected_anchor_preservation_pass; gravity_direction_plausibility_pass; collision_contact_plausibility_pass; no_mesh_or_visual_penetration_pass; no_floating_contact_pass; body_shape_continuity_pass; temporal_stability_pass_for_video; input_contract_validated; output_manifest_hashes_validated; visual_overlay_or_metric_threshold_pass; rerun_policy_declared; blocker_policy_declared; deterministic_validator_result_present; tool_adapter_manifest_present_when_tool_used; numeric_metric_thresholds_declared; llm_or_vlm_review_cannot_override_failed_metrics; no_human_work_after_daz_prototype_registration; daz_neutral_prototype_only_boundary_preserved; cost_control_and_runtime_window_gate_pass; control_map_dimensions_match_generation; map_value_range_normalized; comfyui_route_manifest_pass; generated_output_proof_present; target_runtime_proof_before_final_certification; full_duration_audio_review_pass; audio_event_visual_contact_alignment_pass; av_sync_drift_check_pass; clipping_noise_mix_balance_pass,true,true,true,true,true,Deferred_Required_Not_Complete,"Deferred. Activate only after the current ComfyUI foundation, Wave70 Mask Factory, Waves71-76 base physics/deformation layers, runtime lanes, cost controls, and strict QA gates are stable enough that this expansion will not derail nearer project milestones. Activation requires an explicit source-cited project decision.",W80:exertion_audio_force:force_timeline_curve,Plan\07_IMPLEMENTATION\physics_deformation_system\WAVE80_MUSCLE_ACTIVATION_GRIP_FORCE_CONTACT_STRENGTH_SYSTEM.md,Exertion And Audio Force,63,75
W80-0018,80,exertion_audio_force,Certify muscle grip whole artifact QA,muscle_grip_whole_artifact_qa,"Autonomously define, execute when activated, validate, and evidence muscle_grip_whole_artifact_qa. It must support full-frame/full-duration review for anatomy, contact, hands, fingers, force, temporal stability, and audio alignment, operate after DAZ neutral prototype registration without human work, write exact blockers when prerequisites are unavailable, and avoid docs-only completion.","muscle_grip_whole_artifact_qa is complete only when it has schema/config, adapter or deterministic implementation route, muscle grip QA report, manifest hashes, preview or overlay evidence, strict whole-artifact review, and source-cited QA.",muscle_grip_whole_artifact_qa_schema_or_contract_json; muscle_grip_whole_artifact_qa_execution_or_adapter_manifest_json; muscle_grip_whole_artifact_qa_artifact_manifest_with_hashes; muscle_grip_whole_artifact_qa_preview_overlay_or_metric_report; muscle_grip_whole_artifact_qa_strict_qa_report_json,schema_validation_pass; source_citation_present; artifact_manifest_with_hashes_present; preview_or_overlay_generated; strict_visual_review_pass; whole_artifact_review_pass_when_media_exists; no_human_work_dependency_after_registered_inputs; autonomous_failure_blocker_written_if_blocked; body_region_mapping_pass; protected_anchor_preservation_pass; gravity_direction_plausibility_pass; collision_contact_plausibility_pass; no_mesh_or_visual_penetration_pass; no_floating_contact_pass; body_shape_continuity_pass; temporal_stability_pass_for_video; input_contract_validated; output_manifest_hashes_validated; visual_overlay_or_metric_threshold_pass; rerun_policy_declared; blocker_policy_declared; deterministic_validator_result_present; tool_adapter_manifest_present_when_tool_used; numeric_metric_thresholds_declared; llm_or_vlm_review_cannot_override_failed_metrics; no_human_work_after_daz_prototype_registration; daz_neutral_prototype_only_boundary_preserved; cost_control_and_runtime_window_gate_pass; control_map_dimensions_match_generation; map_value_range_normalized; comfyui_route_manifest_pass; generated_output_proof_present; target_runtime_proof_before_final_certification; full_duration_audio_review_pass; audio_event_visual_contact_alignment_pass; av_sync_drift_check_pass; clipping_noise_mix_balance_pass,true,true,true,true,true,Deferred_Required_Not_Complete,"Deferred. Activate only after the current ComfyUI foundation, Wave70 Mask Factory, Waves71-76 base physics/deformation layers, runtime lanes, cost controls, and strict QA gates are stable enough that this expansion will not derail nearer project milestones. Activation requires an explicit source-cited project decision.",W80:exertion_audio_force:muscle_grip_whole_artifact_qa,Plan\07_IMPLEMENTATION\physics_deformation_system\WAVE80_MUSCLE_ACTIVATION_GRIP_FORCE_CONTACT_STRENGTH_SYSTEM.md,Exertion And Audio Force,63,75
