Item_ID,Item_Wave,Item_Type,Item_Title,Item_Category,Item_Domain,Owner_Domain,Autonomous_Required,Human_Input_Allowed,Human_Work_Allowed,Codex_Action,Implementation_Target,Deliverable_Type,Acceptance_Criteria,QA_Gates_Required,Visual_Review_Required,Visual_Review_Method,Test_Required,Evidence_Required,Runtime_Proof_Required,EC2_Allowed,Blocker_Policy,Source_Plan_Root,Citation_File,Citation_Full_Path,Citation_Section,Citation_Line_Start,Citation_Line_End,Citation_Excerpt,Source_Package,Source_Type,Source_File_Size,Priority,Risk_Level,Status,Created_From,Notes,Source_Key,Source_File_Relative,Coverage_Level,Coverage_Audit_Status,Ultra_Source_Coverage_Record
W64-MI-221,Wave64,Autonomous_Model_Intelligence_Requirement,Wave30 Source Snapshot and Integrity Admission,archive_intake,source_governance,W64-MI-GOV,Yes,Yes_For_Policy_Calibration_And_Adjudication,No_Manual_Work_Required_For_Normal_Operation,"Register every multipart archive part, logical ZIP hash, patch relationship, inventory count, CRC result, source defect, and authority ceiling without importing model authority.",Wave64 Rows221-260 additive child package,Schema_Registry_Service_Test_Evidence,"The five-part stream and patch are hash-bound; unsafe paths, missing parts, duplicate names, manifest inconsistencies, and the metadata-only authority ceiling are explicit.",AUTONOMOUS_MODEL_INTELLIGENCE_QA_AND_PROMOTION_PROTOCOL,Conditional,archive manifest and inventory review,Yes,Yes,No_Static_Control,Yes_When_Resource_Profile_And_Authority_Pass,Fail_Closed_With_Typed_Blocker_And_Continue_Unrelated_Work,C:/Comfy_UI_Main/Plan,WAVE64_AUTONOMOUS_MODEL_INTELLIGENCE_AND_SELECTION_MASTER_PLAN.md,C:\Comfy_UI_Main\Plan\00_PROJECT_CONTROL\WAVE64_AUTONOMOUS_MODEL_INTELLIGENCE_AND_SELECTION_MASTER_PLAN.md,Row221,413,419,Wave30 Source Snapshot and Integrity Admission,wave64_autonomous_model_intelligence_rows221_260,Additive_Model_Intelligence_Plan,46999,P0,CRITICAL,Planned_Static_Control_Allowed_Pre_Activation,Wave30 archive audit plus Wave64 Rows165-220 gap analysis,"Planning-only. Dependencies: Row149, Row152, Row165, Row201; static control work allowed before activation",W64-MI-221,Plan/00_PROJECT_CONTROL/WAVE64_AUTONOMOUS_MODEL_INTELLIGENCE_AND_SELECTION_MASTER_PLAN.md,Full_Planning_Coverage,Static_Validated_Pre_Activation_Control,Yes
W64-MI-222,Wave64,Autonomous_Model_Intelligence_Requirement,"Discovery, Operational, and Empirical Authority Tiers",authority,source_governance,W64-MI-GOV,Yes,Yes_For_Policy_Calibration_And_Adjudication,No_Manual_Work_Required_For_Normal_Operation,"Separate source claims, normalized discovery metadata, installed operational assets, runtime observations, scoped certificates, and production selection authority.",Wave64 Rows221-260 additive child package,Schema_Registry_Service_Test_Evidence,"No Wave30 score, tag, copy-ready label, Civitai sample, or LLM statement can satisfy a runtime capability or promotion gate.",AUTONOMOUS_MODEL_INTELLIGENCE_QA_AND_PROMOTION_PROTOCOL,Conditional,authority-matrix review,Yes,Yes,No_Static_Control,Yes_When_Resource_Profile_And_Authority_Pass,Fail_Closed_With_Typed_Blocker_And_Continue_Unrelated_Work,C:/Comfy_UI_Main/Plan,WAVE64_AUTONOMOUS_MODEL_INTELLIGENCE_AND_SELECTION_MASTER_PLAN.md,C:\Comfy_UI_Main\Plan\00_PROJECT_CONTROL\WAVE64_AUTONOMOUS_MODEL_INTELLIGENCE_AND_SELECTION_MASTER_PLAN.md,Row222,421,427,"Discovery, Operational, and Empirical Authority Tiers",wave64_autonomous_model_intelligence_rows221_260,Additive_Model_Intelligence_Plan,46999,P0,CRITICAL,Planned_Static_Control_Allowed_Pre_Activation,Wave30 archive audit plus Wave64 Rows165-220 gap analysis,"Planning-only. Dependencies: Row150, Row152, Row165, Row166, Row209, Row221; static control work allowed before activation",W64-MI-222,Plan/00_PROJECT_CONTROL/WAVE64_AUTONOMOUS_MODEL_INTELLIGENCE_AND_SELECTION_MASTER_PLAN.md,Full_Planning_Coverage,Static_Validated_Pre_Activation_Control,Yes
W64-MI-223,Wave64,Autonomous_Model_Intelligence_Requirement,"Model Asset Identity, Deduplication, and Version Lineage",identity_lineage,source_governance,W64-MI-GOV,Yes,Yes_For_Policy_Calibration_And_Adjudication,No_Manual_Work_Required_For_Normal_Operation,"Resolve family, model, version, file, SHA-256, duplicate group, supersession, preferred revision, and storage identity as separate immutable entities.",Wave64 Rows221-260 additive child package,Schema_Registry_Service_Test_Evidence,Aliases converge on one content identity while distinct revisions remain independently testable and historically addressable.,AUTONOMOUS_MODEL_INTELLIGENCE_QA_AND_PROMOTION_PROTOCOL,Yes,dedupe and lineage fixture review,Yes,Yes,Yes,Yes_When_Resource_Profile_And_Authority_Pass,Fail_Closed_With_Typed_Blocker_And_Continue_Unrelated_Work,C:/Comfy_UI_Main/Plan,WAVE64_AUTONOMOUS_MODEL_INTELLIGENCE_AND_SELECTION_MASTER_PLAN.md,C:\Comfy_UI_Main\Plan\00_PROJECT_CONTROL\WAVE64_AUTONOMOUS_MODEL_INTELLIGENCE_AND_SELECTION_MASTER_PLAN.md,Row223,429,435,"Model Asset Identity, Deduplication, and Version Lineage",wave64_autonomous_model_intelligence_rows221_260,Additive_Model_Intelligence_Plan,46999,P0,CRITICAL,Deferred_Pending_Complete_Model_Library_Download_Inventory_Verification_And_Main_Task_Acknowledgement,Wave30 archive audit plus Wave64 Rows165-220 gap analysis,"Planning-only. Dependencies: Row043, Row051, Row152, Row153, Row221, Row222; execution deferred by wave64_model_library_download_readiness_gate_v1",W64-MI-223,Plan/00_PROJECT_CONTROL/WAVE64_AUTONOMOUS_MODEL_INTELLIGENCE_AND_SELECTION_MASTER_PLAN.md,Full_Planning_Coverage,Static_Validated_Runtime_Deferred_By_Activation_Gate,Yes
W64-MI-224,Wave64,Autonomous_Model_Intelligence_Requirement,"Model Lifecycle, Decision Authority, and Revocation State Machine",lifecycle,source_governance,W64-MI-GOV,Yes,Yes_For_Policy_Calibration_And_Adjudication,No_Manual_Work_Required_For_Normal_Operation,"Define discovery, admitted, installed, load-proven, benchmark-candidate, provisionally-certified, production-certified, suspended, revoked, rejected, and superseded transitions.",Wave64 Rows221-260 additive child package,Schema_Registry_Service_Test_Evidence,"Every transition has one authority, evidence prerequisites, expiry, rollback, and immutable event history; an LLM cannot certify or promote.",AUTONOMOUS_MODEL_INTELLIGENCE_QA_AND_PROMOTION_PROTOCOL,Yes,state-transition and forbidden-authority tests,Yes,Yes,Yes,Yes_When_Resource_Profile_And_Authority_Pass,Fail_Closed_With_Typed_Blocker_And_Continue_Unrelated_Work,C:/Comfy_UI_Main/Plan,WAVE64_AUTONOMOUS_MODEL_INTELLIGENCE_AND_SELECTION_MASTER_PLAN.md,C:\Comfy_UI_Main\Plan\00_PROJECT_CONTROL\WAVE64_AUTONOMOUS_MODEL_INTELLIGENCE_AND_SELECTION_MASTER_PLAN.md,Row224,437,443,"Model Lifecycle, Decision Authority, and Revocation State Machine",wave64_autonomous_model_intelligence_rows221_260,Additive_Model_Intelligence_Plan,46999,P0,CRITICAL,Deferred_Pending_Complete_Model_Library_Download_Inventory_Verification_And_Main_Task_Acknowledgement,Wave30 archive audit plus Wave64 Rows165-220 gap analysis,"Planning-only. Dependencies: Row150, Row152, Row197, Row198, Row201, Row221, Row222, Row223; execution deferred by wave64_model_library_download_readiness_gate_v1",W64-MI-224,Plan/00_PROJECT_CONTROL/WAVE64_AUTONOMOUS_MODEL_INTELLIGENCE_AND_SELECTION_MASTER_PLAN.md,Full_Planning_Coverage,Static_Validated_Runtime_Deferred_By_Activation_Gate,Yes
W64-MI-225,Wave64,Autonomous_Model_Intelligence_Requirement,Strict Model Asset Intelligence Card,asset_cards,catalog_intelligence,W64-MI-CAT,Yes,Yes_For_Policy_Calibration_And_Adjudication,No_Manual_Work_Required_For_Normal_Operation,"Normalize Wave30, Civitai, local, S3, EC2, ComfyUI, hash, loader, taxonomy, prompt, trigger, compatibility, rights, availability, and evidence fields into a strict versioned card.",Wave64 Rows221-260 additive child package,Schema_Registry_Service_Test_Evidence,"Each card distinguishes claimed, inferred, observed, measured, and certified facts and carries source-level citations and freshness.",AUTONOMOUS_MODEL_INTELLIGENCE_QA_AND_PROMOTION_PROTOCOL,Yes,"schema, source crosswalk, and sample-card review",Yes,Yes,Yes,Yes_When_Resource_Profile_And_Authority_Pass,Fail_Closed_With_Typed_Blocker_And_Continue_Unrelated_Work,C:/Comfy_UI_Main/Plan,WAVE64_AUTONOMOUS_MODEL_INTELLIGENCE_AND_SELECTION_MASTER_PLAN.md,C:\Comfy_UI_Main\Plan\00_PROJECT_CONTROL\WAVE64_AUTONOMOUS_MODEL_INTELLIGENCE_AND_SELECTION_MASTER_PLAN.md,Row225,445,451,Strict Model Asset Intelligence Card,wave64_autonomous_model_intelligence_rows221_260,Additive_Model_Intelligence_Plan,46999,P0,CRITICAL,Deferred_Pending_Complete_Model_Library_Download_Inventory_Verification_And_Main_Task_Acknowledgement,Wave30 archive audit plus Wave64 Rows165-220 gap analysis,"Planning-only. Dependencies: Row044, Row054, Row165, Row221, Row222, Row223; execution deferred by wave64_model_library_download_readiness_gate_v1",W64-MI-225,Plan/00_PROJECT_CONTROL/WAVE64_AUTONOMOUS_MODEL_INTELLIGENCE_AND_SELECTION_MASTER_PLAN.md,Full_Planning_Coverage,Static_Validated_Runtime_Deferred_By_Activation_Gate,Yes
W64-MI-226,Wave64,Autonomous_Model_Intelligence_Requirement,"Capability, Role, Region, Modality, and Defect Ontology",ontology,catalog_intelligence,W64-MI-CAT,Yes,Yes_For_Policy_Calibration_And_Adjudication,No_Manual_Work_Required_For_Normal_Operation,"Map checkpoints, LoRAs, adapters, controls, video, audio, speech, Foley, upscalers, and analyzers to normalized pass intents, targets, defects, controls, and risks.",Wave64 Rows221-260 additive child package,Schema_Registry_Service_Test_Evidence,"The selector can query exact functional meaning across character, scene, image, video, audio, and AV work without relying on filenames.",AUTONOMOUS_MODEL_INTELLIGENCE_QA_AND_PROMOTION_PROTOCOL,Yes,ontology coverage and ambiguity review,Yes,Yes,Yes,Yes_When_Resource_Profile_And_Authority_Pass,Fail_Closed_With_Typed_Blocker_And_Continue_Unrelated_Work,C:/Comfy_UI_Main/Plan,WAVE64_AUTONOMOUS_MODEL_INTELLIGENCE_AND_SELECTION_MASTER_PLAN.md,C:\Comfy_UI_Main\Plan\00_PROJECT_CONTROL\WAVE64_AUTONOMOUS_MODEL_INTELLIGENCE_AND_SELECTION_MASTER_PLAN.md,Row226,453,459,"Capability, Role, Region, Modality, and Defect Ontology",wave64_autonomous_model_intelligence_rows221_260,Additive_Model_Intelligence_Plan,46999,P0,CRITICAL,Deferred_Pending_Complete_Model_Library_Download_Inventory_Verification_And_Main_Task_Acknowledgement,Wave30 archive audit plus Wave64 Rows165-220 gap analysis,"Planning-only. Dependencies: Row051, Row054, Row153, Row155, Row165, Row173, Row209, Row225; execution deferred by wave64_model_library_download_readiness_gate_v1",W64-MI-226,Plan/00_PROJECT_CONTROL/WAVE64_AUTONOMOUS_MODEL_INTELLIGENCE_AND_SELECTION_MASTER_PLAN.md,Full_Planning_Coverage,Static_Validated_Runtime_Deferred_By_Activation_Gate,Yes
W64-MI-227,Wave64,Autonomous_Model_Intelligence_Requirement,"Family, Artifact, Revision, Bundle, and Certificate Separation",hierarchy,catalog_intelligence,W64-MI-CAT,Yes,Yes_For_Policy_Calibration_And_Adjudication,No_Manual_Work_Required_For_Normal_Operation,"Model discovery operates at family level while execution, evidence, and certification bind exact artifact revisions and execution bundles.",Wave64 Rows221-260 additive child package,Schema_Registry_Service_Test_Evidence,"No family summary is used as artifact proof and no artifact certificate silently transfers to another hash, workflow, adapter bundle, or runtime.",AUTONOMOUS_MODEL_INTELLIGENCE_QA_AND_PROMOTION_PROTOCOL,Yes,cross-level leakage tests,Yes,Yes,Yes,Yes_When_Resource_Profile_And_Authority_Pass,Fail_Closed_With_Typed_Blocker_And_Continue_Unrelated_Work,C:/Comfy_UI_Main/Plan,WAVE64_AUTONOMOUS_MODEL_INTELLIGENCE_AND_SELECTION_MASTER_PLAN.md,C:\Comfy_UI_Main\Plan\00_PROJECT_CONTROL\WAVE64_AUTONOMOUS_MODEL_INTELLIGENCE_AND_SELECTION_MASTER_PLAN.md,Row227,461,467,"Family, Artifact, Revision, Bundle, and Certificate Separation",wave64_autonomous_model_intelligence_rows221_260,Additive_Model_Intelligence_Plan,46999,P0,CRITICAL,Deferred_Pending_Complete_Model_Library_Download_Inventory_Verification_And_Main_Task_Acknowledgement,Wave30 archive audit plus Wave64 Rows165-220 gap analysis,"Planning-only. Dependencies: Row152, Row156, Row165, Row223, Row224, Row225; execution deferred by wave64_model_library_download_readiness_gate_v1",W64-MI-227,Plan/00_PROJECT_CONTROL/WAVE64_AUTONOMOUS_MODEL_INTELLIGENCE_AND_SELECTION_MASTER_PLAN.md,Full_Planning_Coverage,Static_Validated_Runtime_Deferred_By_Activation_Gate,Yes
W64-MI-228,Wave64,Autonomous_Model_Intelligence_Requirement,Hybrid Retrieval Index and Immutable Citation Projection,retrieval_index,catalog_intelligence,W64-MI-CAT,Yes,Yes_For_Policy_Calibration_And_Adjudication,No_Manual_Work_Required_For_Normal_Operation,"Build structured filters, full-text search, embeddings, taxonomy joins, evidence joins, and materialized summaries over immutable source and empirical records.",Wave64 Rows221-260 additive child package,Schema_Registry_Service_Test_Evidence,"Every retrieved fact resolves to a versioned record and evidence reference; stale, conflicting, missing, and superseded records remain visible.",AUTONOMOUS_MODEL_INTELLIGENCE_QA_AND_PROMOTION_PROTOCOL,Yes,"retrieval precision, freshness, conflict, and citation tests",Yes,Yes,Yes,Yes_When_Resource_Profile_And_Authority_Pass,Fail_Closed_With_Typed_Blocker_And_Continue_Unrelated_Work,C:/Comfy_UI_Main/Plan,WAVE64_AUTONOMOUS_MODEL_INTELLIGENCE_AND_SELECTION_MASTER_PLAN.md,C:\Comfy_UI_Main\Plan\00_PROJECT_CONTROL\WAVE64_AUTONOMOUS_MODEL_INTELLIGENCE_AND_SELECTION_MASTER_PLAN.md,Row228,469,475,Hybrid Retrieval Index and Immutable Citation Projection,wave64_autonomous_model_intelligence_rows221_260,Additive_Model_Intelligence_Plan,46999,P0,CRITICAL,Deferred_Pending_Complete_Model_Library_Download_Inventory_Verification_And_Main_Task_Acknowledgement,Wave30 archive audit plus Wave64 Rows165-220 gap analysis,"Planning-only. Dependencies: Row051, Row054, Row198, Row202, Row221, Row225, Row226, Row227; execution deferred by wave64_model_library_download_readiness_gate_v1",W64-MI-228,Plan/00_PROJECT_CONTROL/WAVE64_AUTONOMOUS_MODEL_INTELLIGENCE_AND_SELECTION_MASTER_PLAN.md,Full_Planning_Coverage,Static_Validated_Runtime_Deferred_By_Activation_Gate,Yes
W64-MI-229,Wave64,Autonomous_Model_Intelligence_Requirement,"Engine, Base-Family, Loader, and Adapter Hard Compatibility Graph",hard_compatibility,compatibility_and_bundles,W64-MI-COMPAT,Yes,Yes_For_Policy_Calibration_And_Adjudication,No_Manual_Work_Required_For_Normal_Operation,"Represent exact compatible and incompatible edges for engines, checkpoints, LoRAs, VAEs, encoders, controls, schedulers, nodes, workflows, quantizations, and media adapters.",Wave64 Rows221-260 additive child package,Schema_Registry_Service_Test_Evidence,Wrong-family assets and unproven cross-family assumptions fail before ranking with typed reasons.,AUTONOMOUS_MODEL_INTELLIGENCE_QA_AND_PROMOTION_PROTOCOL,Yes,positive and negative compatibility fixtures,Yes,Yes,Yes,Yes_When_Resource_Profile_And_Authority_Pass,Fail_Closed_With_Typed_Blocker_And_Continue_Unrelated_Work,C:/Comfy_UI_Main/Plan,WAVE64_AUTONOMOUS_MODEL_INTELLIGENCE_AND_SELECTION_MASTER_PLAN.md,C:\Comfy_UI_Main\Plan\00_PROJECT_CONTROL\WAVE64_AUTONOMOUS_MODEL_INTELLIGENCE_AND_SELECTION_MASTER_PLAN.md,Row229,477,483,"Engine, Base-Family, Loader, and Adapter Hard Compatibility Graph",wave64_autonomous_model_intelligence_rows221_260,Additive_Model_Intelligence_Plan,46999,P0,CRITICAL,Deferred_Pending_Complete_Model_Library_Download_Inventory_Verification_And_Main_Task_Acknowledgement,Wave30 archive audit plus Wave64 Rows165-220 gap analysis,"Planning-only. Dependencies: Row036, Row044, Row054, Row065, Row165, Row166, Row225, Row226, Row227; execution deferred by wave64_model_library_download_readiness_gate_v1",W64-MI-229,Plan/00_PROJECT_CONTROL/WAVE64_AUTONOMOUS_MODEL_INTELLIGENCE_AND_SELECTION_MASTER_PLAN.md,Full_Planning_Coverage,Static_Validated_Runtime_Deferred_By_Activation_Gate,Yes
W64-MI-230,Wave64,Autonomous_Model_Intelligence_Requirement,Exact Model Execution Bundle Compiler,execution_bundle,compatibility_and_bundles,W64-MI-COMPAT,Yes,Yes_For_Policy_Calibration_And_Adjudication,No_Manual_Work_Required_For_Normal_Operation,"Compile one selectable unit from base model, LoRA stack, VAE, encoders, controls, workflow hash, node/runtime lock, sampler, precision, hardware, and prompt adapter.",Wave64 Rows221-260 additive child package,Schema_Registry_Service_Test_Evidence,Selection and evidence bind the complete reproducible bundle rather than a model brand or standalone LoRA.,AUTONOMOUS_MODEL_INTELLIGENCE_QA_AND_PROMOTION_PROTOCOL,Yes,bundle reproducibility and substitution tests,Yes,Yes,Yes,Yes_When_Resource_Profile_And_Authority_Pass,Fail_Closed_With_Typed_Blocker_And_Continue_Unrelated_Work,C:/Comfy_UI_Main/Plan,WAVE64_AUTONOMOUS_MODEL_INTELLIGENCE_AND_SELECTION_MASTER_PLAN.md,C:\Comfy_UI_Main\Plan\00_PROJECT_CONTROL\WAVE64_AUTONOMOUS_MODEL_INTELLIGENCE_AND_SELECTION_MASTER_PLAN.md,Row230,485,491,Exact Model Execution Bundle Compiler,wave64_autonomous_model_intelligence_rows221_260,Additive_Model_Intelligence_Plan,46999,P0,CRITICAL,Deferred_Pending_Complete_Model_Library_Download_Inventory_Verification_And_Main_Task_Acknowledgement,Wave30 archive audit plus Wave64 Rows165-220 gap analysis,"Planning-only. Dependencies: Row156, Row165, Row166, Row170, Row171, Row227, Row229; execution deferred by wave64_model_library_download_readiness_gate_v1",W64-MI-230,Plan/00_PROJECT_CONTROL/WAVE64_AUTONOMOUS_MODEL_INTELLIGENCE_AND_SELECTION_MASTER_PLAN.md,Full_Planning_Coverage,Static_Validated_Runtime_Deferred_By_Activation_Gate,Yes
W64-MI-231,Wave64,Autonomous_Model_Intelligence_Requirement,"LoRA and Component Interaction, Conflict, and Attribution Graph",interaction_graph,compatibility_and_bundles,W64-MI-COMPAT,Yes,Yes_For_Policy_Calibration_And_Adjudication,No_Manual_Work_Required_For_Normal_Operation,"Record pairwise and higher-order compatibility, dominance, cancellation, overcook, trigger collision, regional overlap, identity drift, and checkpoint dependence.",Wave64 Rows221-260 additive child package,Schema_Registry_Service_Test_Evidence,Unknown combinations are not assumed safe; tested interactions are scoped and combinatorial testing is prioritized by use and risk.,AUTONOMOUS_MODEL_INTELLIGENCE_QA_AND_PROMOTION_PROTOCOL,Yes,designed-experiment and stack-ablation review,Yes,Yes,Yes,Yes_When_Resource_Profile_And_Authority_Pass,Fail_Closed_With_Typed_Blocker_And_Continue_Unrelated_Work,C:/Comfy_UI_Main/Plan,WAVE64_AUTONOMOUS_MODEL_INTELLIGENCE_AND_SELECTION_MASTER_PLAN.md,C:\Comfy_UI_Main\Plan\00_PROJECT_CONTROL\WAVE64_AUTONOMOUS_MODEL_INTELLIGENCE_AND_SELECTION_MASTER_PLAN.md,Row231,493,499,"LoRA and Component Interaction, Conflict, and Attribution Graph",wave64_autonomous_model_intelligence_rows221_260,Additive_Model_Intelligence_Plan,46999,P0,CRITICAL,Deferred_Pending_Complete_Model_Library_Download_Inventory_Verification_And_Main_Task_Acknowledgement,Wave30 archive audit plus Wave64 Rows165-220 gap analysis,"Planning-only. Dependencies: Row013, Row014, Row015, Row165, Row173, Row174, Row225, Row229, Row230; execution deferred by wave64_model_library_download_readiness_gate_v1",W64-MI-231,Plan/00_PROJECT_CONTROL/WAVE64_AUTONOMOUS_MODEL_INTELLIGENCE_AND_SELECTION_MASTER_PLAN.md,Full_Planning_Coverage,Static_Validated_Runtime_Deferred_By_Activation_Gate,Yes
W64-MI-232,Wave64,Autonomous_Model_Intelligence_Requirement,"Availability, Residency, Resource, and Runtime Envelope",runtime_envelope,compatibility_and_bundles,W64-MI-COMPAT,Yes,Yes_For_Policy_Calibration_And_Adjudication,No_Manual_Work_Required_For_Normal_Operation,"Bind local/S3/EC2 availability, bytes, load time, VRAM/RAM, precision, offload, warm-cache affinity, concurrency, and failure telemetry to each bundle.",Wave64 Rows221-260 additive child package,Schema_Registry_Service_Test_Evidence,No route assumes an absent asset or starts outside a measured resource envelope; quality is not silently downgraded under pressure.,AUTONOMOUS_MODEL_INTELLIGENCE_QA_AND_PROMOTION_PROTOCOL,Yes,"load, OOM, eviction, concurrency, and recovery tests",Yes,Yes,Yes,Yes_When_Resource_Profile_And_Authority_Pass,Fail_Closed_With_Typed_Blocker_And_Continue_Unrelated_Work,C:/Comfy_UI_Main/Plan,WAVE64_AUTONOMOUS_MODEL_INTELLIGENCE_AND_SELECTION_MASTER_PLAN.md,C:\Comfy_UI_Main\Plan\00_PROJECT_CONTROL\WAVE64_AUTONOMOUS_MODEL_INTELLIGENCE_AND_SELECTION_MASTER_PLAN.md,Row232,501,507,"Availability, Residency, Resource, and Runtime Envelope",wave64_autonomous_model_intelligence_rows221_260,Additive_Model_Intelligence_Plan,46999,P0,CRITICAL,Deferred_Pending_Complete_Model_Library_Download_Inventory_Verification_And_Main_Task_Acknowledgement,Wave30 archive audit plus Wave64 Rows165-220 gap analysis,"Planning-only. Dependencies: Row042, Row044, Row061, Row062, Row063, Row166, Row205, Row206, Row208, Row230; execution deferred by wave64_model_library_download_readiness_gate_v1",W64-MI-232,Plan/00_PROJECT_CONTROL/WAVE64_AUTONOMOUS_MODEL_INTELLIGENCE_AND_SELECTION_MASTER_PLAN.md,Full_Planning_Coverage,Static_Validated_Runtime_Deferred_By_Activation_Gate,Yes
W64-MI-233,Wave64,Autonomous_Model_Intelligence_Requirement,Progressive Model Qualification Funnel,funnel,qualification,W64-MI-QUAL,Yes,Yes_For_Policy_Calibration_And_Adjudication,No_Manual_Work_Required_For_Normal_Operation,"Implement source admission, static scan, install/hash proof, loader smoke, baseline A/B, parameter sweep, capability benchmark, stack-interaction, shadow, and certification stages.",Wave64 Rows221-260 additive child package,Schema_Registry_Service_Test_Evidence,Expensive rendering is reserved for eligible high-value or high-uncertainty candidates while every skipped stage and authority ceiling is explicit.,AUTONOMOUS_MODEL_INTELLIGENCE_QA_AND_PROMOTION_PROTOCOL,Yes,"stage-entry, stop, resume, and failure tests",Yes,Yes,Yes,Yes_When_Resource_Profile_And_Authority_Pass,Fail_Closed_With_Typed_Blocker_And_Continue_Unrelated_Work,C:/Comfy_UI_Main/Plan,WAVE64_AUTONOMOUS_MODEL_INTELLIGENCE_AND_SELECTION_MASTER_PLAN.md,C:\Comfy_UI_Main\Plan\00_PROJECT_CONTROL\WAVE64_AUTONOMOUS_MODEL_INTELLIGENCE_AND_SELECTION_MASTER_PLAN.md,Row233,509,515,Progressive Model Qualification Funnel,wave64_autonomous_model_intelligence_rows221_260,Additive_Model_Intelligence_Plan,46999,P0,CRITICAL,Deferred_Pending_Complete_Model_Library_Download_Inventory_Verification_And_Main_Task_Acknowledgement,Wave30 archive audit plus Wave64 Rows165-220 gap analysis,"Planning-only. Dependencies: Row037, Row038, Row044, Row054, Row063, Row165, Row209, Row210, Row221, Row224, Row229, Row230, Row232; execution deferred by wave64_model_library_download_readiness_gate_v1",W64-MI-233,Plan/00_PROJECT_CONTROL/WAVE64_AUTONOMOUS_MODEL_INTELLIGENCE_AND_SELECTION_MASTER_PLAN.md,Full_Planning_Coverage,Static_Validated_Runtime_Deferred_By_Activation_Gate,Yes
W64-MI-234,Wave64,Autonomous_Model_Intelligence_Requirement,Canonical Multimodal Model Benchmark Corpus,benchmark_corpus,qualification,W64-MI-QUAL,Yes,Yes_For_Policy_Calibration_And_Adjudication,No_Manual_Work_Required_For_Normal_Operation,"Create fixed and held-out cases for character identity, anatomy, skin, hair, clothing, pose, interaction, environment, motion, speech, Foley, audio, and AV behavior.",Wave64 Rows221-260 additive child package,Schema_Registry_Service_Test_Evidence,"Cases bind approved inputs, baselines, seeds, prompts, masks, controls, expected effects, protected invariants, metrics, and adjudicated outcomes.",AUTONOMOUS_MODEL_INTELLIGENCE_QA_AND_PROMOTION_PROTOCOL,Yes,"corpus coverage, leakage, and repeatability review",Yes,Yes,Yes,Yes_When_Resource_Profile_And_Authority_Pass,Fail_Closed_With_Typed_Blocker_And_Continue_Unrelated_Work,C:/Comfy_UI_Main/Plan,WAVE64_AUTONOMOUS_MODEL_INTELLIGENCE_AND_SELECTION_MASTER_PLAN.md,C:\Comfy_UI_Main\Plan\00_PROJECT_CONTROL\WAVE64_AUTONOMOUS_MODEL_INTELLIGENCE_AND_SELECTION_MASTER_PLAN.md,Row234,517,523,Canonical Multimodal Model Benchmark Corpus,wave64_autonomous_model_intelligence_rows221_260,Additive_Model_Intelligence_Plan,46999,P0,CRITICAL,Deferred_Pending_Complete_Model_Library_Download_Inventory_Verification_And_Main_Task_Acknowledgement,Wave30 archive audit plus Wave64 Rows165-220 gap analysis,"Planning-only. Dependencies: Row109, Row147, Row172, Row183, Row188, Row192, Row196, Row209, Row210, Row225, Row226, Row233; execution deferred by wave64_model_library_download_readiness_gate_v1",W64-MI-234,Plan/00_PROJECT_CONTROL/WAVE64_AUTONOMOUS_MODEL_INTELLIGENCE_AND_SELECTION_MASTER_PLAN.md,Full_Planning_Coverage,Static_Validated_Runtime_Deferred_By_Activation_Gate,Yes
W64-MI-235,Wave64,Autonomous_Model_Intelligence_Requirement,"Parameter, Trigger, Prompt, Weight, Denoise, and Seed Sweep Engine",sweeps,qualification,W64-MI-QUAL,Yes,Yes_For_Policy_Calibration_And_Adjudication,No_Manual_Work_Required_For_Normal_Operation,"Generate reproducible baseline-controlled sweeps with early stopping, adaptive refinement, matched seeds, fixed workflows, and parameter-response curves.",Wave64 Rows221-260 additive child package,Schema_Registry_Service_Test_Evidence,"Best envelope, overcook threshold, instability, prompt sensitivity, and failure regions are measured without treating a single attractive output as proof.",AUTONOMOUS_MODEL_INTELLIGENCE_QA_AND_PROMOTION_PROTOCOL,Yes,"paired sweep, early-stop, and reproducibility tests",Yes,Yes,Yes,Yes_When_Resource_Profile_And_Authority_Pass,Fail_Closed_With_Typed_Blocker_And_Continue_Unrelated_Work,C:/Comfy_UI_Main/Plan,WAVE64_AUTONOMOUS_MODEL_INTELLIGENCE_AND_SELECTION_MASTER_PLAN.md,C:\Comfy_UI_Main\Plan\00_PROJECT_CONTROL\WAVE64_AUTONOMOUS_MODEL_INTELLIGENCE_AND_SELECTION_MASTER_PLAN.md,Row235,525,531,"Parameter, Trigger, Prompt, Weight, Denoise, and Seed Sweep Engine",wave64_autonomous_model_intelligence_rows221_260,Additive_Model_Intelligence_Plan,46999,P0,CRITICAL,Deferred_Pending_Complete_Model_Library_Download_Inventory_Verification_And_Main_Task_Acknowledgement,Wave30 archive audit plus Wave64 Rows165-220 gap analysis,"Planning-only. Dependencies: Row064, Row167, Row173, Row174, Row233, Row234; execution deferred by wave64_model_library_download_readiness_gate_v1",W64-MI-235,Plan/00_PROJECT_CONTROL/WAVE64_AUTONOMOUS_MODEL_INTELLIGENCE_AND_SELECTION_MASTER_PLAN.md,Full_Planning_Coverage,Static_Validated_Runtime_Deferred_By_Activation_Gate,Yes
W64-MI-236,Wave64,Autonomous_Model_Intelligence_Requirement,"Capability-Bucket Certificate, Expiry, and Requalification",certification,qualification,W64-MI-QUAL,Yes,Yes_For_Policy_Calibration_And_Adjudication,No_Manual_Work_Required_For_Normal_Operation,"Certify exact bundles only for measured pass intent, target, checkpoint, stack, character count, mask tier, resolution, workflow, runtime, and hardware buckets.",Wave64 Rows221-260 additive child package,Schema_Registry_Service_Test_Evidence,"Certificates include sample floors, confidence, hard-gate results, validity window, exclusions, fallback, and revocation links; there is no universal best-model certificate.",AUTONOMOUS_MODEL_INTELLIGENCE_QA_AND_PROMOTION_PROTOCOL,Yes,"certificate boundary, expiry, and misuse tests",Yes,Yes,Yes,Yes_When_Resource_Profile_And_Authority_Pass,Fail_Closed_With_Typed_Blocker_And_Continue_Unrelated_Work,C:/Comfy_UI_Main/Plan,WAVE64_AUTONOMOUS_MODEL_INTELLIGENCE_AND_SELECTION_MASTER_PLAN.md,C:\Comfy_UI_Main\Plan\00_PROJECT_CONTROL\WAVE64_AUTONOMOUS_MODEL_INTELLIGENCE_AND_SELECTION_MASTER_PLAN.md,Row236,533,539,"Capability-Bucket Certificate, Expiry, and Requalification",wave64_autonomous_model_intelligence_rows221_260,Additive_Model_Intelligence_Plan,46999,P0,CRITICAL,Deferred_Pending_Complete_Model_Library_Download_Inventory_Verification_And_Main_Task_Acknowledgement,Wave30 archive audit plus Wave64 Rows165-220 gap analysis,"Planning-only. Dependencies: Row059, Row063, Row165, Row172, Row209, Row211, Row224, Row230, Row233, Row234, Row235; execution deferred by wave64_model_library_download_readiness_gate_v1",W64-MI-236,Plan/00_PROJECT_CONTROL/WAVE64_AUTONOMOUS_MODEL_INTELLIGENCE_AND_SELECTION_MASTER_PLAN.md,Full_Planning_Coverage,Static_Validated_Runtime_Deferred_By_Activation_Gate,Yes
W64-MI-237,Wave64,Autonomous_Model_Intelligence_Requirement,Canonical Model Selection Context Envelope,context,contextual_selection,W64-MI-SELECT,Yes,Yes_For_Policy_Calibration_And_Adjudication,No_Manual_Work_Required_For_Normal_Operation,"Compile character revisions, scene/shot/take, pass objective, defect, target/protected scope, modality, references, controls, masks, quality, runtime, cost, risk, and downstream needs.",Wave64 Rows221-260 additive child package,Schema_Registry_Service_Test_Evidence,"Equivalent requests canonicalize identically while materially different targets, owners, engines, stacks, or constraints remain separate evidence buckets.",AUTONOMOUS_MODEL_INTELLIGENCE_QA_AND_PROMOTION_PROTOCOL,Yes,context canonicalization and collision tests,Yes,Yes,Yes,Yes_When_Resource_Profile_And_Authority_Pass,Fail_Closed_With_Typed_Blocker_And_Continue_Unrelated_Work,C:/Comfy_UI_Main/Plan,WAVE64_AUTONOMOUS_MODEL_INTELLIGENCE_AND_SELECTION_MASTER_PLAN.md,C:\Comfy_UI_Main\Plan\00_PROJECT_CONTROL\WAVE64_AUTONOMOUS_MODEL_INTELLIGENCE_AND_SELECTION_MASTER_PLAN.md,Row237,541,547,Canonical Model Selection Context Envelope,wave64_autonomous_model_intelligence_rows221_260,Additive_Model_Intelligence_Plan,46999,P0,CRITICAL,Deferred_Pending_Complete_Model_Library_Download_Inventory_Verification_And_Main_Task_Acknowledgement,Wave30 archive audit plus Wave64 Rows165-220 gap analysis,"Planning-only. Dependencies: Row153, Row154, Row155, Row161, Row162, Row165, Row168, Row173, Row189, Row193, Row225, Row226; execution deferred by wave64_model_library_download_readiness_gate_v1",W64-MI-237,Plan/00_PROJECT_CONTROL/WAVE64_AUTONOMOUS_MODEL_INTELLIGENCE_AND_SELECTION_MASTER_PLAN.md,Full_Planning_Coverage,Static_Validated_Runtime_Deferred_By_Activation_Gate,Yes
W64-MI-238,Wave64,Autonomous_Model_Intelligence_Requirement,Hard Eligibility Solver and Scalable Candidate Retrieval,candidate_generation,contextual_selection,W64-MI-SELECT,Yes,Yes_For_Policy_Calibration_And_Adjudication,No_Manual_Work_Required_For_Normal_Operation,"Apply lifecycle, availability, engine, bundle, certificate, mask, control, character, resource, evidence-freshness, and prohibited-combination filters before ranking.",Wave64 Rows221-260 additive child package,Schema_Registry_Service_Test_Evidence,The solver can search thousands of assets without scoring ineligible entries and returns complete typed exclusion evidence.,AUTONOMOUS_MODEL_INTELLIGENCE_QA_AND_PROMOTION_PROTOCOL,Yes,large-registry latency and zero-incompatible-selection tests,Yes,Yes,Yes,Yes_When_Resource_Profile_And_Authority_Pass,Fail_Closed_With_Typed_Blocker_And_Continue_Unrelated_Work,C:/Comfy_UI_Main/Plan,WAVE64_AUTONOMOUS_MODEL_INTELLIGENCE_AND_SELECTION_MASTER_PLAN.md,C:\Comfy_UI_Main\Plan\00_PROJECT_CONTROL\WAVE64_AUTONOMOUS_MODEL_INTELLIGENCE_AND_SELECTION_MASTER_PLAN.md,Row238,549,555,Hard Eligibility Solver and Scalable Candidate Retrieval,wave64_autonomous_model_intelligence_rows221_260,Additive_Model_Intelligence_Plan,46999,P0,CRITICAL,Deferred_Pending_Complete_Model_Library_Download_Inventory_Verification_And_Main_Task_Acknowledgement,Wave30 archive audit plus Wave64 Rows165-220 gap analysis,"Planning-only. Dependencies: Row165, Row166, Row168, Row228, Row229, Row230, Row231, Row232, Row236, Row237; execution deferred by wave64_model_library_download_readiness_gate_v1",W64-MI-238,Plan/00_PROJECT_CONTROL/WAVE64_AUTONOMOUS_MODEL_INTELLIGENCE_AND_SELECTION_MASTER_PLAN.md,Full_Planning_Coverage,Static_Validated_Runtime_Deferred_By_Activation_Gate,Yes
W64-MI-239,Wave64,Autonomous_Model_Intelligence_Requirement,Conservative Contextual Evidence Ranker and Pareto Frontier,ranking,contextual_selection,W64-MI-SELECT,Yes,Yes_For_Policy_Calibration_And_Adjudication,No_Manual_Work_Required_For_Normal_Operation,"Rank eligible bundles with quality lower-confidence bounds, risk upper-confidence bounds, preservation, failures, resource cost, bridge cost, cache affinity, evidence freshness, and policy weights.",Wave64 Rows221-260 additive child package,Schema_Registry_Service_Test_Evidence,"Scores are replayable, calibrated, versioned, uncertainty-aware, and scoped; metadata priors cannot outrank measured production evidence.",AUTONOMOUS_MODEL_INTELLIGENCE_QA_AND_PROMOTION_PROTOCOL,Yes,"offline replay, calibration, ranking-regret, and explanation tests",Yes,Yes,Yes,Yes_When_Resource_Profile_And_Authority_Pass,Fail_Closed_With_Typed_Blocker_And_Continue_Unrelated_Work,C:/Comfy_UI_Main/Plan,WAVE64_AUTONOMOUS_MODEL_INTELLIGENCE_AND_SELECTION_MASTER_PLAN.md,C:\Comfy_UI_Main\Plan\00_PROJECT_CONTROL\WAVE64_AUTONOMOUS_MODEL_INTELLIGENCE_AND_SELECTION_MASTER_PLAN.md,Row239,557,563,Conservative Contextual Evidence Ranker and Pareto Frontier,wave64_autonomous_model_intelligence_rows221_260,Additive_Model_Intelligence_Plan,46999,P0,CRITICAL,Deferred_Pending_Complete_Model_Library_Download_Inventory_Verification_And_Main_Task_Acknowledgement,Wave30 archive audit plus Wave64 Rows165-220 gap analysis,"Planning-only. Dependencies: Row063, Row167, Row168, Row208, Row209, Row211, Row225, Row228, Row236, Row237, Row238; execution deferred by wave64_model_library_download_readiness_gate_v1",W64-MI-239,Plan/00_PROJECT_CONTROL/WAVE64_AUTONOMOUS_MODEL_INTELLIGENCE_AND_SELECTION_MASTER_PLAN.md,Full_Planning_Coverage,Static_Validated_Runtime_Deferred_By_Activation_Gate,Yes
W64-MI-240,Wave64,Autonomous_Model_Intelligence_Requirement,"Exploration, Candidate Branch, Abstention, and Fallback Policy",exploration,contextual_selection,W64-MI-SELECT,Yes,Yes_For_Policy_Calibration_And_Adjudication,No_Manual_Work_Required_For_Normal_Operation,"Use bounded offline or shadow exploration for uncertain candidates, allow certified production champions for required passes, and emit abstention or explicit fallback when evidence is insufficient.",Wave64 Rows221-260 additive child package,Schema_Registry_Service_Test_Evidence,"Exploration never mutates an accepted parent or silently promotes a cold-start model; every candidate branch has budget, stop, QA, and learning eligibility.",AUTONOMOUS_MODEL_INTELLIGENCE_QA_AND_PROMOTION_PROTOCOL,Yes,"cold-start, uncertainty, budget, fallback, and abstention tests",Yes,Yes,Yes,Yes_When_Resource_Profile_And_Authority_Pass,Fail_Closed_With_Typed_Blocker_And_Continue_Unrelated_Work,C:/Comfy_UI_Main/Plan,WAVE64_AUTONOMOUS_MODEL_INTELLIGENCE_AND_SELECTION_MASTER_PLAN.md,C:\Comfy_UI_Main\Plan\00_PROJECT_CONTROL\WAVE64_AUTONOMOUS_MODEL_INTELLIGENCE_AND_SELECTION_MASTER_PLAN.md,Row240,565,571,"Exploration, Candidate Branch, Abstention, and Fallback Policy",wave64_autonomous_model_intelligence_rows221_260,Additive_Model_Intelligence_Plan,46999,P0,CRITICAL,Deferred_Pending_Complete_Model_Library_Download_Inventory_Verification_And_Main_Task_Acknowledgement,Wave30 archive audit plus Wave64 Rows165-220 gap analysis,"Planning-only. Dependencies: Row049, Row063, Row168, Row175, Row199, Row203, Row224, Row233, Row236, Row238, Row239; execution deferred by wave64_model_library_download_readiness_gate_v1",W64-MI-240,Plan/00_PROJECT_CONTROL/WAVE64_AUTONOMOUS_MODEL_INTELLIGENCE_AND_SELECTION_MASTER_PLAN.md,Full_Planning_Coverage,Static_Validated_Runtime_Deferred_By_Activation_Gate,Yes
W64-MI-241,Wave64,Autonomous_Model_Intelligence_Requirement,Per-Use Model and Bundle Observation Record,use_observation,observation_and_learning,W64-MI-OBS,Yes,Yes_For_Policy_Calibration_And_Adjudication,No_Manual_Work_Required_For_Normal_Operation,"Record why a bundle was selected, exact context, parents, prompts, controls, outputs, telemetry, deterministic metrics, critic observations, defects, repair outcome, and final decision.",Wave64 Rows221-260 additive child package,Schema_Registry_Service_Test_Evidence,"Every execution produces an attributable report even when rejected, blocked, cancelled, or excluded from learning.",AUTONOMOUS_MODEL_INTELLIGENCE_QA_AND_PROMOTION_PROTOCOL,Yes,run-to-observation lineage tests,Yes,Yes,Yes,Yes_When_Resource_Profile_And_Authority_Pass,Fail_Closed_With_Typed_Blocker_And_Continue_Unrelated_Work,C:/Comfy_UI_Main/Plan,WAVE64_AUTONOMOUS_MODEL_INTELLIGENCE_AND_SELECTION_MASTER_PLAN.md,C:\Comfy_UI_Main\Plan\00_PROJECT_CONTROL\WAVE64_AUTONOMOUS_MODEL_INTELLIGENCE_AND_SELECTION_MASTER_PLAN.md,Row241,573,579,Per-Use Model and Bundle Observation Record,wave64_autonomous_model_intelligence_rows221_260,Additive_Model_Intelligence_Plan,46999,P0,CRITICAL,Deferred_Pending_Complete_Model_Library_Download_Inventory_Verification_And_Main_Task_Acknowledgement,Wave30 archive audit plus Wave64 Rows165-220 gap analysis,"Planning-only. Dependencies: Row043, Row051, Row054, Row156, Row167, Row184, Row188, Row192, Row196, Row198, Row209, Row230, Row237, Row239; execution deferred by wave64_model_library_download_readiness_gate_v1",W64-MI-241,Plan/00_PROJECT_CONTROL/WAVE64_AUTONOMOUS_MODEL_INTELLIGENCE_AND_SELECTION_MASTER_PLAN.md,Full_Planning_Coverage,Static_Validated_Runtime_Deferred_By_Activation_Gate,Yes
W64-MI-242,Wave64,Autonomous_Model_Intelligence_Requirement,Contextual Model Performance Profile and Living Report Card,performance_profile,observation_and_learning,W64-MI-OBS,Yes,Yes_For_Policy_Calibration_And_Adjudication,No_Manual_Work_Required_For_Normal_Operation,"Aggregate eligible observations by exact capability bucket with sample counts, confidence intervals, response envelopes, success/failure modes, drift risks, recommended uses, and exclusions.",Wave64 Rows221-260 additive child package,Schema_Registry_Service_Test_Evidence,"Reports distinguish metadata priors, qualification trials, production observations, reviewer opinions, and certified facts and preserve all source evidence.",AUTONOMOUS_MODEL_INTELLIGENCE_QA_AND_PROMOTION_PROTOCOL,Yes,"aggregation, confidence, provenance, and sparse-bucket tests",Yes,Yes,Yes,Yes_When_Resource_Profile_And_Authority_Pass,Fail_Closed_With_Typed_Blocker_And_Continue_Unrelated_Work,C:/Comfy_UI_Main/Plan,WAVE64_AUTONOMOUS_MODEL_INTELLIGENCE_AND_SELECTION_MASTER_PLAN.md,C:\Comfy_UI_Main\Plan\00_PROJECT_CONTROL\WAVE64_AUTONOMOUS_MODEL_INTELLIGENCE_AND_SELECTION_MASTER_PLAN.md,Row242,581,587,Contextual Model Performance Profile and Living Report Card,wave64_autonomous_model_intelligence_rows221_260,Additive_Model_Intelligence_Plan,46999,P0,CRITICAL,Deferred_Pending_Complete_Model_Library_Download_Inventory_Verification_And_Main_Task_Acknowledgement,Wave30 archive audit plus Wave64 Rows165-220 gap analysis,"Planning-only. Dependencies: Row054, Row063, Row209, Row211, Row225, Row227, Row233, Row236, Row241; execution deferred by wave64_model_library_download_readiness_gate_v1",W64-MI-242,Plan/00_PROJECT_CONTROL/WAVE64_AUTONOMOUS_MODEL_INTELLIGENCE_AND_SELECTION_MASTER_PLAN.md,Full_Planning_Coverage,Static_Validated_Runtime_Deferred_By_Activation_Gate,Yes
W64-MI-243,Wave64,Autonomous_Model_Intelligence_Requirement,Append-Only Evidence Recalculation and Continual Learning Job,evidence_update,observation_and_learning,W64-MI-OBS,Yes,Yes_For_Policy_Calibration_And_Adjudication,No_Manual_Work_Required_For_Normal_Operation,Recalculate profiles and ranking features from eligible immutable observations through versioned batch jobs rather than mutable online self-training.,Wave64 Rows221-260 additive child package,Schema_Registry_Service_Test_Evidence,"A production run cannot directly rewrite its own score; updates are reproducible, leakage-checked, reversible, and separated from holdout evaluation.",AUTONOMOUS_MODEL_INTELLIGENCE_QA_AND_PROMOTION_PROTOCOL,Yes,"rebuild, idempotency, holdout leakage, and rollback tests",Yes,Yes,Yes,Yes_When_Resource_Profile_And_Authority_Pass,Fail_Closed_With_Typed_Blocker_And_Continue_Unrelated_Work,C:/Comfy_UI_Main/Plan,WAVE64_AUTONOMOUS_MODEL_INTELLIGENCE_AND_SELECTION_MASTER_PLAN.md,C:\Comfy_UI_Main\Plan\00_PROJECT_CONTROL\WAVE64_AUTONOMOUS_MODEL_INTELLIGENCE_AND_SELECTION_MASTER_PLAN.md,Row243,589,595,Append-Only Evidence Recalculation and Continual Learning Job,wave64_autonomous_model_intelligence_rows221_260,Additive_Model_Intelligence_Plan,46999,P0,CRITICAL,Deferred_Pending_Complete_Model_Library_Download_Inventory_Verification_And_Main_Task_Acknowledgement,Wave30 archive audit plus Wave64 Rows165-220 gap analysis,"Planning-only. Dependencies: Row043, Row048, Row051, Row062, Row198, Row202, Row207, Row211, Row224, Row239, Row241, Row242; execution deferred by wave64_model_library_download_readiness_gate_v1",W64-MI-243,Plan/00_PROJECT_CONTROL/WAVE64_AUTONOMOUS_MODEL_INTELLIGENCE_AND_SELECTION_MASTER_PLAN.md,Full_Planning_Coverage,Static_Validated_Runtime_Deferred_By_Activation_Gate,Yes
W64-MI-244,Wave64,Autonomous_Model_Intelligence_Requirement,"Behavior Drift, Regression, Suspension, Revocation, and Rollback",drift_revocation,observation_and_learning,W64-MI-OBS,Yes,Yes_For_Policy_Calibration_And_Adjudication,No_Manual_Work_Required_For_Normal_Operation,"Detect model, workflow, runtime, dependency, prompt-template, data, reviewer, and workload drift and bind affected certificates, routes, cached results, and fallbacks.",Wave64 Rows221-260 additive child package,Schema_Registry_Service_Test_Evidence,Critical drift suspends new selection immediately; requalification or rollback restores authority without rewriting prior decisions.,AUTONOMOUS_MODEL_INTELLIGENCE_QA_AND_PROMOTION_PROTOCOL,Yes,"drift injection, blast-radius, revocation, and rollback tests",Yes,Yes,Yes,Yes_When_Resource_Profile_And_Authority_Pass,Fail_Closed_With_Typed_Blocker_And_Continue_Unrelated_Work,C:/Comfy_UI_Main/Plan,WAVE64_AUTONOMOUS_MODEL_INTELLIGENCE_AND_SELECTION_MASTER_PLAN.md,C:\Comfy_UI_Main\Plan\00_PROJECT_CONTROL\WAVE64_AUTONOMOUS_MODEL_INTELLIGENCE_AND_SELECTION_MASTER_PLAN.md,Row244,597,603,"Behavior Drift, Regression, Suspension, Revocation, and Rollback",wave64_autonomous_model_intelligence_rows221_260,Additive_Model_Intelligence_Plan,46999,P0,CRITICAL,Deferred_Pending_Complete_Model_Library_Download_Inventory_Verification_And_Main_Task_Acknowledgement,Wave30 archive audit plus Wave64 Rows165-220 gap analysis,"Planning-only. Dependencies: Row047, Row048, Row049, Row054, Row059, Row063, Row152, Row200, Row207, Row208, Row212, Row224, Row236, Row242, Row243; execution deferred by wave64_model_library_download_readiness_gate_v1",W64-MI-244,Plan/00_PROJECT_CONTROL/WAVE64_AUTONOMOUS_MODEL_INTELLIGENCE_AND_SELECTION_MASTER_PLAN.md,Full_Planning_Coverage,Static_Validated_Runtime_Deferred_By_Activation_Gate,Yes
W64-MI-245,Wave64,Autonomous_Model_Intelligence_Requirement,"Autonomous Planner, Prompt, Router-Advisor, Reviewer, and Summarizer Role Contracts",roles,autonomous_intelligence,W64-MI-LLM,Yes,Yes_For_Policy_Calibration_And_Adjudication,No_Manual_Work_Required_For_Normal_Operation,"Define bounded planner, prompt composer, retrieval analyst, router advisor, defect classifier, VLM critic, audio critic, report writer, and summarizer inputs and outputs.",Wave64 Rows221-260 additive child package,Schema_Registry_Service_Test_Evidence,"Every role has exact authority, tools, context budget, schemas, escalation, and prohibited actions; no role promotes its own proposal or observation.",AUTONOMOUS_MODEL_INTELLIGENCE_QA_AND_PROMOTION_PROTOCOL,Yes,role-routing and forbidden-authority tests,Yes,Yes,Yes,Yes_When_Resource_Profile_And_Authority_Pass,Fail_Closed_With_Typed_Blocker_And_Continue_Unrelated_Work,C:/Comfy_UI_Main/Plan,WAVE64_AUTONOMOUS_MODEL_INTELLIGENCE_AND_SELECTION_MASTER_PLAN.md,C:\Comfy_UI_Main\Plan\00_PROJECT_CONTROL\WAVE64_AUTONOMOUS_MODEL_INTELLIGENCE_AND_SELECTION_MASTER_PLAN.md,Row245,605,611,"Autonomous Planner, Prompt, Router-Advisor, Reviewer, and Summarizer Role Contracts",wave64_autonomous_model_intelligence_rows221_260,Additive_Model_Intelligence_Plan,46999,P0,CRITICAL,Deferred_Pending_Complete_Model_Library_Download_Inventory_Verification_And_Main_Task_Acknowledgement,Wave30 archive audit plus Wave64 Rows165-220 gap analysis,"Planning-only. Dependencies: Row150, Row197, Row201, Row203, Row224, Row228, Row237, Row241; execution deferred by wave64_model_library_download_readiness_gate_v1",W64-MI-245,Plan/00_PROJECT_CONTROL/WAVE64_AUTONOMOUS_MODEL_INTELLIGENCE_AND_SELECTION_MASTER_PLAN.md,Full_Planning_Coverage,Static_Validated_Runtime_Deferred_By_Activation_Gate,Yes
W64-MI-246,Wave64,Autonomous_Model_Intelligence_Requirement,"Registry-Grounded RAG, Evidence Bundle, and Context Memory Contract",rag_memory,autonomous_intelligence,W64-MI-LLM,Yes,Yes_For_Policy_Calibration_And_Adjudication,No_Manual_Work_Required_For_Normal_Operation,"Retrieve only versioned packages, model cards, certificates, benchmark results, failures, current run state, and policy records with citations, freshness, conflict, and compaction metadata.",Wave64 Rows221-260 additive child package,Schema_Registry_Service_Test_Evidence,"The LLM sees a bounded evidence packet rather than the whole library; missing or conflicting evidence causes uncertainty, alternatives, or abstention rather than invention.",AUTONOMOUS_MODEL_INTELLIGENCE_QA_AND_PROMOTION_PROTOCOL,Yes,"retrieval, injection, stale evidence, conflict, and context-limit tests",Yes,Yes,Yes,Yes_When_Resource_Profile_And_Authority_Pass,Fail_Closed_With_Typed_Blocker_And_Continue_Unrelated_Work,C:/Comfy_UI_Main/Plan,WAVE64_AUTONOMOUS_MODEL_INTELLIGENCE_AND_SELECTION_MASTER_PLAN.md,C:\Comfy_UI_Main\Plan\00_PROJECT_CONTROL\WAVE64_AUTONOMOUS_MODEL_INTELLIGENCE_AND_SELECTION_MASTER_PLAN.md,Row246,613,619,"Registry-Grounded RAG, Evidence Bundle, and Context Memory Contract",wave64_autonomous_model_intelligence_rows221_260,Additive_Model_Intelligence_Plan,46999,P0,CRITICAL,Deferred_Pending_Complete_Model_Library_Download_Inventory_Verification_And_Main_Task_Acknowledgement,Wave30 archive audit plus Wave64 Rows165-220 gap analysis,"Planning-only. Dependencies: Row051, Row054, Row198, Row202, Row203, Row207, Row225, Row228, Row242, Row245; execution deferred by wave64_model_library_download_readiness_gate_v1",W64-MI-246,Plan/00_PROJECT_CONTROL/WAVE64_AUTONOMOUS_MODEL_INTELLIGENCE_AND_SELECTION_MASTER_PLAN.md,Full_Planning_Coverage,Static_Validated_Runtime_Deferred_By_Activation_Gate,Yes
W64-MI-247,Wave64,Autonomous_Model_Intelligence_Requirement,"Schema-Constrained Proposal, Prompt Package, Tool Gateway, and Policy Decision",structured_tools,autonomous_intelligence,W64-MI-LLM,Yes,Yes_For_Policy_Calibration_And_Adjudication,No_Manual_Work_Required_For_Normal_Operation,"Require typed planner proposals, prompt packages, reviewer observations, tool actions, policy decisions, uncertainty, evidence IDs, alternatives, and denied-action records.",Wave64 Rows221-260 additive child package,Schema_Registry_Service_Test_Evidence,"Invalid IDs, unsupported claims, arbitrary paths, unallowlisted workflows, credential access, registry mutation, and promotion attempts fail deterministically.",AUTONOMOUS_MODEL_INTELLIGENCE_QA_AND_PROMOTION_PROTOCOL,Yes,"malformed output, hallucinated ID, path, injection, and authorization tests",Yes,Yes,Yes,Yes_When_Resource_Profile_And_Authority_Pass,Fail_Closed_With_Typed_Blocker_And_Continue_Unrelated_Work,C:/Comfy_UI_Main/Plan,WAVE64_AUTONOMOUS_MODEL_INTELLIGENCE_AND_SELECTION_MASTER_PLAN.md,C:\Comfy_UI_Main\Plan\00_PROJECT_CONTROL\WAVE64_AUTONOMOUS_MODEL_INTELLIGENCE_AND_SELECTION_MASTER_PLAN.md,Row247,621,627,"Schema-Constrained Proposal, Prompt Package, Tool Gateway, and Policy Decision",wave64_autonomous_model_intelligence_rows221_260,Additive_Model_Intelligence_Plan,46999,P0,CRITICAL,Deferred_Pending_Complete_Model_Library_Download_Inventory_Verification_And_Main_Task_Acknowledgement,Wave30 archive audit plus Wave64 Rows165-220 gap analysis,"Planning-only. Dependencies: Row035, Row048, Row049, Row051, Row062, Row197, Row201, Row202, Row203, Row224, Row245, Row246; execution deferred by wave64_model_library_download_readiness_gate_v1",W64-MI-247,Plan/00_PROJECT_CONTROL/WAVE64_AUTONOMOUS_MODEL_INTELLIGENCE_AND_SELECTION_MASTER_PLAN.md,Full_Planning_Coverage,Static_Validated_Runtime_Deferred_By_Activation_Gate,Yes
W64-MI-248,Wave64,Autonomous_Model_Intelligence_Requirement,"Exact Self-Hosted Role Stack, Benchmark, Shadow, and Activation Control",serving_qualification,autonomous_intelligence,W64-MI-LLM,Yes,Yes_For_Policy_Calibration_And_Adjudication,No_Manual_Work_Required_For_Normal_Operation,"Register model, revision, runtime, quantization, chat template, parser, context, batching, hardware, fallback, and role-specific benchmark certificates.",Wave64 Rows221-260 additive child package,Schema_Registry_Service_Test_Evidence,"Only a role-qualified exact stack activates; planner and reviewer changes run in shadow, preserve prior decisions, and cannot silently change route or promotion behavior.",AUTONOMOUS_MODEL_INTELLIGENCE_QA_AND_PROMOTION_PROTOCOL,Yes,"held-out role, load, failover, shadow, drift, and rollback proof",Yes,Yes,Yes,Yes_When_Resource_Profile_And_Authority_Pass,Fail_Closed_With_Typed_Blocker_And_Continue_Unrelated_Work,C:/Comfy_UI_Main/Plan,WAVE64_AUTONOMOUS_MODEL_INTELLIGENCE_AND_SELECTION_MASTER_PLAN.md,C:\Comfy_UI_Main\Plan\00_PROJECT_CONTROL\WAVE64_AUTONOMOUS_MODEL_INTELLIGENCE_AND_SELECTION_MASTER_PLAN.md,Row248,629,635,"Exact Self-Hosted Role Stack, Benchmark, Shadow, and Activation Control",wave64_autonomous_model_intelligence_rows221_260,Additive_Model_Intelligence_Plan,46999,P0,CRITICAL,Deferred_Pending_Complete_Model_Library_Download_Inventory_Verification_And_Main_Task_Acknowledgement,Wave30 archive audit plus Wave64 Rows165-220 gap analysis,"Planning-only. Dependencies: Row044, Row054, Row063, Row201, Row202, Row203, Row204, Row205, Row208, Row210, Row211, Row245, Row246, Row247; execution deferred by wave64_model_library_download_readiness_gate_v1",W64-MI-248,Plan/00_PROJECT_CONTROL/WAVE64_AUTONOMOUS_MODEL_INTELLIGENCE_AND_SELECTION_MASTER_PLAN.md,Full_Planning_Coverage,Static_Validated_Runtime_Deferred_By_Activation_Gate,Yes
W64-MI-249,Wave64,Autonomous_Model_Intelligence_Requirement,"Deterministic, Perceptual, VLM, Audio-Critic, and Playback QA Ensemble",multimodal_qa,model_qa,W64-MI-QA,Yes,Yes_For_Policy_Calibration_And_Adjudication,No_Manual_Work_Required_For_Normal_Operation,"Evaluate technical validity, effect accuracy, target fidelity, identity, anatomy, preservation, mask leakage, temporal behavior, audio quality, sync, resource stability, and lineage.",Wave64 Rows221-260 additive child package,Schema_Registry_Service_Test_Evidence,"Hard facts remain deterministic, critics emit scoped observations with uncertainty, and no single scalar or reviewer overrides a hard failure.",AUTONOMOUS_MODEL_INTELLIGENCE_QA_AND_PROMOTION_PROTOCOL,Yes,"autonomously adjudicated image, video, audio, and AV reference panels",Yes,Yes,Yes,Yes_When_Resource_Profile_And_Authority_Pass,Fail_Closed_With_Typed_Blocker_And_Continue_Unrelated_Work,C:/Comfy_UI_Main/Plan,WAVE64_AUTONOMOUS_MODEL_INTELLIGENCE_AND_SELECTION_MASTER_PLAN.md,C:\Comfy_UI_Main\Plan\00_PROJECT_CONTROL\WAVE64_AUTONOMOUS_MODEL_INTELLIGENCE_AND_SELECTION_MASTER_PLAN.md,Row249,637,643,"Deterministic, Perceptual, VLM, Audio-Critic, and Playback QA Ensemble",wave64_autonomous_model_intelligence_rows221_260,Additive_Model_Intelligence_Plan,46999,P0,CRITICAL,Deferred_Pending_Complete_Model_Library_Download_Inventory_Verification_And_Main_Task_Acknowledgement,Wave30 archive audit plus Wave64 Rows165-220 gap analysis,"Planning-only. Dependencies: Row016, Row017, Row018, Row021, Row030, Row032, Row033, Row034, Row060, Row103, Row106, Row131, Row141, Row209, Row211, Row233, Row234, Row241, Row245; execution deferred by wave64_model_library_download_readiness_gate_v1",W64-MI-249,Plan/00_PROJECT_CONTROL/WAVE64_AUTONOMOUS_MODEL_INTELLIGENCE_AND_SELECTION_MASTER_PLAN.md,Full_Planning_Coverage,Static_Validated_Runtime_Deferred_By_Activation_Gate,Yes
W64-MI-250,Wave64,Autonomous_Model_Intelligence_Requirement,"Baseline, Counterfactual, Ablation, and Stack Attribution Protocol",attribution,model_qa,W64-MI-QA,Yes,Yes_For_Policy_Calibration_And_Adjudication,No_Manual_Work_Required_For_Normal_Operation,"Compare no-adapter baselines, matched seeds, component ablations, alternative bundles, strength curves, and protected outputs to isolate actual model contribution.",Wave64 Rows221-260 additive child package,Schema_Registry_Service_Test_Evidence,"A model receives credit or blame only where the experiment can attribute the change; checkpoint, prompt, seed, mask, and stack confounding are recorded.",AUTONOMOUS_MODEL_INTELLIGENCE_QA_AND_PROMOTION_PROTOCOL,Yes,"paired comparison, ablation, and confound tests",Yes,Yes,Yes,Yes_When_Resource_Profile_And_Authority_Pass,Fail_Closed_With_Typed_Blocker_And_Continue_Unrelated_Work,C:/Comfy_UI_Main/Plan,WAVE64_AUTONOMOUS_MODEL_INTELLIGENCE_AND_SELECTION_MASTER_PLAN.md,C:\Comfy_UI_Main\Plan\00_PROJECT_CONTROL\WAVE64_AUTONOMOUS_MODEL_INTELLIGENCE_AND_SELECTION_MASTER_PLAN.md,Row250,645,651,"Baseline, Counterfactual, Ablation, and Stack Attribution Protocol",wave64_autonomous_model_intelligence_rows221_260,Additive_Model_Intelligence_Plan,46999,P0,CRITICAL,Deferred_Pending_Complete_Model_Library_Download_Inventory_Verification_And_Main_Task_Acknowledgement,Wave30 archive audit plus Wave64 Rows165-220 gap analysis,"Planning-only. Dependencies: Row063, Row167, Row172, Row176, Row209, Row211, Row231, Row233, Row234, Row235, Row241, Row249; execution deferred by wave64_model_library_download_readiness_gate_v1",W64-MI-250,Plan/00_PROJECT_CONTROL/WAVE64_AUTONOMOUS_MODEL_INTELLIGENCE_AND_SELECTION_MASTER_PLAN.md,Full_Planning_Coverage,Static_Validated_Runtime_Deferred_By_Activation_Gate,Yes
W64-MI-251,Wave64,Autonomous_Model_Intelligence_Requirement,"Critic Calibration, Disagreement, Bias, and Adjudication Control",calibration,model_qa,W64-MI-QA,Yes,Yes_For_Policy_Calibration_And_Adjudication,No_Manual_Work_Required_For_Normal_Operation,"Measure false accept/reject rates, region and modality coverage, reviewer-version effects, uncertainty calibration, disagreement, and escalation against autonomously adjudicated held-out cases.",Wave64 Rows221-260 additive child package,Schema_Registry_Service_Test_Evidence,"Core panels bind deterministic fixtures, known-defect transforms, frozen expected outcomes, and qualified multi-critic policy; human adjudication is optional independent calibration only.",AUTONOMOUS_MODEL_INTELLIGENCE_QA_AND_PROMOTION_PROTOCOL,Yes,autonomous blinded held-out calibration and disagreement tests,Yes,Yes,Yes,Yes_When_Resource_Profile_And_Authority_Pass,Fail_Closed_With_Typed_Blocker_And_Continue_Unrelated_Work,C:/Comfy_UI_Main/Plan,WAVE64_AUTONOMOUS_MODEL_INTELLIGENCE_AND_SELECTION_MASTER_PLAN.md,C:\Comfy_UI_Main\Plan\00_PROJECT_CONTROL\WAVE64_AUTONOMOUS_MODEL_INTELLIGENCE_AND_SELECTION_MASTER_PLAN.md,Row251,653,659,"Critic Calibration, Disagreement, Bias, and Adjudication Control",wave64_autonomous_model_intelligence_rows221_260,Additive_Model_Intelligence_Plan,46999,P0,CRITICAL,Deferred_Pending_Complete_Model_Library_Download_Inventory_Verification_And_Main_Task_Acknowledgement,Wave30 archive audit plus Wave64 Rows165-220 gap analysis,"Planning-only. Dependencies: Row060, Row063, Row203, Row204, Row209, Row210, Row211, Row245, Row248, Row249; execution deferred by wave64_model_library_download_readiness_gate_v1",W64-MI-251,Plan/00_PROJECT_CONTROL/WAVE64_AUTONOMOUS_MODEL_INTELLIGENCE_AND_SELECTION_MASTER_PLAN.md,Full_Planning_Coverage,Static_Validated_Runtime_Deferred_By_Activation_Gate,Yes
W64-MI-252,Wave64,Autonomous_Model_Intelligence_Requirement,"Selection Decision Audit, Model Report, and Promotion Gate",decision_audit,model_qa,W64-MI-QA,Yes,Yes_For_Policy_Calibration_And_Adjudication,No_Manual_Work_Required_For_Normal_Operation,"Package candidate exclusions, rank features, uncertainty, selected bundle, execution, QA, comparison, observation, performance delta, certificate, and policy outcome.",Wave64 Rows221-260 additive child package,Schema_Registry_Service_Test_Evidence,"Every future run can explain why a model was selected, how it behaved, what changed in its report, and whether the evidence may affect future selection.",AUTONOMOUS_MODEL_INTELLIGENCE_QA_AND_PROMOTION_PROTOCOL,Yes,complete decision-packet replay and audit,Yes,Yes,Yes,Yes_When_Resource_Profile_And_Authority_Pass,Fail_Closed_With_Typed_Blocker_And_Continue_Unrelated_Work,C:/Comfy_UI_Main/Plan,WAVE64_AUTONOMOUS_MODEL_INTELLIGENCE_AND_SELECTION_MASTER_PLAN.md,C:\Comfy_UI_Main\Plan\00_PROJECT_CONTROL\WAVE64_AUTONOMOUS_MODEL_INTELLIGENCE_AND_SELECTION_MASTER_PLAN.md,Row252,661,667,"Selection Decision Audit, Model Report, and Promotion Gate",wave64_autonomous_model_intelligence_rows221_260,Additive_Model_Intelligence_Plan,46999,P0,CRITICAL,Deferred_Pending_Complete_Model_Library_Download_Inventory_Verification_And_Main_Task_Acknowledgement,Wave30 archive audit plus Wave64 Rows165-220 gap analysis,"Planning-only. Dependencies: Row035, Row043, Row051, Row054, Row059, Row063, Row150, Row156, Row167, Row168, Row198, Row209, Row211, Row236, Row239, Row241, Row242, Row249, Row250, Row251; execution deferred by wave64_model_library_download_readiness_gate_v1",W64-MI-252,Plan/00_PROJECT_CONTROL/WAVE64_AUTONOMOUS_MODEL_INTELLIGENCE_AND_SELECTION_MASTER_PLAN.md,Full_Planning_Coverage,Static_Validated_Runtime_Deferred_By_Activation_Gate,Yes
W64-MI-253,Wave64,Autonomous_Model_Intelligence_Requirement,"Event Store, Evidence Store, Feature Store, and Projection Boundaries",stores,operations,W64-MI-OPS,Yes,Yes_For_Policy_Calibration_And_Adjudication,No_Manual_Work_Required_For_Normal_Operation,"Persist source records, lifecycle events, bundles, trials, observations, certificates, reports, ranking features, decisions, and audit projections with immutable IDs and snapshots.",Wave64 Rows221-260 additive child package,Schema_Registry_Service_Test_Evidence,"State reconstructs from append-only events, feature values resolve to evidence, and no mutable cache becomes authority.",AUTONOMOUS_MODEL_INTELLIGENCE_QA_AND_PROMOTION_PROTOCOL,Yes,"empty-projection rebuild, hash, idempotency, and corruption tests",Yes,Yes,Yes,Yes_When_Resource_Profile_And_Authority_Pass,Fail_Closed_With_Typed_Blocker_And_Continue_Unrelated_Work,C:/Comfy_UI_Main/Plan,WAVE64_AUTONOMOUS_MODEL_INTELLIGENCE_AND_SELECTION_MASTER_PLAN.md,C:\Comfy_UI_Main\Plan\00_PROJECT_CONTROL\WAVE64_AUTONOMOUS_MODEL_INTELLIGENCE_AND_SELECTION_MASTER_PLAN.md,Row253,669,675,"Event Store, Evidence Store, Feature Store, and Projection Boundaries",wave64_autonomous_model_intelligence_rows221_260,Additive_Model_Intelligence_Plan,46999,P0,CRITICAL,Deferred_Pending_Complete_Model_Library_Download_Inventory_Verification_And_Main_Task_Acknowledgement,Wave30 archive audit plus Wave64 Rows165-220 gap analysis,"Planning-only. Dependencies: Row043, Row051, Row062, Row198, Row200, Row202, Row207, Row221, Row224, Row228, Row241, Row242, Row243, Row252; execution deferred by wave64_model_library_download_readiness_gate_v1",W64-MI-253,Plan/00_PROJECT_CONTROL/WAVE64_AUTONOMOUS_MODEL_INTELLIGENCE_AND_SELECTION_MASTER_PLAN.md,Full_Planning_Coverage,Static_Validated_Runtime_Deferred_By_Activation_Gate,Yes
W64-MI-254,Wave64,Autonomous_Model_Intelligence_Requirement,Resource-Aware Batch Qualification and Active-Learning Scheduler,qualification_scheduler,operations,W64-MI-OPS,Yes,Yes_For_Policy_Calibration_And_Adjudication,No_Manual_Work_Required_For_Normal_Operation,"Prioritize installed, high-value, high-usage, high-risk, coverage-gap, and uncertain candidates; schedule sweeps, comparisons, and requalification under GPU, storage, time, and cost budgets.",Wave64 Rows221-260 additive child package,Schema_Registry_Service_Test_Evidence,"The scheduler avoids all-pairs explosion, respects leases and thermal/resource envelopes, resumes safely, and records why work was prioritized or deferred.",AUTONOMOUS_MODEL_INTELLIGENCE_QA_AND_PROMOTION_PROTOCOL,Yes,"priority, fairness, budget, crash, cancellation, and resume tests",Yes,Yes,Yes,Yes_When_Resource_Profile_And_Authority_Pass,Fail_Closed_With_Typed_Blocker_And_Continue_Unrelated_Work,C:/Comfy_UI_Main/Plan,WAVE64_AUTONOMOUS_MODEL_INTELLIGENCE_AND_SELECTION_MASTER_PLAN.md,C:\Comfy_UI_Main\Plan\00_PROJECT_CONTROL\WAVE64_AUTONOMOUS_MODEL_INTELLIGENCE_AND_SELECTION_MASTER_PLAN.md,Row254,677,683,Resource-Aware Batch Qualification and Active-Learning Scheduler,wave64_autonomous_model_intelligence_rows221_260,Additive_Model_Intelligence_Plan,46999,P0,CRITICAL,Deferred_Pending_Complete_Model_Library_Download_Inventory_Verification_And_Main_Task_Acknowledgement,Wave30 archive audit plus Wave64 Rows165-220 gap analysis,"Planning-only. Dependencies: Row042, Row061, Row062, Row063, Row199, Row200, Row205, Row206, Row207, Row208, Row233, Row234, Row235, Row240, Row243; execution deferred by wave64_model_library_download_readiness_gate_v1",W64-MI-254,Plan/00_PROJECT_CONTROL/WAVE64_AUTONOMOUS_MODEL_INTELLIGENCE_AND_SELECTION_MASTER_PLAN.md,Full_Planning_Coverage,Static_Validated_Runtime_Deferred_By_Activation_Gate,Yes
W64-MI-255,Wave64,Autonomous_Model_Intelligence_Requirement,"Model Explorer, Qualification Queue, Comparison, Report, and Route-Explanation UX",operator_ux,operations,W64-MI-OPS,Yes,Yes_For_Policy_Calibration_And_Adjudication,No_Manual_Work_Required_For_Normal_Operation,"Expose library health, source authority, availability, compatibility, test coverage, certificates, reports, failures, drift, decisions, and side-by-side media without raw node or credential exposure.",Wave64 Rows221-260 additive child package,Schema_Registry_Service_Test_Evidence,Operators can trace every claim and approve policy changes or exceptions without manually editing graphs or registry bytes.,AUTONOMOUS_MODEL_INTELLIGENCE_QA_AND_PROMOTION_PROTOCOL,Yes,scripted operator journeys and accessibility review,Yes,Yes,Yes,Yes_When_Resource_Profile_And_Authority_Pass,Fail_Closed_With_Typed_Blocker_And_Continue_Unrelated_Work,C:/Comfy_UI_Main/Plan,WAVE64_AUTONOMOUS_MODEL_INTELLIGENCE_AND_SELECTION_MASTER_PLAN.md,C:\Comfy_UI_Main\Plan\00_PROJECT_CONTROL\WAVE64_AUTONOMOUS_MODEL_INTELLIGENCE_AND_SELECTION_MASTER_PLAN.md,Row255,685,691,"Model Explorer, Qualification Queue, Comparison, Report, and Route-Explanation UX",wave64_autonomous_model_intelligence_rows221_260,Additive_Model_Intelligence_Plan,46999,P0,CRITICAL,Deferred_Pending_Complete_Model_Library_Download_Inventory_Verification_And_Main_Task_Acknowledgement,Wave30 archive audit plus Wave64 Rows165-220 gap analysis,"Planning-only. Dependencies: Row047, Row051, Row107, Row145, Row202, Row213, Row214, Row215, Row216, Row228, Row242, Row252, Row253, Row254; execution deferred by wave64_model_library_download_readiness_gate_v1",W64-MI-255,Plan/00_PROJECT_CONTROL/WAVE64_AUTONOMOUS_MODEL_INTELLIGENCE_AND_SELECTION_MASTER_PLAN.md,Full_Planning_Coverage,Static_Validated_Runtime_Deferred_By_Activation_Gate,Yes
W64-MI-256,Wave64,Autonomous_Model_Intelligence_Requirement,"Telemetry, Capacity, Security, Backup, Recovery, and Degraded-Mode Control",observability_security,operations,W64-MI-OPS,Yes,Yes_For_Policy_Calibration_And_Adjudication,No_Manual_Work_Required_For_Normal_Operation,"Monitor ingestion, index freshness, queue depth, load failures, QA latency, ranking drift, certificate health, storage, costs, untrusted metadata, model scans, tools, and recovery points.",Wave64 Rows221-260 additive child package,Schema_Registry_Service_Test_Evidence,"Outage or saturation changes routes only through declared policies; source text and model files cannot obtain tool, credential, registry, or promotion authority.",AUTONOMOUS_MODEL_INTELLIGENCE_QA_AND_PROMOTION_PROTOCOL,Yes,"outage, restore, saturation, injection, and least-authority tests",Yes,Yes,Yes,Yes_When_Resource_Profile_And_Authority_Pass,Fail_Closed_With_Typed_Blocker_And_Continue_Unrelated_Work,C:/Comfy_UI_Main/Plan,WAVE64_AUTONOMOUS_MODEL_INTELLIGENCE_AND_SELECTION_MASTER_PLAN.md,C:\Comfy_UI_Main\Plan\00_PROJECT_CONTROL\WAVE64_AUTONOMOUS_MODEL_INTELLIGENCE_AND_SELECTION_MASTER_PLAN.md,Row256,693,699,"Telemetry, Capacity, Security, Backup, Recovery, and Degraded-Mode Control",wave64_autonomous_model_intelligence_rows221_260,Additive_Model_Intelligence_Plan,46999,P0,CRITICAL,Deferred_Pending_Complete_Model_Library_Download_Inventory_Verification_And_Main_Task_Acknowledgement,Wave30 archive audit plus Wave64 Rows165-220 gap analysis,"Planning-only. Dependencies: Row040, Row041, Row042, Row047, Row048, Row049, Row061, Row062, Row063, Row200, Row205, Row206, Row207, Row208, Row212, Row244, Row247, Row253, Row254; execution deferred by wave64_model_library_download_readiness_gate_v1",W64-MI-256,Plan/00_PROJECT_CONTROL/WAVE64_AUTONOMOUS_MODEL_INTELLIGENCE_AND_SELECTION_MASTER_PLAN.md,Full_Planning_Coverage,Static_Validated_Runtime_Deferred_By_Activation_Gate,Yes
W64-MI-257,Wave64,Autonomous_Model_Intelligence_Requirement,"Wave30 Dry-Run Import, Reconciliation, and Exception Report",dry_run,release_and_adoption,W64-MI-REL,Yes,Yes_For_Policy_Calibration_And_Adjudication,No_Manual_Work_Required_For_Normal_Operation,"Map all 7,282 artifacts and 3,770 families into discovery records, reconcile 675-member archive defects and selector/status disagreements, and emit no operational promotion.",Wave64 Rows221-260 additive child package,Schema_Registry_Service_Test_Evidence,"Counts, hashes, duplicates, missing fields, blocked rows, stale reports, absent visual-test assets, and migration mappings reconcile or produce typed exceptions.",AUTONOMOUS_MODEL_INTELLIGENCE_QA_AND_PROMOTION_PROTOCOL,Yes,"full dry-run counts, schema, and exception reconciliation",Yes,Yes,Yes,Yes_When_Resource_Profile_And_Authority_Pass,Fail_Closed_With_Typed_Blocker_And_Continue_Unrelated_Work,C:/Comfy_UI_Main/Plan,WAVE64_AUTONOMOUS_MODEL_INTELLIGENCE_AND_SELECTION_MASTER_PLAN.md,C:\Comfy_UI_Main\Plan\00_PROJECT_CONTROL\WAVE64_AUTONOMOUS_MODEL_INTELLIGENCE_AND_SELECTION_MASTER_PLAN.md,Row257,701,707,"Wave30 Dry-Run Import, Reconciliation, and Exception Report",wave64_autonomous_model_intelligence_rows221_260,Additive_Model_Intelligence_Plan,46999,P0,CRITICAL,Deferred_Pending_Complete_Model_Library_Download_Inventory_Verification_And_Main_Task_Acknowledgement,Wave30 archive audit plus Wave64 Rows165-220 gap analysis,"Planning-only. Dependencies: Row050, Row051, Row057, Row058, Row212, Row217, Row221, Row222, Row223, Row225, Row226, Row227, Row228; execution deferred by wave64_model_library_download_readiness_gate_v1",W64-MI-257,Plan/00_PROJECT_CONTROL/WAVE64_AUTONOMOUS_MODEL_INTELLIGENCE_AND_SELECTION_MASTER_PLAN.md,Full_Planning_Coverage,Static_Validated_Runtime_Deferred_By_Activation_Gate,Yes
W64-MI-258,Wave64,Autonomous_Model_Intelligence_Requirement,Copy-Ready and High-Value Pilot Qualification Tranche,pilot,release_and_adoption,W64-MI-REL,Yes,Yes_For_Policy_Calibration_And_Adjudication,No_Manual_Work_Required_For_Normal_Operation,Hash-verify and qualify the 187 Wave30 copy-ready candidates plus a stratified set of installed/high-value models across priority capability buckets.,Wave64 Rows221-260 additive child package,Schema_Registry_Service_Test_Evidence,"The pilot produces real bundles, A/B evidence, reports, scoped certificates, failures, cost measurements, and rollback without treating copy-ready as production-ready.",AUTONOMOUS_MODEL_INTELLIGENCE_QA_AND_PROMOTION_PROTOCOL,Yes,real pilot render/playback and evidence review,Yes,Yes,Yes,Yes_When_Resource_Profile_And_Authority_Pass,Fail_Closed_With_Typed_Blocker_And_Continue_Unrelated_Work,C:/Comfy_UI_Main/Plan,WAVE64_AUTONOMOUS_MODEL_INTELLIGENCE_AND_SELECTION_MASTER_PLAN.md,C:\Comfy_UI_Main\Plan\00_PROJECT_CONTROL\WAVE64_AUTONOMOUS_MODEL_INTELLIGENCE_AND_SELECTION_MASTER_PLAN.md,Row258,709,715,Copy-Ready and High-Value Pilot Qualification Tranche,wave64_autonomous_model_intelligence_rows221_260,Additive_Model_Intelligence_Plan,46999,P0,CRITICAL,Deferred_Pending_Complete_Model_Library_Download_Inventory_Verification_And_Main_Task_Acknowledgement,Wave30 archive audit plus Wave64 Rows165-220 gap analysis,"Planning-only. Dependencies: Row037, Row038, Row044, Row054, Row063, Row218, Row229, Row230, Row232, Row233, Row234, Row235, Row236, Row249, Row250, Row251, Row252, Row254, Row257; execution deferred by wave64_model_library_download_readiness_gate_v1",W64-MI-258,Plan/00_PROJECT_CONTROL/WAVE64_AUTONOMOUS_MODEL_INTELLIGENCE_AND_SELECTION_MASTER_PLAN.md,Full_Planning_Coverage,Static_Validated_Runtime_Deferred_By_Activation_Gate,Yes
W64-MI-259,Wave64,Autonomous_Model_Intelligence_Requirement,"Value, Coverage, Risk, and Uncertainty-Driven Library Expansion",progressive_expansion,release_and_adoption,W64-MI-REL,Yes,Yes_For_Policy_Calibration_And_Adjudication,No_Manual_Work_Required_For_Normal_Operation,"Expand qualification by production demand, capability gaps, model diversity, uncertainty, expected value of information, and resource budget rather than archive order.",Wave64 Rows221-260 additive child package,Schema_Registry_Service_Test_Evidence,"Coverage grows measurably while unqualified long-tail assets remain discoverable, on-demand-testable, and excluded from certified production routes.",AUTONOMOUS_MODEL_INTELLIGENCE_QA_AND_PROMOTION_PROTOCOL,Yes,"coverage, regret, cost, drift, and long-tail on-demand tests",Yes,Yes,Yes,Yes_When_Resource_Profile_And_Authority_Pass,Fail_Closed_With_Typed_Blocker_And_Continue_Unrelated_Work,C:/Comfy_UI_Main/Plan,WAVE64_AUTONOMOUS_MODEL_INTELLIGENCE_AND_SELECTION_MASTER_PLAN.md,C:\Comfy_UI_Main\Plan\00_PROJECT_CONTROL\WAVE64_AUTONOMOUS_MODEL_INTELLIGENCE_AND_SELECTION_MASTER_PLAN.md,Row259,717,723,"Value, Coverage, Risk, and Uncertainty-Driven Library Expansion",wave64_autonomous_model_intelligence_rows221_260,Additive_Model_Intelligence_Plan,46999,P0,CRITICAL,Deferred_Pending_Complete_Model_Library_Download_Inventory_Verification_And_Main_Task_Acknowledgement,Wave30 archive audit plus Wave64 Rows165-220 gap analysis,"Planning-only. Dependencies: Row219, Row233, Row234, Row236, Row239, Row240, Row242, Row243, Row244, Row249, Row251, Row252, Row254, Row258; execution deferred by wave64_model_library_download_readiness_gate_v1",W64-MI-259,Plan/00_PROJECT_CONTROL/WAVE64_AUTONOMOUS_MODEL_INTELLIGENCE_AND_SELECTION_MASTER_PLAN.md,Full_Planning_Coverage,Static_Validated_Runtime_Deferred_By_Activation_Gate,Yes
W64-MI-260,Wave64,Autonomous_Model_Intelligence_Requirement,Autonomous Model Intelligence Release Certification and Main-Task Adoption,release,release_and_adoption,W64-MI-REL,Yes,Yes_For_Policy_Calibration_And_Adjudication,No_Manual_Work_Required_For_Normal_Operation,"Certify schemas, stores, ingestion, bundles, qualification, selection, LLM roles, QA, reports, App UX, recovery, security, rollback, and preservation handoff.",Wave64 Rows221-260 additive child package,Schema_Registry_Service_Test_Evidence,Rows221-259 are traceable; runtime claims are evidence-backed; no critical gate is open; the main task formally adopts or rejects every additive artifact.,AUTONOMOUS_MODEL_INTELLIGENCE_QA_AND_PROMOTION_PROTOCOL,Yes,"independent end-to-end selection, generation, QA, report, recovery, and rollback review",Yes,Yes,Yes,Yes_When_Resource_Profile_And_Authority_Pass,Fail_Closed_With_Typed_Blocker_And_Continue_Unrelated_Work,C:/Comfy_UI_Main/Plan,WAVE64_AUTONOMOUS_MODEL_INTELLIGENCE_AND_SELECTION_MASTER_PLAN.md,C:\Comfy_UI_Main\Plan\00_PROJECT_CONTROL\WAVE64_AUTONOMOUS_MODEL_INTELLIGENCE_AND_SELECTION_MASTER_PLAN.md,Row260,725,731,Autonomous Model Intelligence Release Certification and Main-Task Adoption,wave64_autonomous_model_intelligence_rows221_260,Additive_Model_Intelligence_Plan,46999,P0,CRITICAL,Deferred_Pending_Complete_Model_Library_Download_Inventory_Verification_And_Main_Task_Acknowledgement,Wave30 archive audit plus Wave64 Rows165-220 gap analysis,"Planning-only. Dependencies: Row059, Row060, Row066, Row112, Row148, Row204, Row208, Row212, Row216, Row220, Row224, Row236, Row244, Row248, Row252, Row255, Row256, Row257, Row258, Row259; execution deferred by wave64_model_library_download_readiness_gate_v1",W64-MI-260,Plan/00_PROJECT_CONTROL/WAVE64_AUTONOMOUS_MODEL_INTELLIGENCE_AND_SELECTION_MASTER_PLAN.md,Full_Planning_Coverage,Static_Validated_Runtime_Deferred_By_Activation_Gate,Yes
